cluster_id,contour_id,point_index,x,y
0,0,0,571,1192
0,0,1,557,1195
0,0,2,550,1202
0,0,3,544,1203
0,0,4,516,1230
0,0,5,502,1240
0,0,6,488,1244
0,0,7,488,1248
0,0,8,474,1258
0,0,9,458,1276
0,0,10,424,1337
0,0,11,427,1356
0,0,12,433,1369
0,0,13,430,1372
0,0,14,426,1370
0,0,15,416,1346
0,0,16,369,1368
0,0,17,343,1392
0,0,18,342,1398
0,0,19,326,1419
0,0,20,311,1448
0,0,21,311,1455
0,0,22,391,1455
0,0,23,440,1394
0,0,24,441,1390
0,0,25,433,1384
0,0,26,432,1377
0,0,27,437,1376
0,0,28,443,1386
0,0,29,454,1381
0,0,30,478,1343
0,0,31,522,1290
0,0,32,521,1281
0,0,33,535,1278
0,0,34,592,1233
0,0,35,588,1228
0,0,36,569,1231
0,0,37,558,1219
0,0,38,552,1219
0,0,39,538,1231
0,0,40,533,1229
0,0,41,547,1215
0,0,42,567,1203
0,0,43,573,1196
0,1,0,801,1106
0,1,1,792,1089
0,1,2,780,1076
0,1,3,777,1076
0,1,4,770,1067
0,1,5,766,1066
0,1,6,762,1072
0,1,7,743,1086
0,1,8,721,1098
0,1,9,715,1104
0,1,10,709,1106
0,1,11,699,1114
0,1,12,689,1118
0,1,13,672,1132
0,1,14,653,1142
0,1,15,633,1156
0,1,16,615,1164
0,1,17,608,1170
0,1,18,585,1182
0,1,19,584,1186
0,1,20,586,1191
0,1,21,582,1195
0,1,22,580,1201
0,1,23,582,1203
0,1,24,590,1204
0,1,25,601,1200
0,1,26,601,1198
0,1,27,590,1191
0,1,28,594,1186
0,1,29,604,1193
0,1,30,604,1197
0,1,31,610,1203
0,1,32,610,1216
0,1,33,614,1216
0,1,34,615,1206
0,1,35,621,1200
0,1,36,624,1204
0,1,37,623,1208
0,1,38,626,1211
0,1,39,647,1199
0,1,40,652,1194
0,1,41,675,1183
0,1,42,682,1177
0,1,43,690,1175
0,1,44,701,1164
0,1,45,709,1163
0,1,46,731,1154
0,1,47,768,1134
0,1,48,785,1121
0,1,49,794,1118
0,1,50,801,1111
0,2,0,279,906
0,2,1,270,905
0,2,2,240,916
0,2,3,226,926
0,2,4,227,935
0,2,5,224,939
0,2,6,205,948
0,2,7,195,948
0,2,8,184,953
0,2,9,149,953
0,2,10,132,948
0,2,11,112,952
0,2,12,102,963
0,2,13,92,988
0,2,14,64,1008
0,2,15,39,1047
0,2,16,6,1067
0,2,17,7,1134
0,2,18,39,1113
0,2,19,47,1104
0,2,20,55,1103
0,2,21,61,1098
0,2,22,72,1099
0,2,23,69,1104
0,2,24,56,1106
0,2,25,10,1140
0,2,26,6,1151
0,2,27,12,1151
0,2,28,70,1112
0,2,29,105,1093
0,2,30,153,1079
0,2,31,183,1055
0,2,32,199,1025
0,2,33,219,997
0,2,34,216,985
0,2,35,229,978
0,2,36,252,941
0,2,37,267,922
0,2,38,279,914
0,3,0,833,574
0,3,1,826,572
0,3,2,819,566
0,3,3,810,566
0,3,4,802,560
0,3,5,795,561
0,3,6,784,554
0,3,7,776,554
0,3,8,769,547
0,3,9,748,570
0,3,10,735,580
0,3,11,678,608
0,3,12,670,621
0,3,13,663,613
0,3,14,628,624
0,3,15,620,629
0,3,16,619,634
0,3,17,623,652
0,3,18,622,659
0,3,19,632,696
0,3,20,637,698
0,3,21,659,686
0,3,22,679,681
0,3,23,684,675
0,3,24,691,678
0,3,25,710,676
0,3,26,728,678
0,3,27,734,675
0,3,28,742,679
0,3,29,746,677
0,3,30,750,662
0,3,31,745,654
0,3,32,745,648
0,3,33,749,644
0,3,34,756,646
0,3,35,757,643
0,3,36,746,639
0,3,37,744,635
0,3,38,748,632
0,3,39,755,633
0,3,40,758,626
0,3,41,767,621
0,3,42,776,623
0,3,43,794,639
0,3,44,794,642
0,3,45,790,644
0,3,46,780,635
0,3,47,780,632
0,3,48,775,630
0,3,49,771,631
0,3,50,769,639
0,3,51,775,651
0,3,52,774,658
0,3,53,777,665
0,3,54,777,670
0,3,55,772,674
0,3,56,773,677
0,3,57,788,673
0,3,58,799,661
0,3,59,794,647
0,3,60,797,644
0,3,61,803,647
0,3,62,806,645
0,3,63,807,636
0,3,64,822,606
0,4,0,1653,534
0,4,1,1626,535
0,4,2,1625,520
0,4,3,1611,518
0,4,4,1571,553
0,4,5,1579,534
0,4,6,1524,566
0,4,7,1545,591
0,4,8,1515,572
0,4,9,1416,640
0,4,10,1283,711
0,4,11,1067,858
0,4,12,1068,873
0,4,13,1054,865
0,4,14,972,923
0,4,15,991,925
0,4,16,990,931
0,4,17,962,938
0,4,18,955,948
0,4,19,944,944
0,4,20,780,1062
0,4,21,806,1099
0,4,22,817,1102
0,4,23,925,1017
0,4,24,1046,939
0,4,25,1001,931
0,4,26,1001,924
0,4,27,1050,933
0,4,28,1075,927
0,4,29,1077,902
0,4,30,1088,918
0,4,31,1100,898
0,4,32,1104,906
0,4,33,1125,893
0,4,34,1104,898
0,4,35,1106,889
0,4,36,1134,879
0,4,37,1158,855
0,4,38,1160,866
0,4,39,1187,850
0,4,40,1179,846
0,4,41,1163,856
0,4,42,1167,846
0,4,43,1203,837
0,4,44,1217,820
0,4,45,1227,824
0,4,46,1365,737
0,4,47,1382,709
0,4,48,1385,720
0,4,49,1408,709
0,4,50,1424,677
0,4,51,1429,687
0,4,52,1561,588
0,4,53,1566,572
0,4,54,1574,583
0,5,0,916,450
0,5,1,904,434
0,5,2,899,430
0,5,3,894,428
0,5,4,888,423
0,5,5,880,421
0,5,6,875,422
0,5,7,869,427
0,5,8,866,434
0,5,9,859,436
0,5,10,856,439
0,5,11,855,444
0,5,12,847,449
0,5,13,845,456
0,5,14,830,473
0,5,15,822,477
0,5,16,821,485
0,5,17,806,499
0,5,18,802,508
0,5,19,792,517
0,5,20,784,527
0,5,21,782,532
0,5,22,773,542
0,5,23,773,544
0,5,24,778,545
0,5,25,787,553
0,5,26,794,552
0,5,27,799,554
0,5,28,805,559
0,5,29,813,558
0,5,30,822,562
0,5,31,827,562
0,5,32,838,569
0,5,33,867,538
0,5,34,895,517
0,5,35,907,511
0,5,36,926,495
0,5,37,925,478
0,5,38,923,475
0,5,39,924,473
0,5,40,920,465
0,5,41,920,461
0,6,0,2091,405
0,6,1,2045,455
0,6,2,1904,537
0,6,3,1913,553
0,6,4,1886,585
0,6,5,1853,590
0,6,6,1875,551
0,6,7,1857,578
0,6,8,1774,621
0,6,9,1671,749
0,6,10,1623,769
0,6,11,1655,766
0,6,12,1646,797
0,6,13,1613,803
0,6,14,1593,784
0,6,15,1550,808
0,6,16,1570,812
0,6,17,1568,840
0,6,18,1522,865
0,6,19,1535,812
0,6,20,1424,854
0,6,21,1475,861
0,6,22,1486,886
0,6,23,1453,885
0,6,24,1450,869
0,6,25,1439,879
0,6,26,1438,862
0,6,27,1416,859
0,6,28,1174,980
0,6,29,1067,1115
0,6,30,984,1165
0,6,31,908,1187
0,6,32,920,1202
0,6,33,896,1193
0,6,34,763,1273
0,6,35,667,1360
0,6,36,595,1455
0,6,37,614,1455
0,6,38,634,1419
0,6,39,622,1455
0,6,40,676,1455
0,6,41,936,1269
0,6,42,937,1249
0,6,43,954,1255
0,6,44,1098,1140
0,6,45,1138,1125
0,6,46,1124,1080
0,6,47,1153,1050
0,6,48,1132,1086
0,6,49,1150,1120
0,6,50,1270,1053
0,6,51,1433,928
0,6,52,1508,895
0,6,53,1778,822
0,6,54,1897,777
0,6,55,1902,749
0,6,56,1916,754
0,6,57,1911,774
0,6,58,2088,746
0,7,0,2016,351
0,7,1,2013,348
0,7,2,2000,355
0,7,3,1998,370
0,7,4,1993,366
0,7,5,1992,360
0,7,6,1986,358
0,7,7,1931,373
0,7,8,1928,380
0,7,9,1922,384
0,7,10,1913,383
0,7,11,1907,387
0,7,12,1880,390
0,7,13,1870,399
0,7,14,1866,411
0,7,15,1858,408
0,7,16,1796,440
0,7,17,1786,455
0,7,18,1767,465
0,7,19,1762,474
0,7,20,1751,480
0,7,21,1745,476
0,7,22,1735,477
0,7,23,1651,500
0,7,24,1637,509
0,7,25,1644,506
0,7,26,1656,509
0,7,27,1662,506
0,7,28,1671,518
0,7,29,1680,524
0,7,30,1701,517
0,7,31,1747,494
0,7,32,1755,484
0,7,33,1765,484
0,7,34,1765,475
0,7,35,1768,472
0,7,36,1782,470
0,7,37,1780,465
0,7,38,1783,458
0,7,39,1787,457
0,7,40,1789,460
0,7,41,1786,470
0,7,42,1789,471
0,7,43,1853,441
0,7,44,1863,433
0,7,45,1865,413
0,7,46,1869,414
0,7,47,1869,429
0,7,48,1872,432
0,7,49,1892,422
0,7,50,1957,401
0,7,51,1962,394
0,7,52,1970,397
0,7,53,1985,392
0,7,54,2000,383
0,7,55,2001,371
0,7,56,2007,374
0,7,57,2012,371
0,7,58,2017,359
0,8,0,2091,305
0,8,1,2090,304
0,8,2,2088,304
0,8,3,2087,305
0,8,4,2086,305
0,8,5,2081,310
0,8,6,2080,310
0,8,7,2077,313
0,8,8,2076,313
0,8,9,2072,316
0,8,10,2071,316
0,8,11,2068,319
0,8,12,2067,319
0,8,13,2064,321
0,8,14,2062,321
0,8,15,2053,326
0,8,16,2051,326
0,8,17,2046,330
0,8,18,2031,337
0,8,19,2025,343
0,8,20,2025,350
0,8,21,2024,351
0,8,22,2024,354
0,8,23,2023,355
0,8,24,2023,357
0,8,25,2021,360
0,8,26,2021,364
0,8,27,2023,366
0,8,28,2025,366
0,8,29,2029,363
0,8,30,2034,361
0,8,31,2034,360
0,8,32,2038,357
0,8,33,2043,355
0,8,34,2043,354
0,8,35,2045,352
0,8,36,2045,351
0,8,37,2052,344
0,8,38,2053,344
0,8,39,2062,335
0,8,40,2063,335
0,8,41,2065,333
0,8,42,2070,331
0,8,43,2077,323
0,8,44,2078,323
0,8,45,2081,321
0,8,46,2084,321
0,8,47,2086,323
0,8,48,2087,323
0,8,49,2087,316
0,8,50,2092,308
0,9,0,9,62
0,9,1,9,63
0,9,2,8,64
0,9,3,8,66
0,9,4,7,67
0,9,5,7,75
0,9,6,9,77
0,9,7,9,78
0,9,8,10,78
0,9,9,12,80
0,9,10,13,80
0,9,11,14,81
0,9,12,15,81
0,9,13,16,82
0,9,14,17,82
0,9,15,18,83
0,9,16,21,83
0,9,17,22,84
0,9,18,28,84
0,9,19,30,82
0,9,20,30,78
0,9,21,29,77
0,9,22,29,76
0,9,23,28,76
0,9,24,26,74
0,9,25,25,74
0,9,26,24,73
0,9,27,14,73
0,9,28,12,71
0,9,29,12,70
0,9,30,11,69
0,9,31,11,67
0,9,32,12,66
0,9,33,12,62
0,10,0,34,37
0,10,1,33,38
0,10,2,33,41
0,10,3,35,43
0,10,4,35,44
0,10,5,36,45
0,10,6,36,49
0,10,7,37,50
0,10,8,37,51
0,10,9,39,53
0,10,10,41,53
0,10,11,42,54
0,10,12,44,54
0,10,13,45,55
0,10,14,49,55
0,10,15,51,53
0,10,16,51,52
0,10,17,52,51
0,10,18,52,48
0,10,19,53,47
0,10,20,53,46
0,10,21,54,45
0,10,22,54,43
0,10,23,55,42
0,10,24,54,41
0,10,25,51,41
0,10,26,50,42
0,10,27,49,42
0,10,28,47,44
0,10,29,46,44
0,10,30,45,43
0,10,31,42,43
0,10,32,40,41
0,10,33,39,41
0,10,34,37,39
0,10,35,37,38
0,10,36,36,37
0,11,0,1594,49
0,11,1,1555,32
0,11,2,1522,48
0,11,3,1520,63
0,11,4,1444,105
0,11,5,1368,104
0,11,6,1338,131
0,11,7,1306,176
0,11,8,1262,181
0,11,9,1244,196
0,11,10,1241,211
0,11,11,1234,204
0,11,12,1121,272
0,11,13,1100,296
0,11,14,1129,344
0,11,15,1154,368
0,11,16,1145,368
0,11,17,1124,347
0,11,18,1119,372
0,11,19,1100,388
0,11,20,1108,397
0,11,21,1106,402
0,11,22,1092,393
0,11,23,1076,392
0,11,24,1024,411
0,11,25,1011,435
0,11,26,1004,474
0,11,27,1019,474
0,11,28,1048,458
0,11,29,1113,400
0,11,30,1141,381
0,11,31,1151,386
0,11,32,1148,378
0,11,33,1156,370
0,11,34,1161,374
0,11,35,1159,381
0,11,36,1171,378
0,11,37,1271,316
0,11,38,1328,273
0,11,39,1362,229
0,11,40,1373,228
0,11,41,1396,210
0,11,42,1415,211
0,11,43,1434,197
0,11,44,1546,88
0,11,45,1551,77
0,11,46,1559,77
0,12,0,55,25
0,12,1,56,26
0,12,2,56,27
0,12,3,58,29
0,12,4,67,29
0,12,5,68,28
0,12,6,71,27
0,12,7,74,24
0,12,8,75,24
0,12,9,77,22
0,12,10,78,22
0,12,11,81,20
0,12,12,84,20
0,12,13,85,19
0,12,14,86,19
0,12,15,87,18
0,12,16,87,15
0,12,17,89,13
0,12,18,91,13
0,12,19,92,12
0,12,20,93,12
0,12,21,94,13
0,12,22,97,13
0,12,23,98,12
0,12,24,99,12
0,12,25,100,11
0,12,26,100,10
0,12,27,104,6
0,12,28,105,6
0,12,29,106,5
0,12,30,109,5
0,12,31,109,3
0,12,32,97,3
0,12,33,96,2
0,12,34,74,2
0,12,35,73,3
0,12,36,72,3
0,12,37,72,6
0,12,38,79,6
0,12,39,80,7
0,12,40,81,7
0,12,41,83,9
0,12,42,84,9
0,12,43,85,10
0,12,44,85,12
0,12,45,83,14
0,12,46,77,14
0,12,47,72,11
0,12,48,63,11
0,12,49,62,12
0,12,50,61,12
0,12,51,58,15
0,12,52,55,16
0,12,53,53,18
0,12,54,55,21
1,0,0,649,768
1,0,1,638,760
1,0,2,611,779
1,0,3,577,786
1,0,4,518,787
1,0,5,479,797
1,0,6,431,831
1,0,7,401,869
1,0,8,396,887
1,0,9,390,884
1,0,10,361,904
1,0,11,293,907
1,0,12,280,913
1,0,13,242,959
1,0,14,230,986
1,0,15,208,1013
1,0,16,212,1011
1,0,17,192,1047
1,0,18,199,1052
1,0,19,195,1057
1,0,20,185,1054
1,0,21,178,1070
1,0,22,166,1080
1,0,23,102,1101
1,0,24,0,1160
1,0,25,0,1219
1,0,26,9,1222
1,0,27,38,1205
1,0,28,47,1208
1,0,29,257,1087
1,0,30,310,1048
1,0,31,347,978
1,0,32,395,940
1,0,33,401,929
1,0,34,409,933
1,0,35,466,912
1,0,36,518,885
1,0,37,586,831
1,0,38,591,821
1,0,39,648,781
1,1,0,2093,753
1,1,1,1922,771
1,1,2,1720,845
1,1,3,1498,905
1,1,4,1410,953
1,1,5,1225,1087
1,1,6,1154,1120
1,1,7,1150,1137
1,1,8,1134,1132
1,1,9,1115,1154
1,1,10,1042,1191
1,1,11,1021,1216
1,1,12,685,1455
1,1,13,883,1455
1,1,14,1032,1386
1,1,15,1160,1282
1,1,16,1246,1229
1,1,17,1257,1233
1,1,18,1326,1199
1,1,19,1385,1144
1,1,20,1554,1042
1,1,21,1567,1023
1,1,22,1560,1014
1,1,23,1570,1011
1,1,24,1567,969
1,1,25,1587,951
1,1,26,1716,924
1,1,27,1886,838
1,1,28,1982,807
1,1,29,2090,832
1,2,0,2042,0
1,2,1,1658,0
1,2,2,1277,318
1,2,3,975,515
1,2,4,929,501
1,2,5,869,543
1,2,6,811,669
1,2,7,636,705
1,2,8,659,770
1,2,9,757,725
1,2,10,904,617
1,2,11,1066,559
1,2,12,1337,328
1,2,13,1430,282
1,2,14,1528,272
1,2,15,1586,323
1,2,16,1590,366
1,2,17,1542,450
1,2,18,1379,608
1,2,19,1048,804
1,2,20,915,920
1,2,21,727,1013
1,2,22,742,1038
1,2,23,717,1021
1,2,24,540,1167
1,2,25,326,1271
1,2,26,257,1332
1,2,27,0,1417
1,2,28,0,1451
1,2,29,304,1455
1,2,30,356,1369
1,2,31,411,1344
1,2,32,523,1205
1,2,33,762,1071
1,2,34,743,1037
1,2,35,780,1058
1,2,36,1507,561
1,2,37,2080,305
1,2,38,2093,110
1,2,39,2043,104
2,0,0,240,1223
2,0,1,238,1223
2,0,2,237,1224
2,0,3,235,1224
2,0,4,232,1227
2,0,5,231,1227
2,0,6,231,1229
2,0,7,230,1230
2,0,8,230,1234
2,0,9,231,1235
2,0,10,231,1239
2,0,11,232,1240
2,0,12,232,1241
2,0,13,231,1242
2,0,14,231,1243
2,0,15,230,1244
2,0,16,231,1245
2,0,17,231,1246
2,0,18,232,1247
2,0,19,233,1247
2,0,20,235,1245
2,0,21,236,1245
2,0,22,236,1238
2,0,23,235,1237
2,0,24,236,1236
2,0,25,236,1234
2,0,26,235,1233
2,0,27,236,1232
2,0,28,236,1231
2,0,29,237,1230
2,0,30,237,1228
2,0,31,240,1225
2,1,0,1415,1220
2,1,1,1413,1222
2,1,2,1413,1226
2,1,3,1414,1227
2,1,4,1414,1235
2,1,5,1412,1237
2,1,6,1411,1237
2,1,7,1411,1238
2,1,8,1410,1239
2,1,9,1410,1240
2,1,10,1414,1240
2,1,11,1415,1239
2,1,12,1416,1240
2,1,13,1417,1239
2,1,14,1419,1239
2,1,15,1420,1240
2,1,16,1420,1243
2,1,17,1429,1243
2,1,18,1429,1242
2,1,19,1430,1241
2,1,20,1430,1240
2,1,21,1429,1240
2,1,22,1428,1239
2,1,23,1426,1239
2,1,24,1425,1238
2,1,25,1421,1238
2,1,26,1419,1236
2,1,27,1421,1234
2,1,28,1421,1231
2,1,29,1422,1230
2,1,30,1421,1229
2,1,31,1421,1228
2,1,32,1422,1227
2,1,33,1422,1226
2,1,34,1421,1225
2,1,35,1421,1223
2,1,36,1420,1222
2,1,37,1420,1221
2,1,38,1418,1221
2,1,39,1417,1220
2,2,0,165,1220
2,2,1,165,1223
2,2,2,191,1223
2,2,3,191,1221
2,2,4,190,1220
2,3,0,1309,1140
2,3,1,1308,1141
2,3,2,1305,1141
2,3,3,1304,1140
2,3,4,1301,1140
2,3,5,1300,1141
2,3,6,1299,1141
2,3,7,1298,1142
2,3,8,1297,1141
2,3,9,1295,1141
2,3,10,1295,1146
2,3,11,1291,1150
2,3,12,1291,1153
2,3,13,1292,1154
2,3,14,1291,1153
2,3,15,1291,1152
2,3,16,1292,1151
2,3,17,1292,1150
2,3,18,1293,1149
2,3,19,1295,1149
2,3,20,1297,1151
2,3,21,1297,1152
2,3,22,1300,1149
2,3,23,1301,1149
2,3,24,1302,1148
2,3,25,1302,1146
2,3,26,1304,1144
2,3,27,1305,1144
2,4,0,1984,854
2,4,1,1983,855
2,4,2,1982,855
2,4,3,1982,856
2,4,4,1980,858
2,4,5,1980,859
2,4,6,1979,860
2,4,7,1979,861
2,4,8,1976,864
2,4,9,1976,869
2,4,10,1977,870
2,4,11,1977,873
2,4,12,1979,875
2,4,13,1986,875
2,4,14,1987,876
2,4,15,1990,876
2,4,16,1991,875
2,4,17,1992,875
2,4,18,1995,872
2,4,19,1995,871
2,4,20,1996,870
2,4,21,1996,868
2,4,22,1995,867
2,4,23,1995,860
2,4,24,1990,860
2,4,25,1989,861
2,4,26,1987,861
2,4,27,1986,860
2,4,28,1986,859
2,4,29,1985,858
2,4,30,1985,855
2,5,0,2095,832
2,5,1,1982,808
2,5,2,1886,839
2,5,3,1716,925
2,5,4,1587,952
2,5,5,1566,975
2,5,6,1573,976
2,5,7,1568,1023
2,5,8,1538,1061
2,5,9,1536,1054
2,5,10,1384,1146
2,5,11,1347,1186
2,5,12,1262,1231
2,5,13,1265,1241
2,5,14,1246,1230
2,5,15,1160,1283
2,5,16,1038,1386
2,5,17,968,1410
2,5,18,884,1455
2,5,19,1115,1455
2,5,20,1146,1432
2,5,21,1140,1418
2,5,22,1161,1425
2,5,23,1223,1382
2,5,24,1292,1310
2,5,25,1326,1250
2,5,26,1362,1224
2,5,27,1427,1205
2,5,28,1458,1177
2,5,29,1462,1155
2,5,30,1468,1164
2,5,31,1543,1108
2,5,32,1736,1005
2,5,33,1954,850
2,5,34,1988,839
2,5,35,2021,847
2,5,36,2093,893
2,6,0,653,775
2,6,1,505,894
2,6,2,405,932
2,6,3,402,1021
2,6,4,398,937
2,6,5,348,978
2,6,6,311,1048
2,6,7,205,1131
2,6,8,23,1221
2,6,9,0,1220
2,6,10,12,1241
2,6,11,125,1200
2,6,12,206,1186
2,6,13,218,1200
2,6,14,221,1190
2,6,15,232,1202
2,6,16,250,1195
2,6,17,273,1227
2,6,18,254,1273
2,6,19,206,1315
2,6,20,108,1367
2,6,21,0,1388
2,6,22,7,1416
2,6,23,259,1330
2,6,24,323,1264
2,6,25,525,1175
2,6,26,720,1019
2,6,27,702,965
2,6,28,686,970
2,6,29,692,982
2,6,30,669,972
2,6,31,657,1016
2,6,32,635,1037
2,6,33,530,1089
2,6,34,500,1125
2,6,35,434,1153
2,6,36,433,1165
2,6,37,358,1194
2,6,38,302,1188
2,6,39,284,1131
2,6,40,352,1073
2,6,41,354,1052
2,6,42,362,1061
2,6,43,399,1029
2,6,44,455,1009
2,6,45,448,995
2,6,46,480,986
2,6,47,478,967
2,6,48,485,983
2,6,49,532,970
2,6,50,544,981
2,6,51,586,963
2,6,52,648,892
2,6,53,708,849
2,7,0,1571,300
2,7,1,1546,280
2,7,2,1512,270
2,7,3,1461,273
2,7,4,1404,295
2,7,5,1339,333
2,7,6,1167,485
2,7,7,1066,560
2,7,8,1015,590
2,7,9,964,603
2,7,10,968,613
2,7,11,945,603
2,7,12,904,618
2,7,13,769,719
2,7,14,662,771
2,7,15,718,842
2,7,16,764,817
2,7,17,790,830
2,7,18,811,859
2,7,19,785,900
2,7,20,789,910
2,7,21,713,965
2,7,22,715,992
2,7,23,726,988
2,7,24,719,999
2,7,25,726,1014
2,7,26,779,971
2,7,27,915,919
2,7,28,1012,843
2,7,29,1040,805
2,7,30,1104,779
2,7,31,1201,713
2,7,32,1203,694
2,7,33,1207,707
2,7,34,1300,657
2,7,35,1298,649
2,7,36,1332,623
2,7,37,1380,602
2,7,38,1389,584
2,7,39,1392,593
2,7,40,1435,563
2,7,41,1518,479
2,7,42,1573,401
2,7,43,1591,345
2,8,0,1727,48
2,8,1,1724,48
2,8,2,1723,49
2,8,3,1720,49
2,8,4,1717,52
2,8,5,1715,52
2,8,6,1714,53
2,8,7,1713,53
2,8,8,1712,54
2,8,9,1710,54
2,8,10,1712,56
2,8,11,1712,68
2,8,12,1713,67
2,8,13,1715,67
2,8,14,1717,65
2,8,15,1718,65
2,8,16,1720,63
2,8,17,1720,62
2,8,18,1721,61
2,8,19,1721,59
2,8,20,1723,57
2,8,21,1724,57
2,8,22,1724,56
2,8,23,1722,54
2,8,24,1721,54
2,8,25,1720,53
2,8,26,1724,49
2,8,27,1725,49
2,8,28,1726,48
3,0,0,631,748
3,0,1,605,715
3,0,2,580,690
3,0,3,533,663
3,0,4,507,655
3,0,5,493,668
3,0,6,477,665
3,0,7,474,668
3,0,8,482,681
3,0,9,480,696
3,0,10,474,699
3,0,11,469,698
3,0,12,460,689
3,0,13,450,665
3,0,14,444,665
3,0,15,426,699
3,0,16,413,710
3,0,17,400,828
3,0,18,401,841
3,0,19,405,841
3,0,20,408,846
3,0,21,399,854
3,0,22,401,868
3,0,23,404,864
3,0,24,402,861
3,0,25,407,860
3,0,26,430,832
3,0,27,430,826
3,0,28,434,822
3,0,29,437,824
3,0,30,452,808
3,0,31,455,810
3,0,32,461,806
3,0,33,459,805
3,0,34,461,802
3,0,35,466,802
3,0,36,463,805
3,0,37,472,800
3,0,38,469,799
3,0,39,475,795
3,0,40,476,798
3,0,41,484,795
3,0,42,484,791
3,0,43,496,788
3,0,44,497,791
3,0,45,517,787
3,0,46,518,783
3,0,47,519,786
3,0,48,565,784
3,0,49,565,780
3,0,50,583,782
3,0,51,612,777
3,0,52,609,776
3,0,53,612,773
3,0,54,619,771
3,0,55,619,774
3,0,56,634,763
3,0,57,629,767
3,0,58,630,759
3,0,59,621,754
3,0,60,624,751
3,0,61,629,752
3,1,0,410,654
3,1,1,384,659
3,1,2,349,646
3,1,3,326,649
3,1,4,288,663
3,1,5,262,689
3,1,6,250,691
3,1,7,246,702
3,1,8,259,729
3,1,9,260,746
3,1,10,242,797
3,1,11,231,790
3,1,12,223,742
3,1,13,212,716
3,1,14,186,701
3,1,15,183,711
3,1,16,195,727
3,1,17,187,737
3,1,18,174,737
3,1,19,171,746
3,1,20,209,769
3,1,21,204,779
3,1,22,186,779
3,1,23,207,812
3,1,24,197,825
3,1,25,163,817
3,1,26,160,830
3,1,27,167,851
3,1,28,191,854
3,1,29,195,860
3,1,30,172,875
3,1,31,141,868
3,1,32,120,894
3,1,33,99,903
3,1,34,28,897
3,1,35,38,906
3,1,36,61,907
3,1,37,72,921
3,1,38,5,926
3,1,39,5,1053
3,1,40,14,1054
3,1,41,36,1041
3,1,42,55,1005
3,1,43,86,985
3,1,44,94,960
3,1,45,112,940
3,1,46,177,943
3,1,47,240,907
3,1,48,237,900
3,1,49,245,896
3,1,50,252,901
3,1,51,288,899
3,1,52,301,904
3,1,53,297,907
3,1,54,364,902
3,1,55,391,883
3,1,56,393,849
3,1,57,384,835
3,1,58,394,835
3,2,0,971,484
3,2,1,970,484
3,2,2,969,483
3,2,3,966,483
3,2,4,964,485
3,2,5,964,486
3,2,6,959,491
3,2,7,959,492
3,2,8,950,501
3,2,9,950,503
3,2,10,951,504
3,2,11,951,507
3,2,12,950,508
3,2,13,965,508
3,2,14,964,508
3,2,15,963,507
3,2,16,963,505
3,2,17,964,504
3,2,18,966,504
3,2,19,967,503
3,2,20,968,503
3,2,21,969,502
3,2,22,970,503
3,2,23,971,502
3,2,24,973,502
3,2,25,974,503
3,2,26,973,504
3,2,27,973,505
3,2,28,975,503
3,2,29,976,503
3,2,30,976,502
3,2,31,975,501
3,2,32,976,500
3,2,33,976,497
3,2,34,977,496
3,2,35,976,495
3,2,36,976,494
3,2,37,974,492
3,2,38,974,491
3,2,39,973,490
3,2,40,973,488
3,2,41,972,487
3,2,42,972,486
3,2,43,971,485
3,3,0,795,95
3,3,1,759,118
3,3,2,721,95
3,3,3,713,267
3,3,4,682,319
3,3,5,669,314
3,3,6,660,281
3,3,7,634,269
3,3,8,632,242
3,3,9,597,223
3,3,10,613,271
3,3,11,597,290
3,3,12,616,351
3,3,13,603,381
3,3,14,593,384
3,3,15,577,361
3,3,16,562,258
3,3,17,527,266
3,3,18,517,254
3,3,19,520,197
3,3,20,509,192
3,3,21,444,277
3,3,22,432,311
3,3,23,445,358
3,3,24,472,380
3,3,25,461,380
3,3,26,466,413
3,3,27,442,448
3,3,28,420,455
3,3,29,391,411
3,3,30,331,411
3,3,31,339,441
3,3,32,390,471
3,3,33,383,514
3,3,34,446,542
3,3,35,461,593
3,3,36,402,561
3,3,37,381,566
3,3,38,395,585
3,3,39,432,604
3,3,40,450,632
3,3,41,498,640
3,3,42,567,673
3,3,43,634,742
3,3,44,639,725
3,3,45,622,694
3,3,46,600,588
3,3,47,602,474
3,3,48,640,416
3,3,49,680,393
3,3,50,679,382
3,3,51,743,410
3,3,52,758,406
3,3,53,750,417
3,3,54,786,431
3,3,55,878,403
3,3,56,919,440
3,3,57,941,505
3,3,58,972,465
3,3,59,956,421
3,3,60,968,375
3,3,61,939,370
3,3,62,934,337
3,3,63,893,311
3,3,64,906,255
3,3,65,879,163
3,3,66,859,249
3,3,67,832,263
3,3,68,809,251
3,3,69,796,211
3,3,70,832,171
3,3,71,816,155
3,3,72,823,111
3,4,0,75,88
3,4,1,71,135
3,4,2,5,167
3,4,3,4,605
3,4,4,18,621
3,4,5,23,657
3,4,6,36,653
3,4,7,37,619
3,4,8,47,608
3,4,9,70,638
3,4,10,82,628
3,4,11,65,619
3,4,12,102,599
3,4,13,95,562
3,4,14,108,521
3,4,15,80,474
3,4,16,96,470
3,4,17,124,489
3,4,18,139,520
3,4,19,135,557
3,4,20,171,552
3,4,21,175,536
3,4,22,144,524
3,4,23,146,505
3,4,24,129,479
3,4,25,129,465
3,4,26,143,462
3,4,27,164,483
3,4,28,193,481
3,4,29,196,424
3,4,30,189,420
3,4,31,189,456
3,4,32,180,462
3,4,33,163,442
3,4,34,150,343
3,4,35,132,329
3,4,36,28,377
3,4,37,12,370
3,4,38,12,358
3,4,39,59,326
3,4,40,61,306
3,4,41,91,303
3,4,42,91,274
3,4,43,106,261
3,4,44,121,292
3,4,45,157,290
3,4,46,191,275
3,4,47,197,260
3,4,48,186,237
3,4,49,235,207
3,4,50,241,189
3,4,51,234,163
3,4,52,207,147
3,4,53,167,175
3,4,54,150,169
3,4,55,84,205
3,4,56,74,166
3,4,57,101,144
3,5,0,2043,0
3,5,1,2043,3
3,5,2,2044,4
3,5,3,2044,104
3,5,4,2047,107
3,5,5,2083,106
3,5,6,2084,107
3,5,7,2091,107
3,5,8,2093,109
3,5,9,2093,108
3,5,10,2095,107
3,5,11,2095,0
3,6,0,1577,0
3,6,1,1577,1
3,6,2,1579,3
3,6,3,1582,4
3,6,4,1591,13
3,6,5,1592,13
3,6,6,1596,17
3,6,7,1597,17
3,6,8,1612,32
3,6,9,1613,34
3,6,10,1615,35
3,6,11,1622,35
3,6,12,1624,33
3,6,13,1625,35
3,6,14,1623,37
3,6,15,1622,37
3,6,16,1621,39
3,6,17,1626,35
3,6,18,1628,34
3,6,19,1630,34
3,6,20,1631,33
3,6,21,1631,31
3,6,22,1633,27
3,6,23,1636,24
3,6,24,1637,24
3,6,25,1635,24
3,6,26,1632,21
3,6,27,1632,17
3,6,28,1635,14
3,6,29,1640,15
3,6,30,1642,13
3,6,31,1642,12
3,6,32,1651,3
3,6,33,1652,0
3,6,34,1640,0
3,6,35,1640,8
3,6,36,1637,11
3,6,37,1636,11
3,6,38,1634,9
3,6,39,1634,0
3,7,0,982,498
3,7,1,1003,470
3,7,2,999,442
3,7,3,1017,402
3,7,4,1022,414
3,7,5,1031,399
3,7,6,1066,386
3,7,7,1063,377
3,7,8,1081,387
3,7,9,1112,367
3,7,10,1110,330
3,7,11,1088,309
3,7,12,1098,306
3,7,13,1090,292
3,7,14,1090,168
3,7,15,1097,160
3,7,16,1147,152
3,7,17,1210,117
3,7,18,1256,168
3,7,19,1283,172
3,7,20,1317,148
3,7,21,1352,103
3,7,22,1380,89
3,7,23,1424,99
3,7,24,1456,94
3,7,25,1512,47
3,7,26,1524,47
3,7,27,1525,37
3,7,28,1553,24
3,7,29,1594,40
3,7,30,1610,35
3,7,31,1575,0
3,7,32,1002,0
3,7,33,1015,18
3,7,34,1002,44
3,7,35,1014,43
3,7,36,1032,18
3,7,37,1061,54
3,7,38,1059,84
3,7,39,1111,77
3,7,40,1123,87
3,7,41,1098,95
3,7,42,1077,123
3,7,43,1018,148
3,7,44,985,141
3,7,45,972,157
3,7,46,964,152
3,7,47,965,105
3,7,48,955,92
3,7,49,952,157
3,7,50,962,185
3,7,51,908,230
3,7,52,912,264
3,7,53,900,311
3,7,54,941,334
3,7,55,941,363
3,7,56,975,374
3,7,57,963,421
3,7,58,977,445
3,8,0,78,87
3,8,1,82,96
3,8,2,89,98
3,8,3,92,119
3,8,4,108,144
3,8,5,142,117
3,8,6,158,116
3,8,7,184,105
3,8,8,188,98
3,8,9,184,85
3,8,10,186,72
3,8,11,214,54
3,8,12,224,63
3,8,13,220,71
3,8,14,224,94
3,8,15,267,110
3,8,16,284,102
3,8,17,288,88
3,8,18,298,79
3,8,19,329,78
3,8,20,344,87
3,8,21,364,80
3,8,22,370,69
3,8,23,368,51
3,8,24,382,31
3,8,25,404,30
3,8,26,413,15
3,8,27,445,13
3,8,28,467,0
3,8,29,213,0
3,8,30,208,12
3,8,31,213,15
3,8,32,214,5
3,8,33,220,9
3,8,34,221,17
3,8,35,216,24
3,8,36,192,23
3,8,37,187,19
3,8,38,187,11
3,8,39,193,6
3,8,40,200,7
3,8,41,202,0
3,8,42,153,0
3,8,43,149,5
3,8,44,150,17
3,8,45,167,30
3,8,46,173,27
3,8,47,180,13
3,8,48,185,24
3,8,49,203,29
3,8,50,186,41
3,8,51,172,36
3,8,52,167,41
3,8,53,168,50
3,8,54,158,60
3,8,55,132,70
3,8,56,139,80
3,8,57,158,91
3,8,58,163,103
3,8,59,152,111
3,8,60,137,112
3,8,61,113,105
3,8,62,103,93
3,8,63,91,94
3,8,64,83,83
4,0,0,1992,1368
4,0,1,1991,1369
4,0,2,1990,1369
4,0,3,1989,1370
4,0,4,1988,1370
4,0,5,1986,1372
4,0,6,1986,1376
4,0,7,1987,1377
4,0,8,1987,1378
4,0,9,1989,1380
4,0,10,1991,1380
4,0,11,1992,1379
4,0,12,1992,1378
4,0,13,1991,1378
4,0,14,1989,1376
4,0,15,1989,1374
4,0,16,1992,1371
4,0,17,1993,1372
4,0,18,1994,1372
4,0,19,1995,1373
4,0,20,1995,1374
4,0,21,1996,1375
4,0,22,1996,1377
4,0,23,1995,1378
4,0,24,1994,1378
4,0,25,1994,1381
4,0,26,1995,1382
4,0,27,1995,1383
4,0,28,1997,1385
4,0,29,1997,1386
4,0,30,1996,1387
4,0,31,1997,1387
4,0,32,1997,1386
4,0,33,1998,1385
4,0,34,1999,1385
4,0,35,2000,1384
4,0,36,2000,1373
4,0,37,1996,1369
4,0,38,1995,1369
4,0,39,1994,1368
4,1,0,2021,1355
4,1,1,2017,1359
4,1,2,2017,1360
4,1,3,2016,1361
4,1,4,2016,1363
4,1,5,2017,1364
4,1,6,2017,1366
4,1,7,2018,1367
4,1,8,2018,1374
4,1,9,2019,1373
4,1,10,2022,1376
4,1,11,2024,1376
4,1,12,2025,1377
4,1,13,2027,1377
4,1,14,2032,1372
4,1,15,2032,1366
4,1,16,2031,1365
4,1,17,2031,1363
4,1,18,2030,1362
4,1,19,2030,1361
4,1,20,2027,1358
4,1,21,2027,1357
4,1,22,2026,1357
4,1,23,2025,1356
4,1,24,2024,1356
4,1,25,2023,1355
4,2,0,392,843
4,2,1,391,844
4,2,2,390,844
4,2,3,393,847
4,2,4,393,848
4,2,5,394,849
4,2,6,394,871
4,2,7,394,868
4,2,8,396,866
4,2,9,397,866
4,2,10,398,865
4,2,11,399,866
4,2,12,399,869
4,2,13,400,870
4,2,14,400,867
4,2,15,401,866
4,2,16,401,862
4,2,17,398,859
4,2,18,398,854
4,2,19,399,853
4,2,20,399,852
4,2,21,401,850
4,2,22,399,852
4,2,23,399,853
4,2,24,398,854
4,2,25,397,853
4,2,26,396,853
4,2,27,394,851
4,2,28,394,848
4,2,29,393,847
4,2,30,393,846
4,2,31,392,845
4,3,0,614,726
4,3,1,618,730
4,3,2,618,731
4,3,3,620,733
4,3,4,620,734
4,3,5,625,739
4,3,6,625,740
4,3,7,629,744
4,3,8,629,745
4,3,9,632,748
4,3,10,632,750
4,3,11,630,752
4,3,12,633,752
4,3,13,635,750
4,3,14,628,743
4,3,15,628,742
4,3,16,623,737
4,3,17,623,736
4,3,18,619,732
4,3,19,619,731
4,4,0,614,718
4,4,1,616,720
4,4,2,616,721
4,4,3,619,724
4,4,4,619,725
4,4,5,621,727
4,4,6,621,728
4,4,7,625,732
4,4,8,625,733
4,4,9,630,738
4,4,10,630,739
4,4,11,632,741
4,4,12,632,742
4,4,13,638,748
4,4,14,640,748
4,4,15,641,747
4,4,16,641,746
4,4,17,639,744
4,4,18,639,740
4,4,19,636,743
4,4,20,634,743
4,4,21,631,740
4,4,22,631,739
4,4,23,626,734
4,4,24,626,733
4,4,25,623,730
4,4,26,623,729
4,4,27,620,726
4,4,28,620,725
4,4,29,616,721
4,4,30,616,720
4,5,0,407,702
4,5,1,406,730
4,5,2,404,735
4,5,3,403,755
4,5,4,401,761
4,5,5,400,783
4,5,6,398,787
4,5,7,397,816
4,5,8,396,817
4,5,9,396,820
4,5,10,397,818
4,5,11,400,819
4,5,12,400,827
4,5,13,399,828
4,5,14,396,828
4,5,15,395,827
4,5,16,395,823
4,5,17,395,835
4,5,18,392,836
4,5,19,392,840
4,5,20,395,839
4,5,21,395,832
4,5,22,396,829
4,5,23,400,827
4,5,24,400,820
4,5,25,401,819
4,5,26,401,801
4,5,27,402,800
4,5,28,402,791
4,5,29,403,790
4,5,30,404,784
4,5,31,401,791
4,5,32,398,790
4,5,33,398,787
4,5,34,400,783
4,5,35,400,780
4,5,36,401,779
4,5,37,404,779
4,5,38,404,772
4,5,39,405,771
4,5,40,406,759
4,5,41,407,758
4,5,42,408,738
4,5,43,409,737
4,5,44,410,722
4,5,45,411,721
4,5,46,411,718
4,5,47,409,719
4,5,48,407,715
4,5,49,407,709
4,5,50,408,708
4,6,0,534,663
4,6,1,559,675
4,6,2,580,689
4,6,3,587,697
4,6,4,595,703
4,6,5,613,724
4,6,6,606,713
4,6,7,607,712
4,6,8,613,716
4,6,9,586,688
4,6,10,567,674
4,6,11,542,661
4,6,12,552,666
4,6,13,557,670
4,6,14,562,671
4,6,15,570,678
4,6,16,576,681
4,6,17,581,686
4,6,18,589,691
4,6,19,604,706
4,6,20,607,712
4,6,21,606,713
4,6,22,602,711
4,6,23,591,699
4,6,24,570,681
4,6,25,560,676
4,6,26,555,672
4,7,0,503,644
4,7,1,509,650
4,7,2,512,650
4,7,3,513,651
4,7,4,515,651
4,7,5,516,652
4,7,6,518,652
4,7,7,519,653
4,7,8,521,653
4,7,9,522,654
4,7,10,522,657
4,7,11,521,658
4,7,12,520,658
4,7,13,519,657
4,7,14,517,657
4,7,15,519,657
4,7,16,520,658
4,7,17,522,658
4,7,18,523,659
4,7,19,524,659
4,7,20,525,660
4,7,21,527,660
4,7,22,528,661
4,7,23,530,661
4,7,24,531,662
4,7,25,532,662
4,7,26,531,662
4,7,27,529,660
4,7,28,528,660
4,7,29,526,658
4,7,30,526,657
4,7,31,527,656
4,7,32,528,657
4,7,33,532,657
4,7,34,533,658
4,7,35,535,658
4,7,36,533,658
4,7,37,532,657
4,7,38,531,657
4,7,39,530,656
4,7,40,528,656
4,7,41,527,655
4,7,42,525,655
4,7,43,524,654
4,7,44,522,654
4,7,45,521,653
4,7,46,519,653
4,7,47,518,652
4,7,48,516,652
4,7,49,515,651
4,7,50,514,651
4,7,51,513,650
4,7,52,510,650
4,7,53,509,649
4,7,54,508,649
4,8,0,962,418
4,8,1,962,421
4,8,2,963,422
4,8,3,963,424
4,8,4,964,425
4,8,5,964,426
4,8,6,966,428
4,8,7,966,429
4,8,8,968,431
4,8,9,968,432
4,8,10,971,435
4,8,11,971,436
4,8,12,972,437
4,8,13,972,438
4,8,14,974,440
4,8,15,974,441
4,8,16,975,442
4,8,17,975,443
4,8,18,975,442
4,8,19,974,441
4,8,20,974,440
4,8,21,972,438
4,8,22,972,437
4,8,23,971,436
4,8,24,971,435
4,8,25,968,432
4,8,26,968,431
4,8,27,967,430
4,8,28,967,429
4,8,29,965,427
4,8,30,965,426
4,8,31,964,425
4,8,32,964,424
4,8,33,963,423
4,8,34,963,422
4,8,35,962,421
4,9,0,957,415
4,9,1,957,421
4,9,2,959,424
4,9,3,959,426
4,9,4,961,428
4,9,5,961,429
4,9,6,962,430
4,9,7,963,433
4,9,8,965,435
4,9,9,966,438
4,9,10,970,443
4,9,11,970,444
4,9,12,971,445
4,9,13,971,447
4,9,14,972,448
4,9,15,972,453
4,9,16,973,454
4,9,17,973,465
4,9,18,972,466
4,9,19,971,471
4,9,20,970,472
4,9,21,968,477
4,9,22,965,480
4,9,23,965,481
4,9,24,966,482
4,9,25,969,482
4,9,26,970,483
4,9,27,971,483
4,9,28,972,484
4,9,29,972,485
4,9,30,972,484
4,9,31,973,483
4,9,32,975,483
4,9,33,974,482
4,9,34,974,476
4,9,35,974,478
4,9,36,972,481
4,9,37,969,479
4,9,38,969,474
4,9,39,974,465
4,9,40,975,465
4,9,41,976,466
4,9,42,976,471
4,9,43,975,472
4,9,44,975,474
4,9,45,975,472
4,9,46,976,471
4,9,47,976,468
4,9,48,977,467
4,9,49,977,460
4,9,50,975,460
4,9,51,973,457
4,9,52,973,452
4,9,53,972,451
4,9,54,973,450
4,9,55,973,449
4,9,56,972,448
4,9,57,972,446
4,9,58,971,445
4,9,59,970,442
4,9,60,964,434
4,9,61,963,431
4,9,62,961,429
4,9,63,961,428
4,9,64,958,423
4,9,65,958,421
4,9,66,957,420
4,10,0,934,364
4,10,1,939,369
4,10,2,941,369
4,10,3,942,370
4,10,4,961,370
4,10,5,962,371
4,10,6,964,371
4,10,7,965,372
4,10,8,966,372
4,10,9,969,375
4,10,10,969,376
4,10,11,970,377
4,10,12,970,385
4,10,13,969,386
4,10,14,968,391
4,10,15,966,394
4,10,16,966,396
4,10,17,964,399
4,10,18,964,401
4,10,19,963,402
4,10,20,962,405
4,10,21,960,407
4,10,22,962,405
4,10,23,962,404
4,10,24,966,400
4,10,25,967,401
4,10,26,966,406
4,10,27,968,403
4,10,28,968,401
4,10,29,969,400
4,10,30,969,399
4,10,31,971,396
4,10,32,971,394
4,10,33,973,391
4,10,34,973,388
4,10,35,974,387
4,10,36,974,374
4,10,37,974,376
4,10,38,973,377
4,10,39,970,377
4,10,40,969,376
4,10,41,968,373
4,10,42,967,373
4,10,43,965,371
4,10,44,964,371
4,10,45,963,370
4,10,46,963,368
4,10,47,964,367
4,10,48,966,367
4,10,49,967,368
4,10,50,969,368
4,10,51,970,369
4,10,52,969,368
4,10,53,968,368
4,10,54,967,367
4,10,55,965,367
4,10,56,964,366
4,10,57,948,366
4,10,58,948,368
4,10,59,947,369
4,10,60,946,369
4,10,61,945,370
4,10,62,942,370
4,10,63,941,369
4,10,64,939,369
4,11,0,899,305
4,11,1,899,312
4,11,2,900,313
4,11,3,900,314
4,11,4,905,319
4,11,5,906,319
4,11,6,908,321
4,11,7,909,321
4,11,8,910,322
4,11,9,911,322
4,11,10,912,323
4,11,11,914,323
4,11,12,915,324
4,11,13,917,324
4,11,14,918,325
4,11,15,919,325
4,11,16,918,325
4,11,17,917,324
4,11,18,915,324
4,11,19,914,323
4,11,20,912,323
4,11,21,910,321
4,11,22,909,321
4,11,23,907,319
4,11,24,906,319
4,11,25,901,314
4,11,26,901,313
4,11,27,899,311
4,12,0,2075,56
4,12,1,2072,59
4,12,2,2069,59
4,12,3,2066,62
4,12,4,2066,68
4,12,5,2065,69
4,12,6,2065,77
4,12,7,2064,78
4,12,8,2064,80
4,12,9,2063,81
4,12,10,2063,82
4,12,11,2062,83
4,12,12,2062,84
4,12,13,2061,85
4,12,14,2058,92
4,12,15,2055,96
4,12,16,2054,95
4,12,17,2054,93
4,12,18,2053,96
4,12,19,2051,98
4,12,20,2052,99
4,12,21,2055,99
4,12,22,2057,94
4,12,23,2061,90
4,12,24,2061,89
4,12,25,2065,86
4,12,26,2065,85
4,12,27,2067,83
4,12,28,2071,83
4,12,29,2072,82
4,12,30,2071,81
4,12,31,2071,77
4,12,32,2070,76
4,12,33,2070,69
4,12,34,2072,67
4,12,35,2074,67
4,12,36,2075,68
4,12,37,2075,71
4,12,38,2078,76
4,12,39,2078,81
4,12,40,2080,84
4,12,41,2079,85
4,12,42,2078,88
4,12,43,2081,88
4,12,44,2082,89
4,12,45,2081,90
4,12,46,2080,93
4,12,47,2084,97
4,12,48,2084,99
4,12,49,2085,100
4,12,50,2086,100
4,12,51,2087,99
4,12,52,2087,97
4,12,53,2084,93
4,12,54,2084,88
4,12,55,2083,87
4,12,56,2083,84
4,12,57,2081,81
4,12,58,2081,79
4,12,59,2080,78
4,12,60,2080,76
4,12,61,2079,75
4,12,62,2079,69
4,12,63,2078,68
4,12,64,2078,66
4,12,65,2075,61
4,13,0,2059,8
4,13,1,2058,9
4,13,2,2058,12
4,13,3,2060,14
4,13,4,2060,32
4,13,5,2059,33
4,13,6,2059,36
4,13,7,2060,37
4,13,8,2060,38
4,13,9,2063,38
4,13,10,2065,36
4,13,11,2065,34
4,13,12,2063,36
4,13,13,2061,36
4,13,14,2060,35
4,13,15,2060,26
4,13,16,2061,25
4,13,17,2064,25
4,13,18,2067,22
4,13,19,2069,22
4,13,20,2070,21
4,13,21,2069,20
4,13,22,2069,18
4,13,23,2065,14
4,13,24,2065,13
4,13,25,2064,12
4,13,26,2063,12
4,14,0,1117,85
4,14,1,1053,89
4,14,2,1052,40
4,14,3,1027,20
4,14,4,1005,51
4,14,5,996,0
4,14,6,472,0
4,14,7,276,112
4,14,8,231,102
4,14,9,218,55
4,14,10,194,66
4,14,11,194,101
4,14,12,89,155
4,14,13,79,198
4,14,14,215,145
4,14,15,245,198
4,14,16,190,233
4,14,17,186,282
4,14,18,115,296
4,14,19,104,264
4,14,20,91,312
4,14,21,17,364
4,14,22,138,326
4,14,23,201,479
4,14,24,130,465
4,14,25,183,539
4,14,26,145,560
4,14,27,123,489
4,14,28,86,475
4,14,29,107,602
4,14,30,70,639
4,14,31,43,612
4,14,32,34,664
4,14,33,3,613
4,14,34,3,916
4,14,35,65,924
4,14,36,20,894
4,14,37,95,902
4,14,38,192,863
4,14,39,154,832
4,14,40,206,812
4,14,41,179,702
4,14,42,225,732
4,14,43,237,794
4,14,44,242,690
4,14,45,314,646
4,14,46,412,652
4,14,47,414,700
4,14,48,445,658
4,14,49,479,696
4,14,50,473,660
4,14,51,504,656
4,14,52,380,578
4,14,53,413,557
4,14,54,458,584
4,14,55,328,424
4,14,56,337,398
4,14,57,389,404
4,14,58,441,448
4,14,59,464,392
4,14,60,429,302
4,14,61,501,193
4,14,62,525,195
4,14,63,523,262
4,14,64,572,271
4,14,65,601,381
4,14,66,596,223
4,14,67,683,312
4,14,68,720,95
4,14,69,759,117
4,14,70,790,88
4,14,71,828,121
4,14,72,833,177
4,14,73,797,213
4,14,74,814,255
4,14,75,861,245
4,14,76,885,162
4,14,77,894,311
4,14,78,934,349
4,14,79,894,308
4,14,80,907,230
4,14,81,959,190
4,14,82,953,84
4,14,83,976,153
5,0,0,710,1430
5,0,1,709,1430
5,0,2,708,1431
5,0,3,707,1431
5,0,4,705,1433
5,0,5,704,1433
5,0,6,702,1435
5,0,7,701,1435
5,0,8,698,1438
5,0,9,697,1438
5,0,10,695,1440
5,0,11,694,1440
5,0,12,688,1446
5,0,13,688,1448
5,0,14,686,1450
5,0,15,685,1450
5,0,16,686,1451
5,0,17,685,1452
5,0,18,688,1449
5,0,19,688,1447
5,0,20,693,1442
5,0,21,694,1442
5,0,22,695,1441
5,0,23,696,1441
5,0,24,698,1443
5,0,25,697,1444
5,0,26,703,1438
5,0,27,704,1438
5,0,28,705,1437
5,0,29,705,1436
5,0,30,704,1435
5,0,31,704,1434
5,0,32,707,1431
5,0,33,708,1431
5,0,34,709,1430
5,1,0,324,1422
5,1,1,324,1423
5,1,2,322,1425
5,1,3,322,1426
5,1,4,321,1427
5,1,5,321,1428
5,1,6,320,1429
5,1,7,320,1430
5,1,8,319,1431
5,1,9,319,1432
5,1,10,318,1433
5,1,11,318,1434
5,1,12,317,1435
5,1,13,317,1436
5,1,14,316,1437
5,1,15,316,1438
5,1,16,315,1439
5,1,17,315,1440
5,1,18,314,1441
5,1,19,314,1442
5,1,20,313,1443
5,1,21,313,1444
5,1,22,312,1445
5,1,23,314,1443
5,1,24,314,1442
5,1,25,315,1441
5,1,26,315,1440
5,1,27,316,1439
5,1,28,316,1438
5,1,29,317,1437
5,1,30,317,1435
5,1,31,319,1433
5,1,32,319,1432
5,1,33,320,1431
5,1,34,320,1430
5,1,35,322,1428
5,1,36,322,1427
5,1,37,323,1426
5,1,38,323,1424
5,1,39,324,1423
5,2,0,420,1421
5,2,1,419,1421
5,2,2,415,1425
5,2,3,415,1426
5,2,4,413,1428
5,2,5,413,1429
5,2,6,407,1435
5,2,7,407,1436
5,2,8,400,1443
5,2,9,400,1444
5,2,10,396,1448
5,2,11,396,1449
5,2,12,393,1452
5,2,13,393,1453
5,2,14,392,1454
5,2,15,392,1455
5,2,16,393,1455
5,2,17,394,1454
5,2,18,394,1452
5,2,19,399,1447
5,2,20,401,1447
5,2,21,402,1446
5,2,22,402,1445
5,2,23,403,1444
5,2,24,403,1443
5,2,25,404,1442
5,2,26,404,1439
5,2,27,407,1436
5,2,28,407,1435
5,2,29,408,1434
5,2,30,409,1434
5,2,31,412,1431
5,2,32,412,1430
5,2,33,413,1429
5,2,34,413,1428
5,2,35,416,1425
5,2,36,417,1425
5,2,37,417,1424
5,3,0,744,1405
5,3,1,743,1405
5,3,2,742,1404
5,3,3,738,1408
5,3,4,737,1408
5,3,5,734,1411
5,3,6,733,1411
5,3,7,732,1412
5,3,8,731,1412
5,3,9,725,1418
5,3,10,724,1418
5,3,11,722,1420
5,3,12,721,1420
5,3,13,720,1421
5,3,14,719,1421
5,3,15,716,1424
5,3,16,716,1425
5,3,17,712,1429
5,3,18,713,1428
5,3,19,717,1428
5,3,20,716,1428
5,3,21,715,1427
5,3,22,716,1426
5,3,23,716,1425
5,3,24,718,1423
5,3,25,719,1423
5,3,26,723,1419
5,3,27,724,1419
5,3,28,728,1415
5,3,29,729,1415
5,3,30,731,1413
5,3,31,732,1413
5,3,32,734,1411
5,3,33,735,1411
5,3,34,738,1408
5,3,35,739,1408
5,3,36,741,1406
5,3,37,743,1406
5,3,38,744,1407
5,3,39,743,1408
5,3,40,743,1409
5,3,41,743,1408
5,3,42,744,1407
5,4,0,340,1396
5,4,1,339,1396
5,4,2,340,1397
5,4,3,340,1399
5,4,4,335,1404
5,4,5,335,1405
5,4,6,332,1408
5,4,7,332,1409
5,4,8,331,1410
5,4,9,331,1411
5,4,10,327,1415
5,4,11,326,1414
5,4,12,327,1415
5,4,13,327,1416
5,4,14,326,1417
5,4,15,329,1414
5,4,16,330,1414
5,4,17,331,1413
5,4,18,331,1412
5,4,19,332,1411
5,4,20,332,1410
5,4,21,333,1409
5,4,22,333,1407
5,4,23,336,1404
5,4,24,336,1403
5,4,25,341,1398
5,4,26,341,1397
5,5,0,790,1372
5,5,1,787,1372
5,5,2,785,1374
5,5,3,784,1374
5,5,4,780,1378
5,5,5,779,1378
5,5,6,775,1382
5,5,7,777,1380
5,5,8,778,1380
5,5,9,779,1379
5,5,10,780,1379
5,5,11,781,1380
5,5,12,781,1381
5,5,13,782,1381
5,5,14,784,1379
5,5,15,785,1379
5,5,16,786,1378
5,5,17,785,1379
5,5,18,784,1379
5,5,19,783,1380
5,5,20,782,1380
5,5,21,781,1379
5,5,22,781,1378
5,5,23,783,1376
5,5,24,784,1376
5,5,25,785,1375
5,5,26,785,1374
5,5,27,786,1373
5,5,28,787,1373
5,5,29,788,1372
5,6,0,391,1355
5,6,1,390,1356
5,6,2,389,1355
5,6,3,388,1355
5,6,4,388,1356
5,6,5,387,1357
5,6,6,386,1356
5,6,7,386,1355
5,6,8,384,1355
5,6,9,385,1356
5,6,10,385,1358
5,6,11,384,1359
5,6,12,383,1359
5,6,13,382,1360
5,6,14,381,1360
5,6,15,380,1361
5,6,16,379,1361
5,6,17,378,1362
5,6,18,377,1362
5,6,19,376,1363
5,6,20,375,1363
5,6,21,374,1364
5,6,22,373,1364
5,6,23,372,1365
5,6,24,371,1365
5,6,25,347,1389
5,6,26,345,1389
5,6,27,346,1390
5,6,28,347,1389
5,6,29,348,1389
5,6,30,356,1381
5,6,31,356,1380
5,6,32,357,1379
5,6,33,358,1379
5,6,34,365,1372
5,6,35,365,1371
5,6,36,369,1367
5,6,37,370,1367
5,6,38,372,1365
5,6,39,373,1365
5,6,40,375,1363
5,6,41,377,1363
5,6,42,378,1362
5,6,43,379,1362
5,6,44,380,1361
5,6,45,382,1361
5,6,46,384,1359
5,6,47,385,1359
5,6,48,386,1358
5,6,49,387,1358
5,6,50,389,1356
5,6,51,390,1356
5,7,0,817,1352
5,7,1,815,1354
5,7,2,814,1354
5,7,3,813,1355
5,7,4,812,1355
5,7,5,809,1358
5,7,6,808,1358
5,7,7,806,1360
5,7,8,806,1361
5,7,9,804,1363
5,7,10,802,1363
5,7,11,800,1365
5,7,12,798,1365
5,7,13,797,1366
5,7,14,796,1366
5,7,15,796,1367
5,7,16,792,1371
5,7,17,795,1371
5,7,18,796,1370
5,7,19,798,1370
5,7,20,799,1369
5,7,21,798,1370
5,7,22,796,1370
5,7,23,795,1369
5,7,24,796,1368
5,7,25,796,1367
5,7,26,797,1366
5,7,27,798,1366
5,7,28,799,1365
5,7,29,801,1365
5,7,30,802,1366
5,7,31,804,1364
5,7,32,805,1364
5,7,33,806,1363
5,7,34,808,1363
5,7,35,806,1363
5,7,36,805,1362
5,7,37,809,1358
5,7,38,811,1358
5,7,39,812,1359
5,7,40,812,1360
5,7,41,815,1357
5,7,42,813,1359
5,7,43,812,1359
5,7,44,811,1358
5,8,0,420,1350
5,8,1,420,1351
5,8,2,420,1350
5,8,3,419,1349
5,8,4,419,1346
5,8,5,418,1345
5,8,6,417,1345
5,8,7,416,1344
5,8,8,415,1345
5,8,9,410,1345
5,8,10,409,1346
5,8,11,407,1346
5,8,12,406,1347
5,8,13,404,1347
5,8,14,405,1347
5,8,15,406,1348
5,8,16,406,1349
5,8,17,405,1350
5,8,18,404,1350
5,8,19,402,1352
5,8,20,401,1352
5,8,21,400,1353
5,8,22,399,1353
5,8,23,400,1353
5,8,24,401,1352
5,8,25,402,1352
5,8,26,403,1351
5,8,27,404,1351
5,8,28,406,1349
5,8,29,407,1349
5,8,30,408,1348
5,8,31,409,1348
5,8,32,412,1345
5,8,33,416,1345
5,8,34,417,1346
5,8,35,418,1346
5,8,36,419,1347
5,8,37,419,1349
5,9,0,483,1339
5,9,1,479,1343
5,9,2,479,1344
5,9,3,477,1346
5,9,4,477,1347
5,9,5,476,1348
5,9,6,476,1349
5,9,7,474,1351
5,9,8,474,1352
5,9,9,473,1353
5,9,10,473,1354
5,9,11,471,1356
5,9,12,471,1357
5,9,13,469,1359
5,9,14,472,1356
5,9,15,472,1355
5,9,16,473,1354
5,9,17,473,1353
5,9,18,474,1352
5,9,19,474,1351
5,9,20,479,1346
5,9,21,479,1345
5,9,22,480,1344
5,9,23,480,1343
5,9,24,482,1341
5,9,25,482,1340
5,10,0,884,1306
5,10,1,879,1311
5,10,2,878,1311
5,10,3,877,1312
5,10,4,876,1312
5,10,5,875,1313
5,10,6,874,1313
5,10,7,873,1314
5,10,8,872,1314
5,10,9,871,1315
5,10,10,870,1315
5,10,11,867,1318
5,10,12,866,1318
5,10,13,864,1320
5,10,14,863,1320
5,10,15,861,1322
5,10,16,860,1322
5,10,17,858,1324
5,10,18,857,1324
5,10,19,856,1325
5,10,20,855,1325
5,10,21,852,1328
5,10,22,851,1328
5,10,23,850,1329
5,10,24,849,1329
5,10,25,844,1334
5,10,26,847,1331
5,10,27,848,1331
5,10,28,849,1330
5,10,29,850,1330
5,10,30,852,1328
5,10,31,853,1328
5,10,32,854,1327
5,10,33,855,1327
5,10,34,858,1324
5,10,35,859,1324
5,10,36,860,1323
5,10,37,861,1323
5,10,38,862,1322
5,10,39,863,1322
5,10,40,865,1320
5,10,41,865,1319
5,10,42,866,1318
5,10,43,867,1318
5,10,44,868,1317
5,10,45,869,1317
5,10,46,872,1314
5,10,47,873,1314
5,10,48,874,1313
5,10,49,877,1313
5,10,50,878,1314
5,10,51,880,1312
5,10,52,881,1312
5,10,53,882,1311
5,10,54,883,1311
5,10,55,882,1311
5,10,56,881,1310
5,10,57,882,1309
5,10,58,882,1308
5,11,0,487,1246
5,11,1,485,1246
5,11,2,484,1245
5,11,3,482,1247
5,11,4,481,1247
5,11,5,480,1248
5,11,6,484,1245
5,11,7,485,1246
5,11,8,485,1247
5,11,9,477,1255
5,11,10,475,1255
5,11,11,474,1254
5,11,12,474,1253
5,11,13,476,1251
5,11,14,474,1253
5,11,15,473,1256
5,11,16,470,1258
5,11,17,470,1259
5,11,18,471,1260
5,11,19,470,1261
5,11,20,470,1262
5,11,21,469,1263
5,11,22,467,1263
5,11,23,466,1262
5,11,24,466,1261
5,11,25,455,1272
5,11,26,455,1273
5,11,27,456,1273
5,11,28,457,1274
5,11,29,457,1275
5,11,30,456,1276
5,11,31,456,1277
5,11,32,453,1280
5,11,33,453,1281
5,11,34,451,1283
5,11,35,451,1284
5,11,36,449,1286
5,11,37,443,1299
5,11,38,441,1301
5,11,39,441,1303
5,11,40,440,1304
5,11,41,438,1309
5,11,42,435,1312
5,11,43,435,1313
5,11,44,434,1314
5,11,45,438,1309
5,11,46,441,1302
5,11,47,443,1300
5,11,48,444,1297
5,11,49,446,1295
5,11,50,450,1286
5,11,51,452,1284
5,11,52,452,1283
5,11,53,454,1281
5,11,54,454,1280
5,11,55,457,1277
5,11,56,457,1276
5,11,57,461,1272
5,11,58,461,1271
5,11,59,470,1263
5,11,60,470,1262
5,11,61,471,1261
5,11,62,471,1259
5,11,63,475,1256
5,11,64,476,1256
5,11,65,478,1254
5,11,66,479,1254
5,11,67,481,1252
5,11,68,484,1251
5,11,69,487,1248
5,12,0,832,1226
5,12,1,831,1227
5,12,2,830,1227
5,12,3,829,1228
5,12,4,828,1228
5,12,5,825,1231
5,12,6,824,1231
5,12,7,821,1234
5,12,8,820,1234
5,12,9,818,1236
5,12,10,817,1236
5,12,11,811,1242
5,12,12,815,1238
5,12,13,816,1238
5,12,14,818,1236
5,12,15,819,1236
5,12,16,820,1235
5,12,17,821,1235
5,12,18,824,1232
5,12,19,825,1232
5,12,20,830,1227
5,12,21,831,1227
5,13,0,642,1202
5,13,1,641,1203
5,13,2,640,1203
5,13,3,636,1207
5,13,4,635,1207
5,13,5,634,1208
5,13,6,632,1208
5,13,7,630,1210
5,13,8,629,1210
5,13,9,628,1211
5,13,10,627,1211
5,13,11,626,1212
5,13,12,625,1211
5,13,13,624,1211
5,13,14,623,1210
5,13,15,623,1209
5,13,16,623,1211
5,13,17,624,1212
5,13,18,627,1212
5,13,19,629,1210
5,13,20,630,1210
5,13,21,632,1208
5,13,22,634,1208
5,13,23,635,1207
5,13,24,636,1207
5,13,25,640,1203
5,13,26,641,1203
5,14,0,1031,1195
5,14,1,1030,1196
5,14,2,1029,1196
5,14,3,1028,1197
5,14,4,1027,1197
5,14,5,1026,1198
5,14,6,1025,1198
5,14,7,1019,1204
5,14,8,1018,1204
5,14,9,1015,1207
5,14,10,1014,1207
5,14,11,1011,1210
5,14,12,1010,1210
5,14,13,1001,1219
5,14,14,1000,1219
5,14,15,997,1222
5,14,16,996,1222
5,14,17,995,1223
5,14,18,989,1223
5,14,19,988,1224
5,14,20,985,1224
5,14,21,994,1224
5,14,22,995,1223
5,14,23,996,1223
5,14,24,999,1220
5,14,25,1000,1220
5,14,26,1006,1214
5,14,27,1007,1214
5,14,28,1012,1209
5,14,29,1013,1209
5,14,30,1015,1207
5,14,31,1016,1207
5,14,32,1024,1199
5,14,33,1025,1199
5,14,34,1026,1198
5,14,35,1027,1198
5,14,36,1029,1196
5,14,37,1030,1196
5,15,0,816,1225
5,15,1,817,1226
5,15,2,820,1226
5,15,3,821,1225
5,15,4,822,1225
5,15,5,824,1223
5,15,6,825,1223
5,15,7,828,1220
5,15,8,829,1220
5,15,9,830,1219
5,15,10,832,1219
5,15,11,833,1218
5,15,12,834,1218
5,15,13,836,1216
5,15,14,837,1216
5,15,15,837,1215
5,15,16,839,1213
5,15,17,840,1213
5,15,18,843,1211
5,15,19,847,1211
5,15,20,848,1210
5,15,21,849,1210
5,15,22,854,1205
5,15,23,855,1205
5,15,24,857,1203
5,15,25,859,1203
5,15,26,862,1200
5,15,27,863,1200
5,15,28,864,1199
5,15,29,865,1199
5,15,30,867,1197
5,15,31,869,1197
5,15,32,871,1195
5,15,33,874,1194
5,15,34,874,1191
5,15,35,873,1191
5,15,36,872,1190
5,15,37,865,1190
5,15,38,864,1189
5,15,39,862,1189
5,15,40,861,1188
5,15,41,856,1188
5,15,42,855,1187
5,15,43,850,1187
5,15,44,849,1186
5,15,45,846,1186
5,15,46,845,1185
5,15,47,843,1185
5,15,48,842,1184
5,15,49,840,1184
5,15,50,839,1183
5,15,51,837,1183
5,15,52,836,1182
5,15,53,834,1182
5,15,54,833,1181
5,15,55,832,1181
5,15,56,830,1179
5,15,57,829,1179
5,15,58,827,1177
5,15,59,825,1177
5,15,60,823,1179
5,15,61,823,1181
5,15,62,822,1182
5,15,63,822,1193
5,15,64,821,1194
5,15,65,821,1197
5,15,66,820,1198
5,15,67,820,1207
5,15,68,819,1208
5,15,69,819,1216
5,15,70,818,1217
5,15,71,818,1219
5,15,72,817,1220
5,15,73,817,1222
5,15,74,816,1223
5,16,0,652,1142
5,16,1,651,1142
5,16,2,650,1143
5,16,3,649,1143
5,16,4,648,1144
5,16,5,646,1144
5,16,6,645,1143
5,16,7,647,1141
5,16,8,648,1141
5,16,9,649,1140
5,16,10,648,1141
5,16,11,647,1141
5,16,12,645,1143
5,16,13,644,1143
5,16,14,643,1144
5,16,15,642,1144
5,16,16,641,1145
5,16,17,642,1144
5,16,18,644,1144
5,16,19,645,1145
5,16,20,642,1148
5,16,21,641,1148
5,16,22,639,1150
5,16,23,638,1150
5,16,24,637,1151
5,16,25,636,1151
5,16,26,633,1154
5,16,27,632,1154
5,16,28,630,1156
5,16,29,631,1156
5,16,30,632,1155
5,16,31,633,1155
5,16,32,638,1150
5,16,33,639,1150
5,16,34,640,1149
5,16,35,641,1149
5,16,36,642,1148
5,16,37,644,1148
5,16,38,645,1147
5,16,39,646,1147
5,16,40,649,1144
5,16,41,650,1144
5,17,0,681,1124
5,17,1,680,1125
5,17,2,678,1125
5,17,3,677,1126
5,17,4,676,1126
5,17,5,675,1127
5,17,6,674,1127
5,17,7,673,1126
5,17,8,675,1124
5,17,9,673,1126
5,17,10,672,1126
5,17,11,673,1126
5,17,12,674,1127
5,17,13,669,1132
5,17,14,668,1132
5,17,15,667,1133
5,17,16,666,1133
5,17,17,664,1135
5,17,18,663,1135
5,17,19,661,1137
5,17,20,660,1137
5,17,21,658,1139
5,17,22,657,1139
5,17,23,656,1140
5,17,24,655,1140
5,17,25,654,1141
5,17,26,655,1140
5,17,27,656,1140
5,17,28,657,1139
5,17,29,658,1139
5,17,30,659,1138
5,17,31,660,1138
5,17,32,661,1137
5,17,33,662,1137
5,17,34,665,1134
5,17,35,666,1134
5,17,36,667,1133
5,17,37,668,1133
5,17,38,669,1132
5,17,39,670,1132
5,17,40,671,1131
5,17,41,672,1131
5,17,42,677,1126
5,17,43,678,1126
5,17,44,679,1125
5,17,45,680,1125
5,18,0,1142,1121
5,18,1,1141,1120
5,18,2,1142,1121
5,18,3,1142,1122
5,18,4,1138,1126
5,18,5,1136,1126
5,18,6,1134,1128
5,18,7,1133,1128
5,18,8,1132,1129
5,18,9,1131,1129
5,18,10,1130,1130
5,18,11,1129,1130
5,18,12,1128,1131
5,18,13,1127,1131
5,18,14,1126,1132
5,18,15,1125,1132
5,18,16,1123,1134
5,18,17,1122,1134
5,18,18,1123,1134
5,18,19,1124,1133
5,18,20,1125,1133
5,18,21,1127,1131
5,18,22,1128,1131
5,18,23,1129,1130
5,18,24,1130,1130
5,18,25,1131,1129
5,18,26,1132,1129
5,18,27,1133,1128
5,18,28,1134,1128
5,18,29,1136,1126
5,18,30,1138,1126
5,18,31,1139,1125
5,18,32,1140,1125
5,18,33,1141,1124
5,18,34,1141,1123
5,18,35,1142,1122
5,19,0,807,1119
5,19,1,662,1196
5,19,2,557,1266
5,19,3,567,1252
5,19,4,542,1282
5,19,5,535,1279
5,19,6,544,1271
5,19,7,528,1281
5,19,8,533,1286
5,19,9,527,1291
5,19,10,523,1286
5,19,11,505,1310
5,19,12,524,1290
5,19,13,517,1307
5,19,14,497,1320
5,19,15,490,1332
5,19,16,498,1331
5,19,17,468,1373
5,19,18,458,1374
5,19,19,455,1401
5,19,20,445,1400
5,19,21,435,1411
5,19,22,432,1406
5,19,23,439,1396
5,19,24,421,1419
5,19,25,429,1412
5,19,26,432,1416
5,19,27,402,1455
5,19,28,545,1455
5,19,29,547,1450
5,19,30,552,1455
5,19,31,587,1455
5,19,32,588,1448
5,19,33,601,1439
5,19,34,594,1455
5,19,35,605,1438
5,19,36,603,1430
5,19,37,612,1425
5,19,38,610,1434
5,19,39,656,1375
5,19,40,635,1394
5,19,41,661,1360
5,19,42,665,1365
5,19,43,660,1369
5,19,44,675,1352
5,19,45,683,1355
5,19,46,680,1348
5,19,47,704,1324
5,19,48,703,1317
5,19,49,716,1305
5,19,50,723,1306
5,19,51,717,1314
5,19,52,740,1293
5,19,53,723,1305
5,19,54,737,1286
5,19,55,757,1271
5,19,56,759,1278
5,19,57,787,1257
5,19,58,771,1258
5,19,59,768,1253
5,19,60,780,1244
5,19,61,782,1252
5,19,62,807,1235
5,19,63,808,1228
5,19,64,797,1218
5,19,65,789,1223
5,19,66,778,1216
5,19,67,788,1198
5,19,68,797,1202
5,19,69,796,1208
5,19,70,802,1197
5,19,71,814,1203
5,19,72,818,1173
5,20,0,92,1101
5,20,1,91,1102
5,20,2,90,1102
5,20,3,89,1103
5,20,4,87,1103
5,20,5,84,1106
5,20,6,83,1106
5,20,7,82,1107
5,20,8,81,1107
5,20,9,80,1108
5,20,10,79,1108
5,20,11,77,1110
5,20,12,75,1110
5,20,13,73,1112
5,20,14,72,1112
5,20,15,71,1113
5,20,16,70,1113
5,20,17,68,1115
5,20,18,67,1115
5,20,19,65,1117
5,20,20,64,1117
5,20,21,62,1119
5,20,22,61,1119
5,20,23,59,1121
5,20,24,58,1121
5,20,25,56,1123
5,20,26,55,1123
5,20,27,54,1124
5,20,28,53,1124
5,20,29,52,1125
5,20,30,51,1125
5,20,31,46,1130
5,20,32,48,1128
5,20,33,49,1128
5,20,34,51,1126
5,20,35,52,1126
5,20,36,54,1124
5,20,37,55,1124
5,20,38,57,1122
5,20,39,58,1122
5,20,40,60,1120
5,20,41,61,1120
5,20,42,63,1118
5,20,43,64,1118
5,20,44,66,1116
5,20,45,67,1116
5,20,46,69,1114
5,20,47,70,1114
5,20,48,71,1113
5,20,49,72,1113
5,20,50,73,1112
5,20,51,75,1112
5,20,52,78,1109
5,20,53,79,1109
5,20,54,80,1108
5,20,55,81,1108
5,20,56,82,1107
5,20,57,83,1107
5,20,58,85,1105
5,20,59,86,1105
5,20,60,88,1103
5,20,61,89,1103
5,20,62,90,1102
5,20,63,91,1102
5,21,0,796,1095
5,21,1,796,1096
5,21,2,797,1097
5,21,3,797,1098
5,21,4,798,1099
5,21,5,798,1100
5,21,6,799,1101
5,21,7,799,1102
5,21,8,800,1103
5,21,9,800,1104
5,21,10,802,1106
5,21,11,802,1111
5,21,12,796,1117
5,21,13,802,1111
5,21,14,802,1106
5,21,15,801,1105
5,21,16,801,1104
5,21,17,800,1103
5,21,18,800,1102
5,21,19,799,1101
5,21,20,799,1100
5,21,21,798,1099
5,21,22,798,1098
5,21,23,796,1096
5,22,0,125,1087
5,22,1,124,1087
5,22,2,123,1088
5,22,3,121,1088
5,22,4,120,1089
5,22,5,117,1089
5,22,6,116,1090
5,22,7,115,1090
5,22,8,114,1091
5,22,9,113,1091
5,22,10,112,1092
5,22,11,110,1092
5,22,12,109,1093
5,22,13,108,1093
5,22,14,107,1094
5,22,15,105,1094
5,22,16,104,1095
5,22,17,103,1095
5,22,18,102,1096
5,22,19,101,1096
5,22,20,100,1097
5,22,21,99,1097
5,22,22,97,1099
5,22,23,96,1099
5,22,24,95,1100
5,22,25,94,1100
5,22,26,95,1100
5,22,27,96,1099
5,22,28,97,1099
5,22,29,98,1098
5,22,30,99,1098
5,22,31,100,1097
5,22,32,101,1097
5,22,33,102,1096
5,22,34,103,1096
5,22,35,104,1095
5,22,36,105,1095
5,22,37,106,1094
5,22,38,108,1094
5,22,39,110,1092
5,22,40,112,1092
5,22,41,113,1091
5,22,42,114,1091
5,22,43,115,1090
5,22,44,118,1090
5,22,45,119,1089
5,22,46,121,1089
5,22,47,122,1088
5,22,48,124,1088
5,23,0,1222,1083
5,23,1,1221,1084
5,23,2,1220,1084
5,23,3,1219,1085
5,23,4,1218,1085
5,23,5,1216,1087
5,23,6,1215,1087
5,23,7,1214,1088
5,23,8,1213,1088
5,23,9,1212,1089
5,23,10,1211,1089
5,23,11,1210,1090
5,23,12,1209,1090
5,23,13,1208,1091
5,23,14,1207,1091
5,23,15,1204,1094
5,23,16,1203,1094
5,23,17,1201,1096
5,23,18,1202,1096
5,23,19,1204,1094
5,23,20,1205,1094
5,23,21,1206,1093
5,23,22,1207,1093
5,23,23,1210,1090
5,23,24,1211,1090
5,23,25,1212,1089
5,23,26,1213,1089
5,23,27,1215,1087
5,23,28,1216,1087
5,23,29,1218,1085
5,23,30,1219,1085
5,23,31,1220,1084
5,23,32,1221,1084
5,24,0,756,1074
5,24,1,753,1077
5,24,2,752,1077
5,24,3,751,1078
5,24,4,750,1078
5,24,5,748,1080
5,24,6,747,1080
5,24,7,745,1082
5,24,8,744,1082
5,24,9,742,1084
5,24,10,741,1084
5,24,11,739,1086
5,24,12,738,1086
5,24,13,735,1089
5,24,14,734,1089
5,24,15,729,1094
5,24,16,728,1094
5,24,17,727,1095
5,24,18,724,1095
5,24,19,723,1094
5,24,20,723,1093
5,24,21,724,1092
5,24,22,723,1093
5,24,23,723,1094
5,24,24,721,1096
5,24,25,723,1096
5,24,26,724,1095
5,24,27,727,1095
5,24,28,728,1094
5,24,29,729,1094
5,24,30,731,1092
5,24,31,732,1092
5,24,32,736,1088
5,24,33,737,1088
5,24,34,739,1086
5,24,35,740,1086
5,24,36,741,1085
5,24,37,743,1085
5,24,38,750,1078
5,24,39,751,1078
5,24,40,752,1077
5,24,41,753,1077
5,25,0,1262,1057
5,25,1,1261,1058
5,25,2,1259,1058
5,25,3,1257,1060
5,25,4,1256,1060
5,25,5,1253,1063
5,25,6,1252,1063
5,25,7,1251,1064
5,25,8,1250,1064
5,25,9,1248,1066
5,25,10,1247,1066
5,25,11,1245,1068
5,25,12,1244,1068
5,25,13,1241,1071
5,25,14,1240,1071
5,25,15,1239,1072
5,25,16,1238,1072
5,25,17,1236,1074
5,25,18,1235,1074
5,25,19,1234,1075
5,25,20,1233,1075
5,25,21,1230,1078
5,25,22,1229,1078
5,25,23,1227,1080
5,25,24,1228,1079
5,25,25,1229,1079
5,25,26,1231,1077
5,25,27,1232,1077
5,25,28,1234,1075
5,25,29,1235,1075
5,25,30,1237,1073
5,25,31,1238,1073
5,25,32,1240,1071
5,25,33,1241,1071
5,25,34,1243,1069
5,25,35,1244,1069
5,25,36,1246,1067
5,25,37,1247,1067
5,25,38,1249,1065
5,25,39,1250,1065
5,25,40,1252,1063
5,25,41,1253,1063
5,25,42,1254,1062
5,25,43,1255,1062
5,25,44,1257,1060
5,25,45,1258,1060
5,25,46,1260,1058
5,25,47,1261,1058
5,26,0,1336,1005
5,26,1,1335,1006
5,26,2,1334,1006
5,26,3,1333,1007
5,26,4,1332,1007
5,26,5,1327,1012
5,26,6,1325,1012
5,26,7,1323,1014
5,26,8,1322,1014
5,26,9,1321,1015
5,26,10,1321,1016
5,26,11,1320,1017
5,26,12,1319,1017
5,26,13,1317,1019
5,26,14,1318,1018
5,26,15,1319,1018
5,26,16,1322,1015
5,26,17,1324,1015
5,26,18,1325,1016
5,26,19,1325,1017
5,26,20,1326,1017
5,26,21,1332,1011
5,26,22,1331,1010
5,26,23,1331,1009
5,26,24,1334,1006
5,26,25,1335,1006
5,27,0,57,1004
5,27,1,56,1005
5,27,2,56,1006
5,27,3,54,1008
5,27,4,54,1009
5,27,5,52,1011
5,27,6,52,1012
5,27,7,50,1014
5,27,8,50,1015
5,27,9,49,1016
5,27,10,49,1017
5,27,11,48,1018
5,27,12,48,1019
5,27,13,47,1020
5,27,14,47,1021
5,27,15,45,1023
5,27,16,45,1024
5,27,17,43,1026
5,27,18,43,1027
5,27,19,41,1029
5,27,20,43,1027
5,27,21,43,1026
5,27,22,46,1023
5,27,23,46,1022
5,27,24,47,1021
5,27,25,47,1020
5,27,26,49,1018
5,27,27,49,1016
5,27,28,50,1015
5,27,29,50,1014
5,27,30,52,1012
5,27,31,52,1011
5,27,32,55,1008
5,27,33,55,1007
5,27,34,56,1006
5,27,35,56,1005
5,28,0,872,991
5,28,1,871,992
5,28,2,871,993
5,28,3,870,994
5,28,4,869,994
5,28,5,869,996
5,28,6,867,998
5,28,7,866,998
5,28,8,862,1002
5,28,9,861,1002
5,28,10,859,1004
5,28,11,858,1004
5,28,12,857,1005
5,28,13,856,1005
5,28,14,853,1008
5,28,15,854,1007
5,28,16,855,1007
5,28,17,856,1006
5,28,18,857,1006
5,28,19,859,1004
5,28,20,860,1004
5,28,21,862,1002
5,28,22,863,1002
5,28,23,865,1000
5,28,24,866,1000
5,28,25,866,999
5,28,26,867,998
5,28,27,868,998
5,28,28,868,997
5,28,29,870,995
5,28,30,870,994
5,28,31,871,993
5,28,32,871,992
5,29,0,1361,987
5,29,1,1360,987
5,29,2,1358,989
5,29,3,1357,989
5,29,4,1351,995
5,29,5,1350,995
5,29,6,1349,996
5,29,7,1348,996
5,29,8,1347,997
5,29,9,1346,997
5,29,10,1343,1000
5,29,11,1342,1000
5,29,12,1339,1003
5,29,13,1342,1000
5,29,14,1343,1000
5,29,15,1344,999
5,29,16,1345,999
5,29,17,1348,996
5,29,18,1349,996
5,29,19,1350,995
5,29,20,1351,995
5,29,21,1354,992
5,29,22,1355,992
5,29,23,1359,988
5,29,24,1360,988
5,30,0,908,968
5,30,1,904,972
5,30,2,903,972
5,30,3,900,975
5,30,4,899,975
5,30,5,897,977
5,30,6,896,977
5,30,7,895,978
5,30,8,894,978
5,30,9,891,981
5,30,10,890,981
5,30,11,890,982
5,30,12,889,983
5,30,13,890,982
5,30,14,891,982
5,30,15,894,979
5,30,16,895,979
5,30,17,898,976
5,30,18,899,976
5,30,19,901,974
5,30,20,902,974
5,30,21,904,972
5,30,22,905,972
5,30,23,907,970
5,30,24,907,969
5,31,0,239,965
5,31,1,238,965
5,31,2,234,969
5,31,3,234,971
5,31,4,233,972
5,31,5,233,973
5,31,6,232,974
5,31,7,232,975
5,31,8,230,977
5,31,9,230,978
5,31,10,225,983
5,31,11,224,983
5,31,12,225,983
5,31,13,226,982
5,31,14,227,982
5,31,15,230,979
5,31,16,231,979
5,31,17,232,980
5,31,18,232,979
5,31,19,233,978
5,31,20,232,979
5,31,21,231,978
5,31,22,231,977
5,31,23,232,976
5,31,24,232,975
5,31,25,233,974
5,31,26,233,973
5,31,27,234,972
5,31,28,234,971
5,31,29,235,970
5,31,30,235,969
5,31,31,236,968
5,31,32,236,967
5,31,33,237,966
5,31,34,240,966
5,32,0,1402,958
5,32,1,1401,958
5,32,2,1399,960
5,32,3,1398,960
5,32,4,1397,961
5,32,5,1396,961
5,32,6,1394,963
5,32,7,1393,963
5,32,8,1392,964
5,32,9,1391,964
5,32,10,1389,966
5,32,11,1388,966
5,32,12,1384,970
5,32,13,1383,970
5,32,14,1378,975
5,32,15,1377,975
5,32,16,1375,977
5,32,17,1374,977
5,32,18,1373,978
5,32,19,1372,978
5,32,20,1366,984
5,32,21,1369,981
5,32,22,1370,981
5,32,23,1372,979
5,32,24,1373,979
5,32,25,1374,978
5,32,26,1375,978
5,32,27,1382,971
5,32,28,1383,971
5,32,29,1385,969
5,32,30,1386,969
5,32,31,1389,966
5,32,32,1390,966
5,32,33,1393,963
5,32,34,1394,963
5,32,35,1395,962
5,32,36,1396,962
5,32,37,1398,960
5,32,38,1399,960
5,32,39,1401,958
5,33,0,928,954
5,33,1,927,955
5,33,2,926,955
5,33,3,925,956
5,33,4,924,956
5,33,5,923,955
5,33,6,924,954
5,33,7,923,954
5,33,8,921,956
5,33,9,920,956
5,33,10,921,956
5,33,11,922,955
5,33,12,923,955
5,33,13,924,956
5,33,14,918,962
5,33,15,916,962
5,33,16,913,965
5,33,17,911,965
5,33,18,911,966
5,33,19,913,966
5,33,20,915,964
5,33,21,916,964
5,33,22,920,960
5,33,23,921,960
5,33,24,922,959
5,33,25,923,959
5,33,26,926,956
5,33,27,927,956
5,33,28,927,955
5,34,0,1084,934
5,34,1,1078,933
5,34,2,1067,942
5,34,3,1036,953
5,34,4,993,979
5,34,5,973,997
5,34,6,967,997
5,34,7,966,994
5,34,8,985,978
5,34,9,956,1001
5,34,10,962,996
5,34,11,967,998
5,34,12,959,1008
5,34,13,951,1010
5,34,14,944,1019
5,34,15,926,1030
5,34,16,919,1047
5,34,17,915,1048
5,34,18,913,1043
5,34,19,906,1045
5,34,20,885,1063
5,34,21,817,1110
5,34,22,813,1118
5,34,23,824,1169
5,34,24,829,1174
5,34,25,847,1181
5,34,26,890,1186
5,34,27,919,1174
5,34,28,984,1156
5,34,29,1045,1124
5,34,30,1038,1134
5,34,31,1052,1121
5,34,32,1049,1119
5,34,33,1050,1115
5,34,34,1062,1104
5,34,35,1065,1079
5,34,36,1096,1000
5,34,37,1097,969
5,35,0,969,923
5,35,1,970,924
5,35,2,968,926
5,35,3,967,926
5,35,4,966,925
5,35,5,966,924
5,35,6,965,924
5,35,7,964,925
5,35,8,963,925
5,35,9,960,928
5,35,10,959,928
5,35,11,956,931
5,35,12,955,931
5,35,13,954,932
5,35,14,955,931
5,35,15,956,931
5,35,16,957,932
5,35,17,956,933
5,35,18,957,934
5,35,19,957,936
5,35,20,960,939
5,35,21,962,937
5,35,22,963,937
5,35,23,962,937
5,35,24,959,934
5,35,25,959,933
5,35,26,957,931
5,35,27,958,930
5,35,28,962,930
5,35,29,963,929
5,35,30,964,930
5,35,31,965,929
5,35,32,966,929
5,35,33,968,927
5,35,34,971,927
5,35,35,971,925
5,36,0,1080,921
5,36,1,1080,923
5,36,2,1079,924
5,36,3,1079,925
5,36,4,1078,926
5,36,5,1077,926
5,36,6,1075,928
5,36,7,1074,928
5,36,8,1073,929
5,36,9,1071,929
5,36,10,1070,930
5,36,11,1069,930
5,36,12,1068,931
5,36,13,1067,931
5,36,14,1066,932
5,36,15,1065,932
5,36,16,1064,933
5,36,17,1062,933
5,36,18,1061,934
5,36,19,1057,934
5,36,20,1061,934
5,36,21,1062,933
5,36,22,1064,933
5,36,23,1065,932
5,36,24,1066,932
5,36,25,1067,931
5,36,26,1069,931
5,36,27,1070,930
5,36,28,1071,930
5,36,29,1072,929
5,36,30,1074,929
5,36,31,1075,928
5,36,32,1076,928
5,36,33,1080,924
5,37,0,278,916
5,37,1,275,916
5,37,2,274,917
5,37,3,273,917
5,37,4,268,922
5,37,5,268,923
5,37,6,266,925
5,37,7,266,926
5,37,8,262,930
5,37,9,262,931
5,37,10,258,935
5,37,11,258,936
5,37,12,253,941
5,37,13,253,942
5,37,14,250,945
5,37,15,250,946
5,37,16,248,948
5,37,17,248,949
5,37,18,247,950
5,37,19,247,951
5,37,20,244,954
5,37,21,244,955
5,37,22,245,954
5,37,23,245,953
5,37,24,247,951
5,37,25,247,950
5,37,26,248,949
5,37,27,248,948
5,37,28,254,942
5,37,29,254,941
5,37,30,256,939
5,37,31,256,938
5,37,32,265,929
5,37,33,267,931
5,37,34,268,930
5,37,35,268,929
5,37,36,271,926
5,37,37,270,926
5,37,38,269,925
5,37,39,269,922
5,37,40,274,917
5,37,41,277,917
5,37,42,278,918
5,38,0,988,911
5,38,1,985,914
5,38,2,983,914
5,38,3,982,915
5,38,4,981,915
5,38,5,980,914
5,38,6,982,912
5,38,7,980,914
5,38,8,979,914
5,38,9,978,915
5,38,10,977,915
5,38,11,978,915
5,38,12,979,914
5,38,13,980,914
5,38,14,981,915
5,38,15,981,916
5,38,16,980,917
5,38,17,979,917
5,38,18,976,920
5,38,19,975,920
5,38,20,974,919
5,38,21,973,919
5,38,22,971,921
5,38,23,973,921
5,38,24,974,920
5,38,25,977,920
5,38,26,979,918
5,38,27,980,918
5,38,28,982,916
5,38,29,983,916
5,39,0,1013,893
5,39,1,1010,896
5,39,2,1008,896
5,39,3,1006,898
5,39,4,1005,898
5,39,5,1004,897
5,39,6,1005,896
5,39,7,1004,896
5,39,8,1002,898
5,39,9,1003,897
5,39,10,1004,897
5,39,11,1005,898
5,39,12,1003,900
5,39,13,1002,900
5,39,14,1002,901
5,39,15,1001,902
5,39,16,1000,902
5,39,17,999,903
5,39,18,998,903
5,39,19,997,902
5,39,20,997,901
5,39,21,998,900
5,39,22,997,901
5,39,23,997,904
5,39,24,999,904
5,39,25,1002,901
5,39,26,1003,901
5,39,27,1006,898
5,39,28,1007,898
5,39,29,1009,896
5,39,30,1010,896
5,40,0,1396,875
5,40,1,1394,877
5,40,2,1394,878
5,40,3,1392,880
5,40,4,1392,882
5,40,5,1391,883
5,40,6,1391,884
5,40,7,1390,885
5,40,8,1388,885
5,40,9,1387,884
5,40,10,1386,884
5,40,11,1385,885
5,40,12,1384,885
5,40,13,1383,886
5,40,14,1382,886
5,40,15,1381,887
5,40,16,1382,886
5,40,17,1383,886
5,40,18,1384,885
5,40,19,1386,885
5,40,20,1387,884
5,40,21,1388,885
5,40,22,1389,885
5,40,23,1391,887
5,40,24,1390,888
5,40,25,1392,886
5,40,26,1393,886
5,40,27,1393,885
5,40,28,1392,885
5,40,29,1391,884
5,40,30,1391,883
5,40,31,1392,882
5,40,32,1392,880
5,40,33,1394,878
5,40,34,1394,877
5,41,0,1402,864
5,41,1,1399,864
5,41,2,1398,865
5,41,3,1397,865
5,41,4,1396,866
5,41,5,1395,866
5,41,6,1394,867
5,41,7,1393,867
5,41,8,1392,868
5,41,9,1391,868
5,41,10,1390,869
5,41,11,1389,869
5,41,12,1388,870
5,41,13,1387,870
5,41,14,1386,871
5,41,15,1384,871
5,41,16,1383,872
5,41,17,1381,872
5,41,18,1380,873
5,41,19,1379,873
5,41,20,1380,873
5,41,21,1381,872
5,41,22,1384,872
5,41,23,1385,871
5,41,24,1386,871
5,41,25,1387,870
5,41,26,1388,870
5,41,27,1389,869
5,41,28,1390,869
5,41,29,1391,868
5,41,30,1392,868
5,41,31,1393,867
5,41,32,1394,867
5,41,33,1395,866
5,41,34,1396,866
5,41,35,1397,865
5,41,36,1401,865
5,41,37,1402,866
5,42,0,1177,856
5,42,1,1174,859
5,42,2,1173,859
5,42,3,1171,861
5,42,4,1170,861
5,42,5,1169,862
5,42,6,1167,862
5,42,7,1164,865
5,42,8,1163,865
5,42,9,1162,866
5,42,10,1161,866
5,42,11,1160,867
5,42,12,1158,865
5,42,13,1158,866
5,42,14,1157,867
5,42,15,1158,868
5,42,16,1160,868
5,42,17,1163,865
5,42,18,1164,865
5,42,19,1165,864
5,42,20,1166,864
5,42,21,1168,862
5,42,22,1169,862
5,42,23,1170,861
5,42,24,1172,861
5,43,0,1561,836
5,43,1,1557,836
5,43,2,1556,835
5,43,3,1555,836
5,43,4,1554,836
5,43,5,1555,836
5,43,6,1557,838
5,43,7,1554,841
5,43,8,1553,841
5,43,9,1552,842
5,43,10,1551,842
5,43,11,1550,843
5,43,12,1548,843
5,43,13,1547,844
5,43,14,1542,844
5,43,15,1539,841
5,43,16,1539,838
5,43,17,1541,836
5,43,18,1539,838
5,43,19,1539,841
5,43,20,1540,842
5,43,21,1540,843
5,43,22,1542,845
5,43,23,1546,845
5,43,24,1547,844
5,43,25,1548,844
5,43,26,1549,843
5,43,27,1550,843
5,43,28,1551,842
5,43,29,1552,842
5,43,30,1553,841
5,43,31,1554,841
5,43,32,1555,840
5,43,33,1557,840
5,43,34,1559,838
5,43,35,1560,838
5,43,36,1561,837
5,44,0,1801,815
5,44,1,1800,814
5,44,2,1798,814
5,44,3,1797,815
5,44,4,1794,815
5,44,5,1793,816
5,44,6,1791,816
5,44,7,1790,817
5,44,8,1788,817
5,44,9,1787,818
5,44,10,1786,818
5,44,11,1785,819
5,44,12,1784,819
5,44,13,1782,821
5,44,14,1783,821
5,44,15,1783,820
5,44,16,1784,819
5,44,17,1785,819
5,44,18,1786,818
5,44,19,1787,818
5,44,20,1788,817
5,44,21,1790,817
5,44,22,1791,816
5,44,23,1797,816
5,44,24,1798,817
5,44,25,1796,819
5,44,26,1797,818
5,44,27,1798,818
5,45,0,1531,813
5,45,1,1530,814
5,45,2,1528,814
5,45,3,1527,815
5,45,4,1526,815
5,45,5,1525,816
5,45,6,1523,816
5,45,7,1521,818
5,45,8,1519,818
5,45,9,1518,819
5,45,10,1517,819
5,45,11,1516,820
5,45,12,1510,820
5,45,13,1509,821
5,45,14,1510,820
5,45,15,1516,820
5,45,16,1517,819
5,45,17,1520,819
5,45,18,1521,818
5,45,19,1522,818
5,45,20,1523,817
5,45,21,1524,817
5,45,22,1525,816
5,45,23,1526,816
5,45,24,1527,815
5,45,25,1528,815
5,45,26,1529,814
5,45,27,1530,814
5,46,0,1132,810
5,46,1,1128,814
5,46,2,1127,814
5,46,3,1126,815
5,46,4,1125,815
5,46,5,1124,816
5,46,6,1122,816
5,46,7,1120,818
5,46,8,1119,818
5,46,9,1118,819
5,46,10,1117,819
5,46,11,1116,818
5,46,12,1119,815
5,46,13,1117,817
5,46,14,1116,817
5,46,15,1114,819
5,46,16,1113,819
5,46,17,1112,820
5,46,18,1113,819
5,46,19,1114,819
5,46,20,1115,818
5,46,21,1116,818
5,46,22,1117,819
5,46,23,1116,820
5,46,24,1116,821
5,46,25,1114,823
5,46,26,1113,823
5,46,27,1111,825
5,46,28,1112,824
5,46,29,1114,824
5,46,30,1116,822
5,46,31,1117,822
5,46,32,1118,821
5,46,33,1119,821
5,46,34,1122,818
5,46,35,1123,818
5,46,36,1126,815
5,46,37,1127,815
5,47,0,1273,793
5,47,1,1272,793
5,47,2,1271,794
5,47,3,1270,794
5,47,4,1269,795
5,47,5,1268,795
5,47,6,1266,797
5,47,7,1265,797
5,47,8,1264,798
5,47,9,1263,798
5,47,10,1262,799
5,47,11,1261,799
5,47,12,1260,800
5,47,13,1259,800
5,47,14,1258,801
5,47,15,1257,801
5,47,16,1254,804
5,47,17,1253,804
5,47,18,1250,807
5,47,19,1249,807
5,47,20,1247,809
5,47,21,1246,809
5,47,22,1244,811
5,47,23,1243,811
5,47,24,1242,812
5,47,25,1241,812
5,47,26,1239,814
5,47,27,1238,814
5,47,28,1231,821
5,47,29,1235,817
5,47,30,1236,817
5,47,31,1238,815
5,47,32,1239,815
5,47,33,1241,813
5,47,34,1242,813
5,47,35,1246,809
5,47,36,1247,809
5,47,37,1248,808
5,47,38,1249,808
5,47,39,1251,806
5,47,40,1252,806
5,47,41,1253,805
5,47,42,1254,805
5,47,43,1257,802
5,47,44,1258,802
5,47,45,1260,800
5,47,46,1261,800
5,47,47,1262,799
5,47,48,1263,799
5,47,49,1265,797
5,47,50,1266,797
5,47,51,1267,796
5,47,52,1268,796
5,47,53,1270,794
5,47,54,1271,794
5,47,55,1272,793
5,48,0,195,758
5,48,1,197,760
5,48,2,197,761
5,48,3,196,762
5,48,4,199,765
5,48,5,199,766
5,48,6,200,767
5,48,7,199,766
5,48,8,201,764
5,48,9,203,764
5,48,10,206,767
5,48,11,206,769
5,48,12,208,771
5,48,13,208,773
5,48,14,207,774
5,48,15,207,776
5,48,16,206,777
5,48,17,208,775
5,48,18,208,770
5,48,19,207,769
5,48,20,207,768
5,48,21,205,766
5,48,22,205,765
5,48,23,203,763
5,48,24,201,763
5,48,25,200,762
5,48,26,199,762
5,49,0,2092,741
5,49,1,2092,742
5,49,2,2091,743
5,49,3,2091,744
5,49,4,2088,747
5,49,5,2086,747
5,49,6,2085,748
5,49,7,2076,748
5,49,8,2075,749
5,49,9,2074,749
5,49,10,2074,751
5,49,11,2075,751
5,49,12,2076,752
5,49,13,2077,752
5,49,14,2077,749
5,49,15,2078,748
5,49,16,2085,748
5,49,17,2086,749
5,49,18,2086,750
5,49,19,2091,750
5,49,20,2090,749
5,49,21,2090,748
5,49,22,2089,747
5,49,23,2090,746
5,49,24,2091,746
5,49,25,2091,745
5,49,26,2092,744
5,50,0,1253,730
5,50,1,1252,731
5,50,2,1249,731
5,50,3,1248,730
5,50,4,1250,728
5,50,5,1249,729
5,50,6,1248,729
5,50,7,1246,731
5,50,8,1245,731
5,50,9,1243,733
5,50,10,1242,733
5,50,11,1241,734
5,50,12,1240,734
5,50,13,1241,734
5,50,14,1242,733
5,50,15,1243,734
5,50,16,1243,736
5,50,17,1240,739
5,50,18,1239,739
5,50,19,1237,741
5,50,20,1238,740
5,50,21,1239,740
5,50,22,1240,739
5,50,23,1241,739
5,50,24,1242,738
5,50,25,1243,738
5,50,26,1246,735
5,50,27,1247,735
5,50,28,1251,731
5,50,29,1252,731
5,51,0,1278,714
5,51,1,1277,714
5,51,2,1275,716
5,51,3,1274,716
5,51,4,1271,719
5,51,5,1270,719
5,51,6,1266,723
5,51,7,1264,723
5,51,8,1263,724
5,51,9,1262,724
5,51,10,1261,725
5,51,11,1260,725
5,51,12,1258,727
5,51,13,1257,727
5,51,14,1255,729
5,51,15,1256,728
5,51,16,1257,728
5,51,17,1258,727
5,51,18,1259,727
5,51,19,1260,726
5,51,20,1261,726
5,51,21,1262,725
5,51,22,1263,725
5,51,23,1265,723
5,51,24,1266,723
5,51,25,1267,722
5,51,26,1268,722
5,51,27,1271,719
5,51,28,1272,719
5,51,29,1277,714
5,52,0,1721,698
5,52,1,1708,711
5,52,2,1707,711
5,52,3,1701,717
5,52,4,1700,717
5,52,5,1697,720
5,52,6,1696,720
5,52,7,1695,721
5,52,8,1694,721
5,52,9,1693,722
5,52,10,1692,722
5,52,11,1691,723
5,52,12,1691,724
5,52,13,1689,726
5,52,14,1692,723
5,52,15,1693,723
5,52,16,1695,721
5,52,17,1696,721
5,52,18,1699,718
5,52,19,1700,718
5,52,20,1704,714
5,52,21,1705,714
5,53,0,1319,689
5,53,1,1318,690
5,53,2,1317,690
5,53,3,1314,693
5,53,4,1313,693
5,53,5,1312,694
5,53,6,1311,694
5,53,7,1309,696
5,53,8,1307,696
5,53,9,1305,698
5,53,10,1303,698
5,53,11,1302,699
5,53,12,1301,699
5,53,13,1300,700
5,53,14,1299,699
5,53,15,1299,698
5,53,16,1300,697
5,53,17,1298,699
5,53,18,1299,700
5,53,19,1296,703
5,53,20,1295,703
5,53,21,1295,704
5,53,22,1294,705
5,53,23,1293,705
5,53,24,1292,706
5,53,25,1289,706
5,53,26,1288,707
5,53,27,1287,706
5,53,28,1287,707
5,53,29,1286,708
5,53,30,1285,707
5,53,31,1284,707
5,53,32,1285,707
5,53,33,1286,708
5,53,34,1284,710
5,53,35,1283,710
5,53,36,1284,710
5,53,37,1287,707
5,53,38,1290,707
5,53,39,1291,706
5,53,40,1292,706
5,53,41,1293,705
5,53,42,1294,705
5,53,43,1297,702
5,53,44,1298,702
5,53,45,1299,701
5,53,46,1300,701
5,53,47,1301,700
5,53,48,1302,700
5,53,49,1303,699
5,53,50,1305,699
5,53,51,1307,697
5,53,52,1308,697
5,53,53,1309,696
5,53,54,1310,696
5,53,55,1312,694
5,53,56,1313,694
5,53,57,1316,691
5,53,58,1317,691
5,54,0,678,682
5,54,1,677,682
5,54,2,676,683
5,54,3,672,683
5,54,4,671,684
5,54,5,669,684
5,54,6,668,685
5,54,7,666,685
5,54,8,665,686
5,54,9,662,686
5,54,10,661,687
5,54,11,659,687
5,54,12,658,688
5,54,13,657,688
5,54,14,656,689
5,54,15,655,689
5,54,16,656,689
5,54,17,657,688
5,54,18,659,688
5,54,19,660,687
5,54,20,662,687
5,54,21,663,686
5,54,22,665,686
5,54,23,666,685
5,54,24,668,685
5,54,25,669,684
5,54,26,671,684
5,54,27,672,683
5,54,28,676,683
5,54,29,677,682
5,55,0,1396,644
5,55,1,1394,644
5,55,2,1393,645
5,55,3,1391,645
5,55,4,1390,646
5,55,5,1389,646
5,55,6,1389,647
5,55,7,1390,648
5,55,8,1387,651
5,55,9,1386,651
5,55,10,1385,652
5,55,11,1384,652
5,55,12,1382,654
5,55,13,1381,654
5,55,14,1380,655
5,55,15,1379,655
5,55,16,1378,656
5,55,17,1377,656
5,55,18,1376,657
5,55,19,1377,656
5,55,20,1378,656
5,55,21,1379,655
5,55,22,1382,655
5,55,23,1385,652
5,55,24,1386,652
5,55,25,1388,650
5,55,26,1390,650
5,55,27,1391,649
5,55,28,1392,649
5,55,29,1395,646
5,55,30,1396,646
5,56,0,1446,619
5,56,1,1444,621
5,56,2,1443,621
5,56,3,1442,622
5,56,4,1440,622
5,56,5,1438,624
5,56,6,1437,624
5,56,7,1435,626
5,56,8,1434,626
5,56,9,1432,628
5,56,10,1431,628
5,56,11,1430,629
5,56,12,1429,629
5,56,13,1428,630
5,56,14,1427,630
5,56,15,1426,631
5,56,16,1425,631
5,56,17,1420,636
5,56,18,1422,634
5,56,19,1423,634
5,56,20,1425,632
5,56,21,1426,632
5,56,22,1427,631
5,56,23,1428,631
5,56,24,1429,630
5,56,25,1430,630
5,56,26,1432,628
5,56,27,1433,628
5,56,28,1434,627
5,56,29,1435,627
5,56,30,1437,625
5,56,31,1438,625
5,56,32,1439,624
5,56,33,1440,624
5,56,34,1442,622
5,56,35,1443,622
5,57,0,817,617
5,57,1,817,618
5,57,2,816,619
5,57,3,816,620
5,57,4,814,622
5,57,5,814,624
5,57,6,813,625
5,57,7,813,628
5,57,8,812,629
5,57,9,812,630
5,57,10,811,631
5,57,11,811,632
5,57,12,810,633
5,57,13,810,634
5,57,14,808,636
5,57,15,808,639
5,57,16,807,640
5,57,17,807,642
5,57,18,807,641
5,57,19,808,640
5,57,20,808,639
5,57,21,809,638
5,57,22,809,636
5,57,23,810,635
5,57,24,810,634
5,57,25,811,633
5,57,26,811,631
5,57,27,812,630
5,57,28,812,629
5,57,29,813,628
5,57,30,813,626
5,57,31,814,625
5,57,32,814,624
5,57,33,815,623
5,57,34,815,621
5,57,35,816,620
5,57,36,816,619
5,57,37,817,618
5,58,0,645,617
5,58,1,644,617
5,58,2,643,618
5,58,3,642,618
5,58,4,641,619
5,58,5,639,619
5,58,6,638,620
5,58,7,636,620
5,58,8,635,621
5,58,9,632,621
5,58,10,631,622
5,58,11,630,622
5,58,12,629,623
5,58,13,628,623
5,58,14,627,624
5,58,15,626,624
5,58,16,624,626
5,58,17,623,626
5,58,18,622,627
5,58,19,621,627
5,58,20,620,628
5,58,21,619,628
5,58,22,619,629
5,58,23,617,631
5,58,24,617,633
5,58,25,618,634
5,58,26,618,636
5,58,27,619,637
5,58,28,619,639
5,58,29,620,640
5,58,30,620,645
5,58,31,620,638
5,58,32,619,637
5,58,33,619,635
5,58,34,618,634
5,58,35,618,631
5,58,36,619,630
5,58,37,619,629
5,58,38,620,628
5,58,39,621,628
5,58,40,622,627
5,58,41,623,627
5,58,42,624,626
5,58,43,625,626
5,58,44,626,625
5,58,45,627,625
5,58,46,627,624
5,58,47,628,623
5,58,48,629,623
5,58,49,630,622
5,58,50,633,622
5,58,51,634,621
5,58,52,637,621
5,58,53,638,620
5,58,54,639,620
5,58,55,640,619
5,58,56,641,619
5,58,57,642,618
5,58,58,643,618
5,58,59,644,617
5,59,0,695,600
5,59,1,694,601
5,59,2,693,601
5,59,3,692,602
5,59,4,690,602
5,59,5,689,603
5,59,6,687,603
5,59,7,686,604
5,59,8,684,604
5,59,9,683,605
5,59,10,682,605
5,59,11,681,606
5,59,12,678,606
5,59,13,675,609
5,59,14,675,610
5,59,15,674,611
5,59,16,678,607
5,59,17,679,607
5,59,18,680,606
5,59,19,681,606
5,59,20,682,605
5,59,21,683,605
5,59,22,684,604
5,59,23,686,604
5,59,24,687,603
5,59,25,690,603
5,59,26,691,602
5,59,27,692,602
5,59,28,693,601
5,59,29,694,601
5,60,0,831,584
5,60,1,831,585
5,60,2,830,586
5,60,3,830,587
5,60,4,829,588
5,60,5,829,589
5,60,6,828,590
5,60,7,828,591
5,60,8,827,592
5,60,9,827,593
5,60,10,826,594
5,60,11,826,597
5,60,12,825,598
5,60,13,825,600
5,60,14,824,601
5,60,15,824,603
5,60,16,823,604
5,60,17,823,605
5,60,18,823,604
5,60,19,824,603
5,60,20,824,601
5,60,21,826,599
5,60,22,826,597
5,60,23,828,595
5,60,24,829,595
5,60,25,830,596
5,60,26,830,597
5,60,27,830,595
5,60,28,831,594
5,60,29,831,593
5,60,30,832,592
5,60,31,832,590
5,60,32,831,590
5,60,33,830,589
5,60,34,830,587
5,60,35,831,586
5,61,0,1935,580
5,61,1,1932,583
5,61,2,1931,583
5,61,3,1930,584
5,61,4,1929,584
5,61,5,1928,585
5,61,6,1927,585
5,61,7,1926,584
5,61,8,1926,583
5,61,9,1927,582
5,61,10,1926,583
5,61,11,1925,583
5,61,12,1924,584
5,61,13,1923,584
5,61,14,1922,585
5,61,15,1921,585
5,61,16,1918,588
5,61,17,1918,590
5,61,18,1918,588
5,61,19,1920,586
5,61,20,1922,586
5,61,21,1923,585
5,61,22,1925,585
5,61,23,1926,586
5,61,24,1926,587
5,61,25,1922,591
5,61,26,1923,591
5,61,27,1924,590
5,61,28,1925,590
5,61,29,1927,588
5,61,30,1928,588
5,61,31,1930,586
5,61,32,1930,585
5,62,0,1960,555
5,62,1,1960,557
5,62,2,1955,562
5,62,3,1954,562
5,62,4,1954,563
5,62,5,1948,569
5,62,6,1947,569
5,62,7,1946,570
5,62,8,1945,570
5,62,9,1940,575
5,62,10,1940,576
5,62,11,1937,579
5,62,12,1941,575
5,62,13,1942,575
5,62,14,1960,557
5,63,0,846,544
5,63,1,843,547
5,63,2,841,547
5,63,3,840,546
5,63,4,841,547
5,63,5,843,547
5,63,6,844,546
5,63,7,845,546
5,63,8,845,545
5,63,9,846,544
5,63,10,846,543
5,63,11,845,542
5,63,12,845,541
5,63,13,844,540
5,63,14,844,538
5,63,15,843,537
5,63,16,842,537
5,63,17,840,539
5,63,18,839,538
5,63,19,828,538
5,63,20,836,538
5,63,21,838,540
5,63,22,838,542
5,63,23,839,543
5,63,24,839,544
5,63,25,841,542
5,63,26,841,541
5,63,27,843,539
5,63,28,844,540
5,63,29,844,541
5,63,30,846,543
5,64,0,1585,536
5,64,1,1584,537
5,64,2,1582,537
5,64,3,1581,536
5,64,4,1581,535
5,64,5,1579,532
5,64,6,1576,532
5,64,7,1574,534
5,64,8,1573,534
5,64,9,1572,535
5,64,10,1569,535
5,64,11,1568,534
5,64,12,1571,531
5,64,13,1569,533
5,64,14,1568,533
5,64,15,1568,534
5,64,16,1566,536
5,64,17,1565,536
5,64,18,1562,538
5,64,19,1560,538
5,64,20,1561,539
5,64,21,1561,540
5,64,22,1559,542
5,64,23,1558,542
5,64,24,1555,545
5,64,25,1554,545
5,64,26,1552,547
5,64,27,1551,547
5,64,28,1550,548
5,64,29,1549,548
5,64,30,1548,549
5,64,31,1547,549
5,64,32,1545,551
5,64,33,1544,551
5,64,34,1541,553
5,64,35,1544,551
5,64,36,1546,551
5,64,37,1548,549
5,64,38,1549,549
5,64,39,1551,547
5,64,40,1552,547
5,64,41,1553,546
5,64,42,1554,546
5,64,43,1557,543
5,64,44,1558,543
5,64,45,1561,540
5,64,46,1561,539
5,64,47,1562,538
5,64,48,1563,538
5,64,49,1564,537
5,64,50,1569,537
5,64,51,1570,536
5,64,52,1571,536
5,64,53,1572,535
5,64,54,1573,535
5,64,55,1574,534
5,64,56,1575,534
5,64,57,1577,532
5,64,58,1580,534
5,64,59,1580,536
5,64,60,1578,538
5,64,61,1577,538
5,64,62,1579,538
5,64,63,1580,539
5,64,64,1580,542
5,64,65,1580,540
5,64,66,1583,537
5,64,67,1584,537
5,65,0,1638,520
5,65,1,1637,520
5,65,2,1636,521
5,65,3,1635,521
5,65,4,1634,522
5,65,5,1634,525
5,65,6,1633,526
5,65,7,1633,528
5,65,8,1632,529
5,65,9,1632,530
5,65,10,1628,534
5,65,11,1626,534
5,65,12,1625,533
5,65,13,1626,534
5,65,14,1628,534
5,65,15,1629,533
5,65,16,1630,533
5,65,17,1632,531
5,65,18,1634,531
5,65,19,1635,532
5,65,20,1636,532
5,65,21,1639,535
5,65,22,1642,535
5,65,23,1639,535
5,65,24,1636,532
5,65,25,1636,530
5,65,26,1637,529
5,65,27,1635,527
5,65,28,1635,526
5,65,29,1634,525
5,65,30,1634,524
5,65,31,1635,523
5,65,32,1635,522
5,65,33,1636,521
5,65,34,1637,521
5,66,0,383,517
5,66,1,384,518
5,66,2,384,520
5,66,3,386,522
5,66,4,386,523
5,66,5,387,523
5,66,6,388,524
5,66,7,389,524
5,66,8,391,526
5,66,9,391,527
5,66,10,392,528
5,66,11,392,529
5,66,12,393,530
5,66,13,392,529
5,66,14,392,528
5,66,15,394,526
5,66,16,395,526
5,66,17,396,527
5,66,18,397,527
5,66,19,398,528
5,66,20,399,528
5,66,21,402,531
5,66,22,403,530
5,66,23,404,531
5,66,24,403,530
5,66,25,401,530
5,66,26,399,528
5,66,27,398,528
5,66,28,397,527
5,66,29,396,527
5,66,30,395,526
5,66,31,393,526
5,66,32,390,523
5,66,33,390,522
5,66,34,385,517
5,67,0,901,515
5,67,1,900,516
5,67,2,899,516
5,67,3,898,517
5,67,4,897,517
5,67,5,896,518
5,67,6,895,518
5,67,7,891,522
5,67,8,890,522
5,67,9,888,524
5,67,10,887,524
5,67,11,885,526
5,67,12,884,526
5,67,13,881,529
5,67,14,880,529
5,67,15,877,532
5,67,16,876,532
5,67,17,872,536
5,67,18,871,536
5,67,19,868,539
5,67,20,867,539
5,67,21,866,540
5,67,22,867,540
5,67,23,869,538
5,67,24,870,538
5,67,25,872,536
5,67,26,873,536
5,67,27,876,533
5,67,28,877,533
5,67,29,878,534
5,67,30,878,536
5,67,31,881,533
5,67,32,882,533
5,67,33,883,532
5,67,34,882,532
5,67,35,881,533
5,67,36,880,533
5,67,37,879,532
5,67,38,881,530
5,67,39,881,529
5,67,40,884,526
5,67,41,885,526
5,67,42,887,524
5,67,43,888,524
5,67,44,889,523
5,67,45,891,523
5,67,46,892,524
5,67,47,892,525
5,67,48,893,524
5,67,49,894,524
5,67,50,896,522
5,67,51,897,522
5,67,52,898,521
5,67,53,898,520
5,67,54,897,519
5,67,55,897,518
5,67,56,899,516
5,67,57,900,516
5,68,0,1647,499
5,68,1,1646,499
5,68,2,1645,500
5,68,3,1644,499
5,68,4,1644,502
5,68,5,1643,503
5,68,6,1642,503
5,68,7,1641,504
5,68,8,1639,504
5,68,9,1638,505
5,68,10,1637,505
5,68,11,1636,506
5,68,12,1636,507
5,68,13,1635,508
5,68,14,1635,509
5,68,15,1637,511
5,68,16,1640,511
5,68,17,1640,510
5,68,18,1641,509
5,68,19,1642,509
5,68,20,1644,507
5,68,21,1647,507
5,68,22,1644,507
5,68,23,1642,509
5,68,24,1641,509
5,68,25,1640,510
5,68,26,1637,510
5,68,27,1636,509
5,68,28,1636,507
5,68,29,1638,505
5,68,30,1641,505
5,68,31,1643,503
5,68,32,1644,503
5,68,33,1647,500
5,69,0,1760,501
5,69,1,1731,510
5,69,2,1734,522
5,69,3,1718,517
5,69,4,1677,533
5,69,5,1537,614
5,69,6,1536,607
5,69,7,1528,622
5,69,8,1515,622
5,69,9,1515,631
5,69,10,1475,657
5,69,11,1498,635
5,69,12,1436,692
5,69,13,1429,688
5,69,14,1444,676
5,69,15,1420,688
5,69,16,1408,713
5,69,17,1401,710
5,69,18,1374,739
5,69,19,1368,758
5,69,20,1361,748
5,69,21,1364,766
5,69,22,1351,753
5,69,23,1160,877
5,69,24,1151,871
5,69,25,1135,894
5,69,26,1125,890
5,69,27,1128,899
5,69,28,1105,914
5,69,29,1106,928
5,69,30,1089,928
5,69,31,1103,994
5,69,32,1068,1088
5,69,33,1079,1096
5,69,34,1068,1110
5,69,35,1104,1066
5,69,36,1081,1092
5,69,37,1098,1061
5,69,38,1111,1056
5,69,39,1106,1050
5,69,40,1120,1044
5,69,41,1114,1039
5,69,42,1138,1006
5,69,43,1155,994
5,69,44,1138,1018
5,69,45,1176,970
5,69,46,1273,923
5,69,47,1264,920
5,69,48,1271,915
5,69,49,1282,921
5,69,50,1332,896
5,69,51,1324,886
5,69,52,1339,890
5,69,53,1425,844
5,69,54,1582,785
5,69,55,1687,721
5,69,56,1759,627
5,69,57,1814,585
5,70,0,927,487
5,70,1,927,495
5,70,2,921,501
5,70,3,920,501
5,70,4,916,505
5,70,5,915,505
5,70,6,913,507
5,70,7,914,506
5,70,8,915,506
5,70,9,918,503
5,70,10,919,503
5,70,11,922,500
5,70,12,923,500
5,70,13,926,497
5,70,14,927,497
5,70,15,927,496
5,70,16,928,495
5,70,17,928,491
5,70,18,927,490
5,71,0,964,481
5,71,1,963,482
5,71,2,963,483
5,71,3,960,486
5,71,4,961,485
5,71,5,962,486
5,71,6,962,487
5,71,7,958,491
5,71,8,958,492
5,71,9,950,500
5,71,10,958,492
5,71,11,958,491
5,71,12,963,486
5,71,13,963,485
5,71,14,965,483
5,71,15,965,482
5,72,0,1748,477
5,72,1,1747,476
5,72,2,1746,476
5,72,3,1745,475
5,72,4,1744,475
5,72,5,1741,472
5,72,6,1741,471
5,72,7,1740,472
5,72,8,1737,472
5,72,9,1736,473
5,72,10,1736,475
5,72,11,1734,477
5,72,12,1731,477
5,72,13,1730,478
5,72,14,1729,478
5,72,15,1728,479
5,72,16,1724,479
5,72,17,1723,480
5,72,18,1722,479
5,72,19,1722,477
5,72,20,1720,477
5,72,21,1721,478
5,72,22,1721,480
5,72,23,1720,481
5,72,24,1719,481
5,72,25,1721,481
5,72,26,1722,480
5,72,27,1725,480
5,72,28,1726,479
5,72,29,1729,479
5,72,30,1730,478
5,72,31,1732,478
5,72,32,1733,477
5,72,33,1734,477
5,72,34,1735,476
5,72,35,1740,476
5,72,36,1741,475
5,72,37,1745,475
5,72,38,1746,476
5,72,39,1747,476
5,73,0,997,475
5,73,1,998,476
5,73,2,998,480
5,73,3,998,478
5,73,4,999,477
5,73,5,999,476
5,73,6,1000,475
5,73,7,1003,475
5,73,8,1004,476
5,73,9,1005,476
5,73,10,1006,477
5,73,11,1011,477
5,73,12,1012,476
5,73,13,1014,476
5,73,14,1015,475
5,73,15,1018,475
5,73,16,1019,476
5,73,17,1019,477
5,73,18,1018,478
5,73,19,1019,477
5,73,20,1019,476
5,73,21,1022,473
5,73,22,1020,475
5,73,23,1015,475
5,73,24,1014,476
5,73,25,1012,476
5,73,26,1011,477
5,73,27,1007,477
5,73,28,1006,476
5,73,29,1005,476
5,73,30,1003,474
5,73,31,1003,471
5,73,32,1001,469
5,73,33,1002,468
5,73,34,1001,467
5,73,35,1000,467
5,73,36,1000,469
5,73,37,998,471
5,73,38,998,472
5,73,39,997,473
5,74,0,1862,407
5,74,1,1861,407
5,74,2,1860,406
5,74,3,1857,406
5,74,4,1856,407
5,74,5,1855,407
5,74,6,1855,408
5,74,7,1854,409
5,74,8,1853,409
5,74,9,1849,413
5,74,10,1847,413
5,74,11,1846,414
5,74,12,1845,414
5,74,13,1843,416
5,74,14,1842,416
5,74,15,1839,419
5,74,16,1837,419
5,74,17,1839,419
5,74,18,1840,418
5,74,19,1841,418
5,74,20,1842,417
5,74,21,1843,417
5,74,22,1844,416
5,74,23,1845,416
5,74,24,1848,413
5,74,25,1849,413
5,74,26,1852,410
5,74,27,1853,410
5,74,28,1854,409
5,74,29,1855,409
5,74,30,1856,408
5,74,31,1857,408
5,74,32,1858,407
5,75,0,1113,401
5,75,1,1109,405
5,75,2,1109,406
5,75,3,1106,409
5,75,4,1105,409
5,75,5,1102,412
5,75,6,1102,413
5,75,7,1089,426
5,75,8,1088,426
5,75,9,1085,429
5,75,10,1084,429
5,75,11,1084,430
5,75,12,1083,431
5,75,13,1083,433
5,75,14,1081,435
5,75,15,1079,435
5,75,16,1073,441
5,75,17,1070,442
5,75,18,1065,447
5,75,19,1064,447
5,75,20,1062,449
5,75,21,1061,449
5,75,22,1058,452
5,75,23,1055,453
5,75,24,1052,456
5,75,25,1051,456
5,75,26,1049,458
5,75,27,1050,457
5,75,28,1053,456
5,75,29,1055,454
5,75,30,1056,454
5,75,31,1059,451
5,75,32,1062,450
5,75,33,1068,444
5,75,34,1069,444
5,75,35,1071,442
5,75,36,1072,442
5,75,37,1075,439
5,75,38,1076,439
5,75,39,1077,440
5,75,40,1077,441
5,75,41,1078,440
5,75,42,1079,440
5,75,43,1080,439
5,75,44,1080,436
5,75,45,1082,434
5,75,46,1084,434
5,75,47,1085,433
5,75,48,1086,433
5,75,49,1085,433
5,75,50,1084,432
5,75,51,1084,430
5,75,52,1087,427
5,75,53,1088,427
5,75,54,1090,425
5,75,55,1091,425
5,75,56,1098,418
5,75,57,1098,417
5,75,58,1102,413
5,75,59,1103,413
5,75,60,1109,407
5,75,61,1110,404
5,76,0,884,421
5,76,1,862,417
5,76,2,829,423
5,76,3,802,434
5,76,4,793,431
5,76,5,789,435
5,76,6,785,431
5,76,7,775,434
5,76,8,750,423
5,76,9,735,411
5,76,10,738,408
5,76,11,733,407
5,76,12,730,411
5,76,13,706,401
5,76,14,679,400
5,76,15,655,410
5,76,16,643,424
5,76,17,633,428
5,76,18,637,430
5,76,19,627,444
5,76,20,615,476
5,76,21,607,521
5,76,22,603,527
5,76,23,606,541
5,76,24,605,571
5,76,25,613,618
5,76,26,617,621
5,76,27,668,602
5,76,28,677,589
5,76,29,683,597
5,76,30,715,583
5,76,31,763,547
5,76,32,758,532
5,76,33,768,535
5,76,34,776,531
5,76,35,777,536
5,76,36,771,545
5,76,37,744,571
5,76,38,769,546
5,76,39,771,548
5,76,40,772,542
5,76,41,791,518
5,76,42,780,530
5,76,43,776,527
5,76,44,777,523
5,76,45,785,518
5,76,46,793,504
5,76,47,803,499
5,76,48,804,490
5,76,49,817,479
5,76,50,820,484
5,76,51,813,491
5,76,52,820,485
5,76,53,820,479
5,76,54,825,475
5,76,55,822,469
5,76,56,829,465
5,76,57,831,459
5,76,58,838,454
5,76,59,841,459
5,76,60,846,449
5,76,61,854,444
5,76,62,859,429
5,76,63,865,428
5,76,64,867,431
5,76,65,875,421
5,77,0,2001,379
5,77,1,2001,383
5,77,2,1998,386
5,77,3,1997,386
5,77,4,1996,387
5,77,5,1995,387
5,77,6,1994,388
5,77,7,1992,388
5,77,8,1991,389
5,77,9,1990,389
5,77,10,1988,391
5,77,11,1987,391
5,77,12,1985,393
5,77,13,1984,393
5,77,14,1985,393
5,77,15,1986,392
5,77,16,1987,392
5,77,17,1988,391
5,77,18,1989,391
5,77,19,1991,389
5,77,20,1993,389
5,77,21,1995,387
5,77,22,1996,387
5,77,23,1997,386
5,77,24,1998,386
5,77,25,1999,385
5,77,26,2000,385
5,77,27,2000,384
5,77,28,2001,383
5,78,0,1170,379
5,78,1,1169,379
5,78,2,1168,380
5,78,3,1166,380
5,78,4,1165,381
5,78,5,1162,381
5,78,6,1161,382
5,78,7,1159,382
5,78,8,1157,380
5,78,9,1157,379
5,78,10,1158,378
5,78,11,1154,382
5,78,12,1153,382
5,78,13,1152,383
5,78,14,1153,384
5,78,15,1153,385
5,78,16,1151,387
5,78,17,1148,387
5,78,18,1145,384
5,78,19,1145,386
5,78,20,1146,387
5,78,21,1147,387
5,78,22,1148,388
5,78,23,1149,388
5,78,24,1150,387
5,78,25,1153,387
5,78,26,1154,386
5,78,27,1156,386
5,78,28,1158,384
5,78,29,1159,384
5,78,30,1161,382
5,78,31,1163,382
5,78,32,1164,381
5,78,33,1166,381
5,78,34,1167,380
5,78,35,1168,380
5,78,36,1169,379
5,79,0,1937,371
5,79,1,1936,372
5,79,2,1935,371
5,79,3,1935,369
5,79,4,1936,368
5,79,5,1935,369
5,79,6,1933,369
5,79,7,1932,370
5,79,8,1931,370
5,79,9,1930,371
5,79,10,1926,371
5,79,11,1925,372
5,79,12,1922,372
5,79,13,1921,373
5,79,14,1918,373
5,79,15,1917,374
5,79,16,1916,374
5,79,17,1916,375
5,79,18,1918,375
5,79,19,1919,374
5,79,20,1920,374
5,79,21,1921,373
5,79,22,1922,374
5,79,23,1925,374
5,79,24,1926,375
5,79,25,1926,377
5,79,26,1927,378
5,79,27,1927,380
5,79,28,1927,374
5,79,29,1928,373
5,79,30,1930,373
5,79,31,1931,372
5,79,32,1936,372
5,80,0,2017,357
5,80,1,2017,358
5,80,2,2018,359
5,80,3,2017,360
5,80,4,2017,362
5,80,5,2016,363
5,80,6,2018,361
5,80,7,2019,362
5,80,8,2019,363
5,80,9,2021,365
5,80,10,2021,367
5,80,11,2022,368
5,80,12,2022,369
5,80,13,2024,369
5,80,14,2029,364
5,80,15,2027,366
5,80,16,2026,366
5,80,17,2025,367
5,80,18,2023,367
5,80,19,2020,364
5,80,20,2020,360
5,80,21,2021,359
5,80,22,2021,358
5,80,23,2022,357
5,80,24,2020,359
5,80,25,2019,359
5,81,0,1992,359
5,81,1,1989,356
5,81,2,1989,353
5,81,3,1988,354
5,81,4,1986,354
5,81,5,1985,355
5,81,6,1984,355
5,81,7,1983,356
5,81,8,1982,356
5,81,9,1981,357
5,81,10,1979,357
5,81,11,1979,358
5,81,12,1978,359
5,81,13,1977,358
5,81,14,1975,358
5,81,15,1975,360
5,81,16,1973,362
5,81,17,1970,362
5,81,18,1969,363
5,81,19,1968,363
5,81,20,1967,362
5,81,21,1967,360
5,81,22,1967,361
5,81,23,1966,362
5,81,24,1967,363
5,81,25,1971,363
5,81,26,1972,362
5,81,27,1973,362
5,81,28,1974,361
5,81,29,1976,361
5,81,30,1979,358
5,81,31,1985,358
5,81,32,1986,357
5,81,33,1990,357
5,82,0,1216,352
5,82,1,1215,353
5,82,2,1214,353
5,82,3,1213,354
5,82,4,1212,354
5,82,5,1211,355
5,82,6,1210,355
5,82,7,1209,356
5,82,8,1208,356
5,82,9,1207,357
5,82,10,1206,357
5,82,11,1203,360
5,82,12,1202,360
5,82,13,1200,362
5,82,14,1199,362
5,82,15,1198,363
5,82,16,1197,363
5,82,17,1196,364
5,82,18,1195,364
5,82,19,1193,366
5,82,20,1192,366
5,82,21,1191,367
5,82,22,1190,367
5,82,23,1189,368
5,82,24,1188,368
5,82,25,1187,369
5,82,26,1186,369
5,82,27,1185,370
5,82,28,1184,370
5,82,29,1179,375
5,82,30,1178,375
5,82,31,1176,377
5,82,32,1173,377
5,82,33,1172,378
5,82,34,1173,377
5,82,35,1175,377
5,82,36,1176,378
5,82,37,1177,378
5,82,38,1176,377
5,82,39,1178,375
5,82,40,1179,375
5,82,41,1183,371
5,82,42,1185,371
5,82,43,1186,370
5,82,44,1187,370
5,82,45,1189,368
5,82,46,1191,368
5,82,47,1194,365
5,82,48,1195,365
5,82,49,1196,364
5,82,50,1197,364
5,82,51,1199,362
5,82,52,1200,362
5,82,53,1202,360
5,82,54,1203,360
5,82,55,1204,359
5,82,56,1205,359
5,82,57,1206,358
5,82,58,1207,358
5,82,59,1208,357
5,82,60,1209,357
5,82,61,1211,355
5,82,62,1212,355
5,82,63,1214,353
5,82,64,1215,353
5,83,0,28,345
5,83,1,27,346
5,83,2,26,346
5,83,3,24,348
5,83,4,23,348
5,83,5,19,352
5,83,6,18,352
5,83,7,15,355
5,83,8,15,356
5,83,9,14,357
5,83,10,14,358
5,83,11,13,359
5,83,12,13,360
5,83,13,12,361
5,83,14,12,362
5,83,15,12,361
5,83,16,13,360
5,83,17,13,359
5,83,18,14,358
5,83,19,14,357
5,83,20,15,356
5,83,21,15,355
5,83,22,16,354
5,83,23,17,354
5,83,24,18,353
5,83,25,19,353
5,83,26,20,354
5,83,27,20,356
5,83,28,20,354
5,83,29,24,350
5,83,30,25,350
5,83,31,27,348
5,83,32,28,348
5,83,33,27,348
5,83,34,26,347
5,84,0,2093,337
5,84,1,2088,334
5,84,2,2067,341
5,84,3,2053,358
5,84,4,2046,357
5,84,5,2045,361
5,84,6,2038,358
5,84,7,2031,363
5,84,8,2034,367
5,84,9,2029,374
5,84,10,1980,403
5,84,11,1873,439
5,84,12,1868,444
5,84,13,1866,467
5,84,14,1873,462
5,84,15,1877,466
5,84,16,1862,482
5,84,17,1851,477
5,84,18,1853,472
5,84,19,1860,471
5,84,20,1863,448
5,84,21,1859,446
5,84,22,1765,493
5,84,23,1763,499
5,84,24,1783,533
5,84,25,1816,579
5,84,26,1824,581
5,84,27,1846,569
5,84,28,1835,545
5,84,29,1839,534
5,84,30,1844,537
5,84,31,1840,549
5,84,32,1851,559
5,84,33,1858,559
5,84,34,1859,567
5,84,35,1864,549
5,84,36,1871,554
5,84,37,1889,546
5,84,38,1885,542
5,84,39,1877,549
5,84,40,1870,548
5,84,41,1874,541
5,84,42,1910,520
5,84,43,1911,505
5,84,44,1915,508
5,84,45,1912,519
5,84,46,1915,522
5,84,47,1967,492
5,84,48,1968,498
5,84,49,1949,511
5,84,50,1984,487
5,84,51,1975,493
5,84,52,1971,492
5,84,53,1972,487
5,84,54,1992,474
5,84,55,1997,479
5,84,56,2004,471
5,84,57,2001,468
5,84,58,2013,456
5,84,59,2042,442
5,84,60,2050,430
5,84,61,2050,417
5,84,62,2060,427
5,84,63,2059,431
5,84,64,2065,419
5,84,65,2089,403
5,84,66,2092,406
5,84,67,2089,402
5,84,68,2077,414
5,84,69,2071,413
5,84,70,2092,390
5,85,0,1270,317
5,85,1,1269,318
5,85,2,1268,318
5,85,3,1267,319
5,85,4,1266,319
5,85,5,1265,320
5,85,6,1264,320
5,85,7,1262,322
5,85,8,1261,322
5,85,9,1257,326
5,85,10,1256,326
5,85,11,1254,328
5,85,12,1253,328
5,85,13,1251,330
5,85,14,1250,330
5,85,15,1248,332
5,85,16,1247,332
5,85,17,1245,334
5,85,18,1244,334
5,85,19,1242,336
5,85,20,1241,336
5,85,21,1239,338
5,85,22,1238,338
5,85,23,1236,340
5,85,24,1235,340
5,85,25,1233,342
5,85,26,1232,342
5,85,27,1231,343
5,85,28,1232,342
5,85,29,1233,342
5,85,30,1234,341
5,85,31,1235,341
5,85,32,1236,340
5,85,33,1237,340
5,85,34,1240,337
5,85,35,1241,337
5,85,36,1242,336
5,85,37,1243,336
5,85,38,1245,334
5,85,39,1246,334
5,85,40,1250,330
5,85,41,1251,330
5,85,42,1252,329
5,85,43,1253,329
5,85,44,1255,327
5,85,45,1256,327
5,85,46,1257,326
5,85,47,1258,326
5,85,48,1259,325
5,85,49,1260,325
5,85,50,1262,323
5,85,51,1263,323
5,85,52,1267,319
5,85,53,1268,319
5,86,0,2092,305
5,86,1,2092,306
5,86,2,2092,305
5,86,3,2090,303
5,86,4,2087,303
5,86,5,2086,304
5,86,6,2085,304
5,86,7,2084,303
5,86,8,2083,303
5,86,9,2082,304
5,86,10,2083,305
5,86,11,2083,306
5,86,12,2078,311
5,86,13,2077,311
5,86,14,2076,312
5,86,15,2075,312
5,86,16,2073,314
5,86,17,2072,314
5,86,18,2070,316
5,86,19,2069,316
5,86,20,2068,317
5,86,21,2067,317
5,86,22,2066,318
5,86,23,2065,318
5,86,24,2064,319
5,86,25,2063,319
5,86,26,2062,320
5,86,27,2061,320
5,86,28,2060,321
5,86,29,2059,321
5,86,30,2058,320
5,86,31,2056,320
5,86,32,2054,322
5,86,33,2053,322
5,86,34,2051,324
5,86,35,2052,325
5,86,36,2053,324
5,86,37,2055,324
5,86,38,2056,323
5,86,39,2057,323
5,86,40,2059,321
5,86,41,2060,321
5,86,42,2061,320
5,86,43,2064,320
5,86,44,2065,319
5,86,45,2066,319
5,86,46,2067,318
5,86,47,2068,318
5,86,48,2072,314
5,86,49,2073,314
5,86,50,2074,313
5,86,51,2075,313
5,86,52,2076,312
5,86,53,2077,312
5,86,54,2080,309
5,86,55,2081,309
5,86,56,2083,307
5,86,57,2083,306
5,86,58,2084,305
5,86,59,2085,305
5,86,60,2086,304
5,86,61,2087,304
5,86,62,2088,303
5,86,63,2090,303
5,87,0,1103,303
5,87,1,1103,304
5,87,2,1105,306
5,87,3,1105,307
5,87,4,1107,309
5,87,5,1107,310
5,87,6,1108,311
5,87,7,1108,312
5,87,8,1110,314
5,87,9,1110,315
5,87,10,1111,316
5,87,11,1111,317
5,87,12,1112,318
5,87,13,1112,319
5,87,14,1113,320
5,87,15,1113,321
5,87,16,1114,322
5,87,17,1114,323
5,87,18,1116,325
5,87,19,1116,326
5,87,20,1117,327
5,87,21,1117,328
5,87,22,1120,331
5,87,23,1117,328
5,87,24,1117,327
5,87,25,1116,326
5,87,26,1116,325
5,87,27,1115,324
5,87,28,1115,323
5,87,29,1114,322
5,87,30,1114,321
5,87,31,1113,320
5,87,32,1113,319
5,87,33,1112,318
5,87,34,1112,317
5,87,35,1111,316
5,87,36,1111,315
5,87,37,1109,313
5,87,38,1109,312
5,87,39,1107,310
5,87,40,1107,309
5,87,41,1106,308
5,87,42,1106,307
5,87,43,1105,306
5,87,44,1105,305
5,88,0,1327,274
5,88,1,1324,274
5,88,2,1319,279
5,88,3,1319,280
5,88,4,1318,281
5,88,5,1317,281
5,88,6,1317,282
5,88,7,1316,283
5,88,8,1313,284
5,88,9,1310,287
5,88,10,1310,288
5,88,11,1309,289
5,88,12,1308,289
5,88,13,1307,290
5,88,14,1305,290
5,88,15,1300,295
5,88,16,1299,295
5,88,17,1297,297
5,88,18,1296,297
5,88,19,1294,299
5,88,20,1293,299
5,88,21,1287,305
5,88,22,1286,305
5,88,23,1282,309
5,88,24,1281,309
5,88,25,1280,310
5,88,26,1277,311
5,88,27,1272,316
5,88,28,1273,315
5,88,29,1274,315
5,88,30,1277,312
5,88,31,1278,312
5,88,32,1281,309
5,88,33,1284,308
5,88,34,1287,305
5,88,35,1288,305
5,88,36,1290,303
5,88,37,1292,303
5,88,38,1293,304
5,88,39,1293,305
5,88,40,1292,306
5,88,41,1296,302
5,88,42,1297,302
5,88,43,1298,301
5,88,44,1296,301
5,88,45,1295,300
5,88,46,1300,295
5,88,47,1301,295
5,88,48,1303,293
5,88,49,1304,293
5,88,50,1305,294
5,88,51,1305,295
5,88,52,1306,295
5,88,53,1307,294
5,88,54,1307,293
5,88,55,1312,288
5,88,56,1315,288
5,88,57,1316,287
5,88,58,1315,288
5,88,59,1314,288
5,88,60,1313,287
5,88,61,1313,285
5,88,62,1315,283
5,88,63,1316,283
5,88,64,1319,280
5,88,65,1321,280
5,88,66,1322,281
5,88,67,1321,282
5,88,68,1322,282
5,88,69,1327,277
5,89,0,1346,253
5,89,1,1344,255
5,89,2,1344,256
5,89,3,1334,266
5,89,4,1334,267
5,89,5,1332,269
5,89,6,1332,271
5,89,7,1333,272
5,89,8,1332,271
5,89,9,1332,269
5,89,10,1341,260
5,89,11,1342,260
5,89,12,1342,259
5,89,13,1344,257
5,89,14,1344,256
5,89,15,1346,254
5,90,0,1172,239
5,90,1,1171,239
5,90,2,1170,240
5,90,3,1169,240
5,90,4,1168,241
5,90,5,1167,241
5,90,6,1166,242
5,90,7,1165,242
5,90,8,1165,243
5,90,9,1163,245
5,90,10,1162,245
5,90,11,1160,247
5,90,12,1159,247
5,90,13,1157,249
5,90,14,1156,249
5,90,15,1155,250
5,90,16,1154,250
5,90,17,1153,251
5,90,18,1151,251
5,90,19,1149,253
5,90,20,1148,253
5,90,21,1148,254
5,90,22,1145,257
5,90,23,1144,257
5,90,24,1143,258
5,90,25,1142,258
5,90,26,1141,259
5,90,27,1139,259
5,90,28,1134,264
5,90,29,1133,264
5,90,30,1131,266
5,90,31,1130,266
5,90,32,1128,268
5,90,33,1127,268
5,90,34,1125,270
5,90,35,1123,270
5,90,36,1122,271
5,90,37,1123,270
5,90,38,1126,270
5,90,39,1127,269
5,90,40,1128,269
5,90,41,1131,266
5,90,42,1132,266
5,90,43,1136,262
5,90,44,1137,262
5,90,45,1139,260
5,90,46,1140,260
5,90,47,1141,259
5,90,48,1142,259
5,90,49,1143,258
5,90,50,1144,258
5,90,51,1146,256
5,90,52,1147,256
5,90,53,1152,251
5,90,54,1153,251
5,90,55,1154,250
5,90,56,1155,250
5,90,57,1156,249
5,90,58,1158,249
5,90,59,1159,248
5,90,60,1160,248
5,90,61,1165,243
5,90,62,1166,243
5,90,63,1166,242
5,90,64,1167,241
5,90,65,1168,241
5,90,66,1169,240
5,90,67,1170,240
5,90,68,1171,239
5,91,0,1302,176
5,91,1,1301,176
5,91,2,1300,175
5,91,3,1298,175
5,91,4,1297,174
5,91,5,1295,176
5,91,6,1294,176
5,91,7,1293,177
5,91,8,1292,177
5,91,9,1291,176
5,91,10,1290,177
5,91,11,1287,177
5,91,12,1284,179
5,91,13,1263,179
5,91,14,1261,181
5,91,15,1260,181
5,91,16,1257,184
5,91,17,1256,184
5,91,18,1251,189
5,91,19,1250,189
5,91,20,1248,191
5,91,21,1247,191
5,91,22,1244,194
5,91,23,1244,195
5,91,24,1243,196
5,91,25,1243,198
5,91,26,1243,196
5,91,27,1250,189
5,91,28,1251,189
5,91,29,1255,185
5,91,30,1256,185
5,91,31,1258,183
5,91,32,1259,183
5,91,33,1262,180
5,91,34,1265,180
5,91,35,1266,179
5,91,36,1267,180
5,91,37,1280,180
5,91,38,1281,179
5,91,39,1284,179
5,91,40,1285,178
5,91,41,1290,178
5,91,42,1291,177
5,91,43,1293,177
5,91,44,1294,176
5,91,45,1296,176
5,91,46,1297,175
5,91,47,1299,175
5,91,48,1300,176
5,92,0,1466,168
5,92,1,1461,173
5,92,2,1460,173
5,92,3,1452,181
5,92,4,1451,181
5,92,5,1436,196
5,92,6,1438,194
5,92,7,1440,194
5,92,8,1441,193
5,92,9,1442,193
5,92,10,1443,194
5,92,11,1441,196
5,92,12,1441,197
5,92,13,1446,192
5,92,14,1445,192
5,92,15,1444,191
5,92,16,1444,189
5,92,17,1453,180
5,92,18,1454,180
5,93,0,237,168
5,93,1,238,168
5,93,2,239,169
5,93,3,239,172
5,93,4,240,173
5,93,5,240,174
5,93,6,241,175
5,93,7,241,188
5,93,8,242,189
5,93,9,241,190
5,93,10,241,191
5,93,11,241,190
5,93,12,242,189
5,93,13,241,188
5,93,14,241,183
5,93,15,242,182
5,93,16,242,179
5,93,17,241,178
5,93,18,241,175
5,93,19,240,174
5,93,20,240,172
5,93,21,241,171
5,93,22,243,171
5,93,23,244,172
5,93,24,242,170
5,93,25,241,170
5,93,26,239,168
5,94,0,1225,134
5,94,1,1217,133
5,94,2,1203,126
5,94,3,1204,129
5,94,4,1202,131
5,94,5,1198,131
5,94,6,1187,138
5,94,7,1180,139
5,94,8,1173,146
5,94,9,1148,159
5,94,10,1140,159
5,94,11,1138,161
5,94,12,1126,159
5,94,13,1110,164
5,94,14,1109,161
5,94,15,1105,164
5,94,16,1101,161
5,94,17,1108,167
5,94,18,1100,180
5,94,19,1101,235
5,94,20,1099,246
5,94,21,1095,250
5,94,22,1093,249
5,94,23,1093,252
5,94,24,1095,251
5,94,25,1097,256
5,94,26,1094,262
5,94,27,1092,261
5,94,28,1092,257
5,94,29,1091,262
5,94,30,1092,285
5,94,31,1094,283
5,94,32,1097,285
5,94,33,1100,284
5,94,34,1116,267
5,94,35,1122,263
5,94,36,1128,262
5,94,37,1161,237
5,94,38,1174,231
5,94,39,1226,197
5,94,40,1232,195
5,94,41,1235,190
5,94,42,1235,180
5,94,43,1239,178
5,94,44,1241,183
5,94,45,1245,185
5,94,46,1254,176
5,94,47,1251,168
5,94,48,1254,167
5,94,49,1251,164
5,94,50,1250,167
5,94,51,1248,166
5,94,52,1247,163
5,94,53,1250,162
5,94,54,1241,153
5,94,55,1243,156
5,94,56,1239,159
5,94,57,1240,170
5,94,58,1237,173
5,94,59,1233,170
5,94,60,1234,157
5,94,61,1226,142
5,95,0,1364,98
5,95,1,1363,98
5,95,2,1362,99
5,95,3,1361,99
5,95,4,1360,100
5,95,5,1358,100
5,95,6,1356,102
5,95,7,1355,102
5,95,8,1353,104
5,95,9,1352,104
5,95,10,1344,112
5,95,11,1344,113
5,95,12,1341,116
5,95,13,1340,116
5,95,14,1337,119
5,95,15,1337,120
5,95,16,1335,122
5,95,17,1336,121
5,95,18,1337,121
5,95,19,1338,120
5,95,20,1339,120
5,95,21,1340,119
5,95,22,1341,119
5,95,23,1342,118
5,95,24,1343,118
5,95,25,1343,117
5,95,26,1344,116
5,95,27,1344,114
5,95,28,1345,113
5,95,29,1345,112
5,95,30,1348,109
5,95,31,1351,109
5,95,32,1354,106
5,95,33,1354,105
5,95,34,1359,100
5,95,35,1360,100
5,95,36,1361,99
5,95,37,1362,99
5,95,38,1363,98
5,96,0,21,91
5,96,1,19,91
5,96,2,18,92
5,96,3,17,91
5,96,4,15,91
5,96,5,14,90
5,96,6,18,94
5,96,7,13,99
5,96,8,12,99
5,96,9,11,100
5,96,10,10,100
5,96,11,6,96
5,96,12,6,95
5,96,13,5,94
5,96,14,5,91
5,96,15,8,88
5,96,16,9,89
5,96,17,12,89
5,96,18,10,89
5,96,19,8,87
5,96,20,7,88
5,96,21,6,88
5,96,22,6,89
5,96,23,5,90
5,96,24,5,97
5,96,25,6,98
5,96,26,6,99
5,96,27,7,100
5,96,28,7,101
5,96,29,8,102
5,96,30,8,103
5,96,31,10,101
5,96,32,12,101
5,96,33,13,100
5,96,34,14,100
5,96,35,14,99
5,96,36,19,94
5,96,37,20,94
5,96,38,21,93
5,97,0,1550,81
5,97,1,1550,83
5,97,2,1547,87
5,97,3,1547,88
5,97,4,1541,94
5,97,5,1540,94
5,97,6,1531,103
5,97,7,1531,104
5,97,8,1529,106
5,97,9,1528,106
5,97,10,1520,114
5,97,11,1519,114
5,97,12,1516,117
5,97,13,1515,117
5,97,14,1508,124
5,97,15,1508,125
5,97,16,1501,132
5,97,17,1501,133
5,97,18,1498,136
5,97,19,1497,136
5,97,20,1497,137
5,97,21,1492,142
5,97,22,1492,143
5,97,23,1490,145
5,97,24,1489,145
5,97,25,1483,151
5,97,26,1493,142
5,97,27,1495,142
5,97,28,1496,143
5,97,29,1496,144
5,97,30,1498,142
5,97,31,1498,141
5,97,32,1500,139
5,97,33,1499,139
5,97,34,1498,138
5,97,35,1498,137
5,97,36,1499,136
5,97,37,1499,135
5,97,38,1502,132
5,97,39,1502,131
5,97,40,1518,115
5,97,41,1521,114
5,97,42,1524,111
5,97,43,1525,111
5,97,44,1531,105
5,97,45,1531,104
5,97,46,1533,102
5,97,47,1533,101
5,97,48,1539,95
5,97,49,1540,95
5,97,50,1548,88
5,97,51,1548,87
5,97,52,1550,85
5,98,0,1575,66
5,98,1,1574,67
5,98,2,1573,67
5,98,3,1572,68
5,98,4,1571,68
5,98,5,1565,74
5,98,6,1564,74
5,98,7,1562,76
5,98,8,1561,76
5,98,9,1559,78
5,98,10,1551,78
5,98,11,1551,79
5,98,12,1552,78
5,98,13,1555,78
5,98,14,1556,79
5,98,15,1558,79
5,98,16,1559,78
5,98,17,1560,78
5,98,18,1564,74
5,98,19,1565,74
5,98,20,1568,71
5,98,21,1569,71
5,98,22,1573,67
5,98,23,1574,67
5,99,0,12,59
5,99,1,10,59
5,99,2,7,62
5,99,3,7,63
5,99,4,6,64
5,99,5,6,76
5,99,6,9,79
5,99,7,10,79
5,99,8,11,80
5,99,9,10,79
5,99,10,9,79
5,99,11,8,78
5,99,12,8,77
5,99,13,6,75
5,99,14,6,67
5,99,15,7,66
5,99,16,7,64
5,99,17,8,63
5,99,18,8,62
5,99,19,9,61
5,99,20,12,61
5,99,21,13,62
5,99,22,13,64
5,99,23,13,60
5,100,0,1597,49
5,100,1,1596,48
5,100,2,1595,48
5,100,3,1594,47
5,100,4,1593,47
5,100,5,1592,46
5,100,6,1591,46
5,100,7,1590,45
5,100,8,1589,45
5,100,9,1588,44
5,100,10,1587,44
5,100,11,1586,43
5,100,12,1583,43
5,100,13,1584,43
5,100,14,1585,44
5,100,15,1586,44
5,100,16,1587,45
5,100,17,1588,45
5,100,18,1589,46
5,100,19,1591,46
5,100,20,1592,47
5,100,21,1593,47
5,100,22,1595,49
5,100,23,1595,52
5,100,24,1594,53
5,100,25,1593,53
5,100,26,1592,54
5,100,27,1591,54
5,100,28,1588,57
5,100,29,1587,57
5,100,30,1586,58
5,100,31,1585,58
5,100,32,1584,59
5,100,33,1583,59
5,100,34,1578,64
5,100,35,1582,60
5,100,36,1583,60
5,100,37,1584,59
5,100,38,1585,59
5,100,39,1587,57
5,100,40,1588,57
5,100,41,1590,55
5,100,42,1591,55
5,100,43,1592,54
5,100,44,1593,54
5,100,45,1594,53
5,100,46,1595,53
5,100,47,1597,51
5,101,0,1560,31
5,101,1,1555,31
5,101,2,1554,32
5,101,3,1551,32
5,101,4,1550,33
5,101,5,1548,33
5,101,6,1547,34
5,101,7,1546,34
5,101,8,1545,35
5,101,9,1543,35
5,101,10,1542,36
5,101,11,1541,36
5,101,12,1540,37
5,101,13,1539,37
5,101,14,1538,38
5,101,15,1539,38
5,101,16,1540,37
5,101,17,1541,37
5,101,18,1542,36
5,101,19,1543,36
5,101,20,1544,35
5,101,21,1545,35
5,101,22,1546,34
5,101,23,1548,34
5,101,24,1549,33
5,101,25,1551,33
5,101,26,1552,32
5,101,27,1554,32
5,101,28,1555,31
5,101,29,1556,32
5,101,30,1557,32
5,101,31,1558,31
5,102,0,69,4
5,102,1,71,6
5,102,2,71,3
5,102,3,72,2
5,102,4,73,2
5,102,5,74,1
5,102,6,96,1
5,102,7,97,2
5,102,8,109,2
5,102,9,110,3
5,102,10,110,5
5,102,11,109,6
5,102,12,106,6
5,102,13,109,6
5,102,14,110,5
5,102,15,111,5
5,102,16,112,4
5,102,17,113,4
5,102,18,114,3
5,102,19,115,3
5,102,20,116,2
5,102,21,116,1
5,102,22,117,0
5,102,23,70,0
5,102,24,70,2
5,102,25,69,3
6,0,0,634,1420
6,0,1,632,1422
6,0,2,632,1423
6,0,3,631,1424
6,0,4,631,1425
6,0,5,630,1426
6,0,6,630,1427
6,0,7,628,1429
6,0,8,628,1430
6,0,9,627,1431
6,0,10,627,1433
6,0,11,624,1436
6,0,12,624,1437
6,0,13,623,1438
6,0,14,623,1439
6,0,15,622,1440
6,0,16,622,1441
6,0,17,621,1442
6,0,18,621,1444
6,0,19,620,1445
6,0,20,620,1449
6,0,21,619,1450
6,0,22,619,1451
6,0,23,618,1452
6,0,24,618,1453
6,0,25,617,1454
6,0,26,617,1455
6,0,27,620,1455
6,0,28,620,1452
6,0,29,621,1451
6,0,30,621,1450
6,0,31,623,1448
6,0,32,623,1447
6,0,33,624,1446
6,0,34,624,1444
6,0,35,625,1443
6,0,36,625,1442
6,0,37,626,1441
6,0,38,626,1438
6,0,39,627,1437
6,0,40,627,1436
6,0,41,628,1435
6,0,42,628,1433
6,0,43,629,1432
6,0,44,629,1431
6,0,45,631,1429
6,0,46,631,1427
6,0,47,632,1426
6,0,48,632,1424
6,0,49,634,1422
6,1,0,324,1419
6,1,1,323,1419
6,1,2,321,1421
6,1,3,321,1422
6,1,4,320,1423
6,1,5,320,1425
6,1,6,318,1427
6,1,7,318,1428
6,1,8,317,1429
6,1,9,317,1430
6,1,10,316,1431
6,1,11,316,1432
6,1,12,315,1433
6,1,13,315,1434
6,1,14,314,1435
6,1,15,314,1436
6,1,16,313,1437
6,1,17,313,1438
6,1,18,312,1439
6,1,19,312,1440
6,1,20,311,1441
6,1,21,311,1442
6,1,22,310,1443
6,1,23,310,1444
6,1,24,309,1445
6,1,25,309,1446
6,1,26,308,1447
6,1,27,308,1449
6,1,28,306,1451
6,1,29,306,1453
6,1,30,305,1454
6,1,31,305,1455
6,1,32,308,1455
6,1,33,308,1450
6,1,34,309,1449
6,1,35,309,1448
6,1,36,311,1446
6,1,37,311,1445
6,1,38,312,1444
6,1,39,312,1443
6,1,40,313,1442
6,1,41,313,1441
6,1,42,314,1440
6,1,43,314,1439
6,1,44,315,1438
6,1,45,315,1437
6,1,46,316,1436
6,1,47,316,1435
6,1,48,317,1434
6,1,49,317,1433
6,1,50,318,1432
6,1,51,318,1431
6,1,52,319,1430
6,1,53,319,1429
6,1,54,320,1428
6,1,55,320,1427
6,1,56,321,1426
6,1,57,321,1425
6,1,58,323,1423
6,1,59,323,1422
6,1,60,324,1421
6,2,0,429,1413
6,2,1,428,1414
6,2,2,427,1414
6,2,3,421,1420
6,2,4,421,1421
6,2,5,418,1424
6,2,6,418,1425
6,2,7,417,1426
6,2,8,416,1426
6,2,9,414,1428
6,2,10,414,1429
6,2,11,413,1430
6,2,12,413,1431
6,2,13,409,1435
6,2,14,408,1435
6,2,15,408,1436
6,2,16,405,1439
6,2,17,405,1442
6,2,18,404,1443
6,2,19,404,1444
6,2,20,403,1445
6,2,21,403,1446
6,2,22,401,1448
6,2,23,399,1448
6,2,24,395,1452
6,2,25,395,1454
6,2,26,394,1455
6,2,27,401,1455
6,2,28,401,1451
6,2,29,407,1445
6,2,30,408,1445
6,2,31,411,1442
6,2,32,411,1441
6,2,33,413,1439
6,2,34,413,1437
6,2,35,414,1436
6,2,36,414,1434
6,2,37,423,1425
6,2,38,424,1425
6,2,39,426,1423
6,2,40,426,1422
6,2,41,428,1420
6,2,42,428,1419
6,2,43,431,1416
6,2,44,431,1415
6,3,0,743,1407
6,3,1,741,1407
6,3,2,739,1409
6,3,3,738,1409
6,3,4,735,1412
6,3,5,734,1412
6,3,6,732,1414
6,3,7,731,1414
6,3,8,729,1416
6,3,9,728,1416
6,3,10,724,1420
6,3,11,723,1420
6,3,12,719,1424
6,3,13,718,1424
6,3,14,717,1425
6,3,15,717,1426
6,3,16,716,1427
6,3,17,718,1427
6,3,18,720,1425
6,3,19,721,1425
6,3,20,724,1422
6,3,21,725,1422
6,3,22,727,1420
6,3,23,728,1420
6,3,24,730,1418
6,3,25,731,1418
6,3,26,735,1414
6,3,27,736,1414
6,3,28,740,1410
6,3,29,741,1410
6,3,30,742,1409
6,3,31,742,1408
6,4,0,631,1399
6,4,1,630,1400
6,4,2,629,1400
6,4,3,628,1401
6,4,4,627,1401
6,4,5,624,1404
6,4,6,624,1405
6,4,7,623,1406
6,4,8,623,1407
6,4,9,622,1408
6,4,10,622,1409
6,4,11,615,1416
6,4,12,615,1417
6,4,13,614,1418
6,4,14,614,1419
6,4,15,613,1420
6,4,16,613,1422
6,4,17,614,1423
6,4,18,613,1424
6,4,19,613,1425
6,4,20,612,1426
6,4,21,610,1426
6,4,22,609,1427
6,4,23,608,1427
6,4,24,606,1429
6,4,25,605,1429
6,4,26,604,1430
6,4,27,604,1431
6,4,28,603,1432
6,4,29,603,1433
6,4,30,602,1434
6,4,31,602,1436
6,4,32,603,1437
6,4,33,606,1437
6,4,34,608,1435
6,4,35,608,1434
6,4,36,611,1431
6,4,37,611,1430
6,4,38,612,1429
6,4,39,612,1426
6,4,40,613,1425
6,4,41,614,1425
6,4,42,623,1416
6,4,43,623,1415
6,4,44,626,1412
6,4,45,626,1411
6,4,46,629,1408
6,4,47,629,1407
6,4,48,633,1403
6,4,49,633,1401
6,5,0,360,1400
6,5,1,358,1402
6,5,2,358,1406
6,5,3,359,1407
6,5,4,359,1419
6,5,5,358,1420
6,5,6,358,1423
6,5,7,360,1425
6,5,8,361,1425
6,5,9,362,1426
6,5,10,365,1426
6,5,11,366,1425
6,5,12,373,1425
6,5,13,374,1426
6,5,14,381,1426
6,5,15,384,1429
6,5,16,384,1431
6,5,17,387,1434
6,5,18,389,1434
6,5,19,391,1432
6,5,20,391,1429
6,5,21,390,1428
6,5,22,390,1420
6,5,23,389,1419
6,5,24,389,1418
6,5,25,388,1418
6,5,26,388,1419
6,5,27,387,1420
6,5,28,386,1420
6,5,29,385,1419
6,5,30,386,1418
6,5,31,386,1417
6,5,32,385,1418
6,5,33,384,1418
6,5,34,383,1419
6,5,35,380,1419
6,5,36,378,1417
6,5,37,377,1417
6,5,38,374,1414
6,5,39,374,1413
6,5,40,373,1412
6,5,41,373,1411
6,5,42,374,1410
6,5,43,374,1409
6,5,44,377,1406
6,5,45,377,1405
6,5,46,378,1404
6,5,47,378,1402
6,5,48,376,1400
6,5,49,374,1400
6,5,50,373,1399
6,5,51,372,1400
6,5,52,368,1400
6,5,53,367,1399
6,5,54,363,1399
6,5,55,362,1400
6,6,0,338,1396
6,6,1,336,1398
6,6,2,336,1399
6,6,3,334,1401
6,6,4,334,1403
6,6,5,332,1405
6,6,6,332,1406
6,6,7,329,1409
6,6,8,329,1410
6,6,9,327,1412
6,6,10,327,1414
6,6,11,326,1415
6,6,12,326,1416
6,6,13,325,1417
6,6,14,326,1416
6,6,15,326,1415
6,6,16,330,1411
6,6,17,330,1410
6,6,18,331,1409
6,6,19,331,1408
6,6,20,334,1405
6,6,21,334,1404
6,6,22,339,1399
6,6,23,339,1397
6,7,0,579,1394
6,7,1,579,1396
6,7,2,585,1396
6,7,3,586,1397
6,7,4,587,1397
6,7,5,589,1399
6,7,6,590,1399
6,7,7,591,1400
6,7,8,591,1405
6,7,9,592,1406
6,7,10,592,1407
6,7,11,593,1408
6,7,12,593,1409
6,7,13,596,1412
6,7,14,597,1412
6,7,15,598,1413
6,7,16,599,1412
6,7,17,600,1412
6,7,18,600,1411
6,7,19,601,1410
6,7,20,600,1409
6,7,21,600,1408
6,7,22,596,1404
6,7,23,596,1403
6,7,24,591,1398
6,7,25,591,1395
6,7,26,588,1392
6,7,27,582,1392
6,7,28,581,1393
6,7,29,580,1393
6,8,0,456,1381
6,8,1,455,1381
6,8,2,449,1387
6,8,3,448,1387
6,8,4,447,1388
6,8,5,445,1388
6,8,6,444,1389
6,8,7,443,1389
6,8,8,443,1391
6,8,9,442,1392
6,8,10,442,1393
6,8,11,441,1394
6,8,12,441,1395
6,8,13,440,1396
6,8,14,440,1397
6,8,15,437,1400
6,8,16,437,1401
6,8,17,434,1404
6,8,18,434,1405
6,8,19,433,1406
6,8,20,433,1408
6,8,21,435,1410
6,8,22,436,1410
6,8,23,437,1409
6,8,24,438,1409
6,8,25,438,1408
6,8,26,440,1406
6,8,27,440,1405
6,8,28,441,1404
6,8,29,441,1403
6,8,30,445,1399
6,8,31,447,1399
6,8,32,448,1400
6,8,33,450,1400
6,8,34,451,1401
6,8,35,454,1401
6,8,36,454,1399
6,8,37,453,1398
6,8,38,453,1396
6,8,39,452,1395
6,8,40,452,1392
6,8,41,453,1391
6,8,42,453,1390
6,8,43,457,1386
6,8,44,457,1385
6,8,45,458,1384
6,8,46,457,1383
6,8,47,457,1382
6,9,0,663,1361
6,9,1,661,1361
6,9,2,660,1362
6,9,3,659,1362
6,9,4,651,1370
6,9,5,651,1372
6,9,6,650,1373
6,9,7,650,1377
6,9,8,647,1380
6,9,9,646,1380
6,9,10,644,1382
6,9,11,643,1382
6,9,12,640,1385
6,9,13,640,1386
6,9,14,639,1387
6,9,15,639,1390
6,9,16,636,1393
6,9,17,636,1394
6,9,18,638,1394
6,9,19,641,1391
6,9,20,642,1391
6,9,21,645,1388
6,9,22,645,1387
6,9,23,646,1386
6,9,24,646,1385
6,9,25,649,1382
6,9,26,649,1381
6,9,27,650,1380
6,9,28,650,1379
6,9,29,652,1377
6,9,30,653,1377
6,9,31,656,1374
6,9,32,656,1373
6,9,33,657,1372
6,9,34,657,1371
6,9,35,662,1366
6,9,36,663,1366
6,9,37,664,1365
6,9,38,664,1362
6,10,0,625,1361
6,10,1,624,1361
6,10,2,623,1360
6,10,3,619,1360
6,10,4,618,1359
6,10,5,614,1359
6,10,6,612,1361
6,10,7,612,1363
6,10,8,607,1368
6,10,9,607,1373
6,10,10,608,1374
6,10,11,608,1376
6,10,12,610,1378
6,10,13,612,1378
6,10,14,612,1377
6,10,15,613,1376
6,10,16,612,1375
6,10,17,612,1368
6,10,18,611,1367
6,10,19,611,1366
6,10,20,613,1364
6,10,21,619,1364
6,10,22,620,1365
6,10,23,623,1365
6,10,24,625,1363
6,11,0,384,1356
6,11,1,383,1356
6,11,2,382,1355
6,11,3,381,1355
6,11,4,380,1354
6,11,5,377,1357
6,11,6,375,1357
6,11,7,374,1356
6,11,8,374,1357
6,11,9,373,1358
6,11,10,373,1359
6,11,11,366,1366
6,11,12,365,1366
6,11,13,362,1369
6,11,14,360,1369
6,11,15,359,1370
6,11,16,359,1372
6,11,17,349,1382
6,11,18,349,1383
6,11,19,346,1386
6,11,20,346,1387
6,11,21,345,1388
6,11,22,347,1388
6,11,23,371,1364
6,11,24,372,1364
6,11,25,373,1363
6,11,26,374,1363
6,11,27,375,1362
6,11,28,376,1362
6,11,29,377,1361
6,11,30,378,1361
6,11,31,379,1360
6,11,32,380,1360
6,11,33,381,1359
6,11,34,382,1359
6,11,35,383,1358
6,11,36,384,1358
6,12,0,737,1354
6,12,1,739,1354
6,12,2,740,1353
6,12,3,746,1353
6,12,4,748,1355
6,12,5,756,1355
6,12,6,748,1355
6,12,7,745,1352
6,12,8,745,1351
6,12,9,747,1349
6,12,10,746,1350
6,12,11,740,1350
6,12,12,739,1349
6,12,13,740,1350
6,12,14,740,1352
6,12,15,738,1354
6,13,0,835,1342
6,13,1,834,1343
6,13,2,831,1343
6,13,3,829,1345
6,13,4,828,1345
6,13,5,826,1347
6,13,6,825,1347
6,13,7,823,1349
6,13,8,822,1349
6,13,9,820,1351
6,13,10,819,1351
6,13,11,811,1359
6,13,12,809,1359
6,13,13,806,1362
6,13,14,809,1362
6,13,15,811,1360
6,13,16,811,1359
6,13,17,812,1358
6,13,18,813,1358
6,13,19,815,1356
6,13,20,818,1356
6,13,21,820,1354
6,13,22,821,1354
6,13,23,823,1352
6,13,24,824,1352
6,13,25,826,1350
6,13,26,827,1350
6,13,27,830,1347
6,13,28,831,1347
6,13,29,833,1345
6,13,30,833,1344
6,14,0,497,1329
6,14,1,495,1329
6,14,2,494,1330
6,14,3,493,1330
6,14,4,490,1333
6,14,5,489,1333
6,14,6,484,1338
6,14,7,484,1339
6,14,8,483,1340
6,14,9,483,1341
6,14,10,481,1343
6,14,11,481,1344
6,14,12,480,1345
6,14,13,480,1346
6,14,14,475,1351
6,14,15,475,1352
6,14,16,474,1353
6,14,17,474,1354
6,14,18,473,1355
6,14,19,473,1356
6,14,20,469,1360
6,14,21,469,1362
6,14,22,468,1363
6,14,23,468,1365
6,14,24,466,1367
6,14,25,465,1367
6,14,26,460,1372
6,14,27,460,1373
6,14,28,459,1374
6,14,29,459,1375
6,14,30,460,1376
6,14,31,463,1376
6,14,32,464,1375
6,14,33,465,1375
6,14,34,467,1373
6,14,35,467,1372
6,14,36,468,1371
6,14,37,468,1370
6,14,38,469,1369
6,14,39,469,1368
6,14,40,470,1367
6,14,41,470,1366
6,14,42,471,1365
6,14,43,472,1365
6,14,44,474,1363
6,14,45,474,1362
6,14,46,475,1361
6,14,47,475,1360
6,14,48,476,1359
6,14,49,476,1358
6,14,50,481,1353
6,14,51,481,1352
6,14,52,482,1351
6,14,53,482,1350
6,14,54,484,1348
6,14,55,484,1346
6,14,56,485,1345
6,14,57,486,1345
6,14,58,488,1343
6,14,59,488,1342
6,14,60,493,1337
6,14,61,493,1336
6,14,62,494,1335
6,14,63,494,1334
6,14,64,497,1331
6,15,0,745,1320
6,15,1,741,1320
6,15,2,737,1324
6,15,3,736,1324
6,15,4,735,1325
6,15,5,731,1325
6,15,6,730,1326
6,15,7,729,1326
6,15,8,728,1327
6,15,9,727,1327
6,15,10,724,1330
6,15,11,723,1330
6,15,12,722,1331
6,15,13,720,1331
6,15,14,719,1332
6,15,15,717,1332
6,15,16,716,1333
6,15,17,716,1334
6,15,18,718,1334
6,15,19,719,1333
6,15,20,720,1333
6,15,21,721,1332
6,15,22,723,1332
6,15,23,723,1331
6,15,24,724,1330
6,15,25,728,1330
6,15,26,729,1329
6,15,27,731,1329
6,15,28,732,1328
6,15,29,733,1328
6,15,30,736,1325
6,15,31,737,1325
6,15,32,738,1324
6,15,33,739,1324
6,15,34,740,1323
6,15,35,742,1323
6,16,0,430,1319
6,16,1,425,1324
6,16,2,424,1324
6,16,3,422,1326
6,16,4,422,1329
6,16,5,423,1330
6,16,6,422,1331
6,16,7,422,1332
6,16,8,421,1333
6,16,9,421,1334
6,16,10,420,1335
6,16,11,420,1336
6,16,12,419,1337
6,16,13,418,1337
6,16,14,412,1343
6,16,15,412,1344
6,16,16,415,1344
6,16,17,416,1343
6,16,18,417,1344
6,16,19,418,1344
6,16,20,419,1345
6,16,21,419,1344
6,16,22,421,1342
6,16,23,423,1342
6,16,24,425,1344
6,16,25,425,1346
6,16,26,425,1344
6,16,27,424,1343
6,16,28,424,1342
6,16,29,423,1341
6,16,30,423,1340
6,16,31,422,1339
6,16,32,422,1336
6,16,33,424,1334
6,16,34,424,1333
6,16,35,425,1332
6,16,36,425,1331
6,16,37,426,1330
6,16,38,426,1329
6,16,39,427,1328
6,16,40,427,1327
6,16,41,428,1326
6,16,42,428,1325
6,16,43,429,1324
6,16,44,429,1322
6,16,45,430,1321
6,17,0,877,1314
6,17,1,874,1314
6,17,2,873,1315
6,17,3,872,1315
6,17,4,869,1318
6,17,5,868,1318
6,17,6,867,1319
6,17,7,866,1319
6,17,8,866,1320
6,17,9,863,1323
6,17,10,862,1323
6,17,11,861,1324
6,17,12,860,1324
6,17,13,859,1325
6,17,14,858,1325
6,17,15,855,1328
6,17,16,854,1328
6,17,17,853,1329
6,17,18,852,1329
6,17,19,850,1331
6,17,20,849,1331
6,17,21,848,1332
6,17,22,847,1332
6,17,23,844,1335
6,17,24,843,1335
6,17,25,841,1337
6,17,26,840,1337
6,17,27,838,1339
6,17,28,838,1340
6,17,29,840,1340
6,17,30,841,1339
6,17,31,842,1339
6,17,32,844,1337
6,17,33,845,1337
6,17,34,846,1336
6,17,35,847,1336
6,17,36,849,1334
6,17,37,850,1334
6,17,38,853,1331
6,17,39,854,1331
6,17,40,858,1327
6,17,41,860,1327
6,17,42,860,1326
6,17,43,863,1323
6,17,44,864,1323
6,17,45,865,1322
6,17,46,867,1322
6,17,47,868,1321
6,17,48,869,1321
6,17,49,872,1318
6,17,50,873,1318
6,17,51,874,1317
6,17,52,875,1317
6,17,53,876,1316
6,17,54,876,1315
6,18,0,722,1306
6,18,1,716,1306
6,18,2,715,1307
6,18,3,714,1307
6,18,4,704,1317
6,18,5,704,1318
6,18,6,703,1319
6,18,7,703,1320
6,18,8,702,1321
6,18,9,702,1322
6,18,10,703,1322
6,18,11,704,1323
6,18,12,705,1323
6,18,13,709,1319
6,18,14,710,1319
6,18,15,715,1314
6,18,16,716,1314
6,18,17,721,1309
6,18,18,721,1308
6,18,19,722,1307
6,19,0,540,1288
6,19,1,540,1289
6,19,2,539,1290
6,19,3,542,1293
6,19,4,545,1293
6,19,5,546,1294
6,19,6,547,1294
6,19,7,548,1295
6,19,8,551,1295
6,19,9,552,1296
6,19,10,553,1296
6,19,11,554,1297
6,19,12,554,1306
6,19,13,553,1307
6,19,14,553,1308
6,19,15,554,1309
6,19,16,554,1310
6,19,17,556,1310
6,19,18,558,1308
6,19,19,558,1307
6,19,20,559,1306
6,19,21,559,1300
6,19,22,556,1297
6,19,23,555,1297
6,19,24,551,1293
6,19,25,551,1292
6,19,26,550,1292
6,19,27,548,1290
6,19,28,547,1290
6,19,29,546,1289
6,19,30,545,1289
6,19,31,543,1287
6,19,32,542,1287
6,19,33,541,1288
6,20,0,532,1283
6,20,1,531,1283
6,20,2,530,1282
6,20,3,528,1282
6,20,4,527,1281
6,20,5,526,1281
6,20,6,525,1280
6,20,7,524,1280
6,20,8,523,1281
6,20,9,522,1281
6,20,10,522,1284
6,20,11,525,1287
6,20,12,525,1290
6,20,13,523,1292
6,20,14,522,1292
6,20,15,511,1303
6,20,16,511,1304
6,20,17,510,1305
6,20,18,510,1306
6,20,19,504,1312
6,20,20,504,1314
6,20,21,506,1316
6,20,22,507,1316
6,20,23,513,1310
6,20,24,513,1309
6,20,25,514,1308
6,20,26,515,1308
6,20,27,516,1307
6,20,28,516,1304
6,20,29,517,1303
6,20,30,517,1301
6,20,31,525,1293
6,20,32,525,1292
6,20,33,524,1291
6,20,34,525,1290
6,20,35,527,1290
6,20,36,530,1287
6,20,37,531,1287
6,20,38,532,1286
6,21,0,707,1278
6,21,1,705,1277
6,21,2,703,1277
6,21,3,701,1278
6,21,4,697,1282
6,21,5,694,1282
6,21,6,692,1281
6,21,7,691,1282
6,21,8,692,1287
6,21,9,689,1290
6,21,10,688,1290
6,21,11,686,1288
6,21,12,684,1284
6,21,13,684,1282
6,21,14,682,1281
6,21,15,676,1287
6,21,16,674,1285
6,21,17,674,1286
6,21,18,672,1288
6,21,19,671,1288
6,21,20,668,1292
6,21,21,666,1293
6,21,22,665,1295
6,21,23,666,1296
6,21,24,666,1298
6,21,25,665,1299
6,21,26,663,1295
6,21,27,661,1294
6,21,28,658,1294
6,21,29,652,1299
6,21,30,651,1301
6,21,31,651,1304
6,21,32,653,1306
6,21,33,657,1304
6,21,34,660,1304
6,21,35,662,1306
6,21,36,662,1309
6,21,37,664,1313
6,21,38,664,1316
6,21,39,665,1317
6,21,40,667,1317
6,21,41,669,1313
6,21,42,668,1312
6,21,43,668,1307
6,21,44,667,1306
6,21,45,667,1302
6,21,46,669,1300
6,21,47,676,1300
6,21,48,677,1299
6,21,49,679,1299
6,21,50,681,1302
6,21,51,680,1304
6,21,52,676,1306
6,21,53,674,1308
6,21,54,674,1310
6,21,55,675,1311
6,21,56,679,1311
6,21,57,681,1310
6,21,58,683,1308
6,21,59,684,1306
6,21,60,684,1304
6,21,61,687,1301
6,21,62,690,1301
6,21,63,691,1302
6,21,64,695,1302
6,21,65,698,1299
6,21,66,699,1297
6,21,67,699,1295
6,21,68,700,1294
6,21,69,700,1291
6,21,70,699,1290
6,21,71,700,1289
6,21,72,700,1287
6,21,73,706,1281
6,22,0,456,1274
6,22,1,454,1274
6,22,2,454,1275
6,22,3,452,1277
6,22,4,452,1278
6,22,5,449,1281
6,22,6,449,1283
6,22,7,447,1285
6,22,8,447,1286
6,22,9,444,1289
6,22,10,444,1290
6,22,11,443,1291
6,22,12,443,1292
6,22,13,441,1294
6,22,14,441,1296
6,22,15,440,1297
6,22,16,440,1298
6,22,17,439,1299
6,22,18,439,1300
6,22,19,438,1301
6,22,20,438,1302
6,22,21,436,1304
6,22,22,436,1305
6,22,23,435,1306
6,22,24,435,1308
6,22,25,434,1309
6,22,26,434,1310
6,22,27,433,1311
6,22,28,433,1314
6,22,29,432,1315
6,22,30,434,1313
6,22,31,434,1312
6,22,32,437,1309
6,22,33,437,1308
6,22,34,438,1307
6,22,35,438,1306
6,22,36,439,1305
6,22,37,439,1304
6,22,38,440,1303
6,22,39,440,1301
6,22,40,442,1299
6,22,41,442,1298
6,22,42,443,1297
6,22,43,443,1296
6,22,44,444,1295
6,22,45,444,1294
6,22,46,445,1293
6,22,47,445,1292
6,22,48,446,1291
6,22,49,446,1290
6,22,50,447,1289
6,22,51,447,1288
6,22,52,448,1287
6,22,53,448,1286
6,22,54,450,1284
6,22,55,450,1283
6,22,56,452,1281
6,22,57,452,1280
6,22,58,455,1277
6,22,59,455,1276
6,22,60,456,1275
6,23,0,760,1273
6,23,1,759,1272
6,23,2,757,1272
6,23,3,755,1274
6,23,4,754,1274
6,23,5,752,1276
6,23,6,752,1277
6,23,7,749,1280
6,23,8,749,1281
6,23,9,747,1283
6,23,10,744,1283
6,23,11,742,1285
6,23,12,741,1285
6,23,13,740,1286
6,23,14,739,1286
6,23,15,738,1287
6,23,16,737,1287
6,23,17,731,1293
6,23,18,731,1294
6,23,19,730,1295
6,23,20,730,1296
6,23,21,729,1297
6,23,22,729,1298
6,23,23,726,1301
6,23,24,726,1302
6,23,25,724,1304
6,23,26,724,1305
6,23,27,725,1305
6,23,28,726,1304
6,23,29,727,1304
6,23,30,728,1303
6,23,31,729,1303
6,23,32,740,1292
6,23,33,741,1292
6,23,34,745,1288
6,23,35,745,1287
6,23,36,748,1284
6,23,37,749,1284
6,23,38,749,1283
6,23,39,751,1281
6,23,40,754,1281
6,23,41,757,1278
6,23,42,758,1278
6,23,43,758,1277
6,23,44,759,1276
6,23,45,759,1275
6,23,46,760,1274
6,24,0,882,1261
6,24,1,875,1269
6,24,2,874,1269
6,24,3,873,1270
6,24,4,869,1270
6,24,5,868,1271
6,24,6,867,1271
6,24,7,865,1273
6,24,8,865,1274
6,24,9,864,1275
6,24,10,864,1277
6,24,11,861,1280
6,24,12,858,1280
6,24,13,858,1283
6,24,14,856,1285
6,24,15,855,1285
6,24,16,854,1286
6,24,17,853,1285
6,24,18,853,1284
6,24,19,856,1281
6,24,20,855,1281
6,24,21,852,1284
6,24,22,851,1287
6,24,23,849,1289
6,24,24,848,1289
6,24,25,846,1291
6,24,26,845,1291
6,24,27,844,1292
6,24,28,842,1292
6,24,29,839,1294
6,24,30,839,1295
6,24,31,838,1296
6,24,32,838,1298
6,24,33,839,1299
6,24,34,839,1300
6,24,35,842,1303
6,24,36,844,1308
6,24,37,843,1309
6,24,38,840,1309
6,24,39,838,1311
6,24,40,840,1309
6,24,41,841,1309
6,24,42,843,1311
6,24,43,843,1312
6,24,44,843,1311
6,24,45,845,1309
6,24,46,846,1310
6,24,47,847,1310
6,24,48,850,1313
6,24,49,851,1313
6,24,50,852,1314
6,24,51,855,1314
6,24,52,856,1313
6,24,53,857,1313
6,24,54,860,1310
6,24,55,860,1307
6,24,56,864,1303
6,24,57,867,1303
6,24,58,868,1302
6,24,59,869,1302
6,24,60,873,1298
6,24,61,873,1297
6,24,62,878,1292
6,24,63,878,1289
6,24,64,879,1288
6,24,65,881,1288
6,24,66,882,1289
6,24,67,880,1291
6,24,68,880,1292
6,24,69,881,1292
6,24,70,884,1289
6,24,71,884,1288
6,24,72,885,1287
6,24,73,885,1281
6,24,74,881,1274
6,24,75,881,1271
6,24,76,882,1270
6,24,77,881,1270
6,24,78,880,1271
6,24,79,879,1271
6,24,80,878,1270
6,24,81,878,1266
6,24,82,879,1265
6,24,83,879,1264
6,25,0,521,1224
6,25,1,517,1228
6,25,2,516,1228
6,25,3,515,1229
6,25,4,513,1229
6,25,5,511,1227
6,25,6,511,1226
6,25,7,513,1224
6,25,8,512,1225
6,25,9,511,1225
6,25,10,507,1229
6,25,11,506,1229
6,25,12,504,1231
6,25,13,505,1231
6,25,14,506,1232
6,25,15,506,1235
6,25,16,502,1239
6,25,17,506,1235
6,25,18,506,1234
6,25,19,509,1231
6,25,20,510,1231
6,25,21,511,1230
6,25,22,512,1230
6,25,23,513,1229
6,25,24,515,1229
6,25,25,516,1228
6,25,26,517,1228
6,26,0,776,1223
6,26,1,776,1224
6,26,2,778,1226
6,26,3,779,1226
6,26,4,780,1227
6,26,5,780,1228
6,26,6,781,1229
6,26,7,781,1230
6,26,8,784,1233
6,26,9,784,1234
6,26,10,785,1235
6,26,11,785,1236
6,26,12,786,1237
6,26,13,786,1238
6,26,14,785,1239
6,26,15,785,1240
6,26,16,784,1241
6,26,17,784,1242
6,26,18,783,1243
6,26,19,786,1243
6,26,20,787,1242
6,26,21,790,1242
6,26,22,791,1241
6,26,23,791,1240
6,26,24,794,1237
6,26,25,794,1235
6,26,26,791,1235
6,26,27,786,1230
6,26,28,785,1230
6,26,29,783,1228
6,26,30,782,1228
6,26,31,781,1227
6,26,32,780,1227
6,26,33,779,1226
6,26,34,779,1225
6,26,35,778,1224
6,26,36,778,1223
6,27,0,1453,1221
6,27,1,1450,1221
6,27,2,1448,1223
6,27,3,1448,1224
6,27,4,1449,1225
6,27,5,1449,1230
6,27,6,1450,1231
6,27,7,1450,1233
6,27,8,1451,1234
6,27,9,1450,1235
6,27,10,1451,1236
6,27,11,1451,1239
6,27,12,1452,1238
6,27,13,1452,1237
6,27,14,1451,1236
6,27,15,1451,1231
6,27,16,1452,1230
6,27,17,1453,1230
6,27,18,1456,1227
6,27,19,1455,1228
6,27,20,1454,1228
6,27,21,1454,1229
6,27,22,1453,1230
6,27,23,1452,1229
6,27,24,1452,1226
6,27,25,1451,1225
6,27,26,1451,1224
6,27,27,1450,1224
6,27,28,1449,1223
6,27,29,1449,1222
6,27,30,1450,1221
6,28,0,927,1211
6,28,1,927,1223
6,28,2,928,1224
6,28,3,928,1226
6,28,4,929,1227
6,28,5,929,1238
6,28,6,930,1239
6,28,7,930,1240
6,28,8,931,1241
6,28,9,931,1242
6,28,10,933,1244
6,28,11,933,1245
6,28,12,934,1246
6,28,13,935,1246
6,28,14,935,1245
6,28,15,936,1244
6,28,16,936,1241
6,28,17,939,1238
6,28,18,938,1238
6,28,19,935,1241
6,28,20,932,1241
6,28,21,930,1239
6,28,22,930,1238
6,28,23,929,1237
6,28,24,929,1235
6,28,25,932,1232
6,28,26,934,1232
6,28,27,935,1233
6,28,28,936,1233
6,28,29,936,1232
6,28,30,935,1232
6,28,31,932,1229
6,28,32,932,1226
6,28,33,931,1225
6,28,34,931,1221
6,28,35,930,1220
6,28,36,930,1215
6,28,37,929,1214
6,28,38,929,1212
6,28,39,928,1211
6,29,0,876,1207
6,29,1,873,1210
6,29,2,873,1212
6,29,3,873,1211
6,29,4,876,1208
6,29,5,877,1208
6,29,6,879,1210
6,29,7,879,1212
6,29,8,878,1213
6,29,9,878,1217
6,29,10,876,1219
6,29,11,874,1219
6,29,12,873,1218
6,29,13,874,1219
6,29,14,874,1220
6,29,15,875,1221
6,29,16,875,1226
6,29,17,877,1224
6,29,18,878,1224
6,29,19,879,1225
6,29,20,879,1226
6,29,21,881,1228
6,29,22,881,1229
6,29,23,882,1230
6,29,24,882,1231
6,29,25,883,1232
6,29,26,883,1233
6,29,27,883,1232
6,29,28,882,1231
6,29,29,882,1229
6,29,30,881,1228
6,29,31,881,1227
6,29,32,880,1226
6,29,33,880,1225
6,29,34,879,1224
6,29,35,879,1223
6,29,36,878,1222
6,29,37,878,1220
6,29,38,877,1219
6,29,39,878,1218
6,29,40,878,1214
6,29,41,879,1213
6,29,42,879,1211
6,29,43,880,1210
6,29,44,879,1209
6,29,45,879,1208
6,29,46,878,1207
6,30,0,1036,1193
6,30,1,1024,1200
6,30,2,996,1224
6,30,3,987,1225
6,30,4,990,1227
6,30,5,989,1231
6,30,6,986,1231
6,30,7,983,1229
6,30,8,984,1231
6,30,9,983,1234
6,30,10,977,1240
6,30,11,949,1261
6,30,12,943,1260
6,30,13,941,1258
6,30,14,941,1254
6,30,15,939,1250
6,30,16,937,1250
6,30,17,936,1253
6,30,18,942,1261
6,30,19,942,1264
6,30,20,939,1268
6,30,21,917,1285
6,30,22,905,1292
6,30,23,897,1299
6,30,24,889,1303
6,30,25,882,1310
6,30,26,885,1310
6,30,27,902,1297
6,30,28,908,1294
6,30,29,917,1286
6,30,30,946,1267
6,30,31,988,1234
6,30,32,993,1228
6,30,33,997,1226
6,30,34,1004,1226
6,30,35,1003,1223
6,30,36,1008,1219
6,30,37,1010,1221
6,30,38,1010,1216
6,30,39,1012,1214
6,30,40,1018,1215
6,30,41,1019,1211
6,30,42,1021,1213
6,30,43,1021,1208
6,30,44,1035,1196
6,31,0,627,1187
6,31,1,622,1192
6,31,2,622,1193
6,31,3,621,1194
6,31,4,621,1196
6,31,5,622,1197
6,31,6,622,1199
6,31,7,623,1199
6,31,8,627,1195
6,31,9,627,1194
6,31,10,630,1191
6,31,11,628,1193
6,31,12,627,1193
6,31,13,627,1194
6,31,14,626,1195
6,31,15,626,1196
6,31,16,625,1197
6,31,17,622,1197
6,31,18,621,1196
6,31,19,621,1195
6,31,20,623,1193
6,31,21,623,1192
6,31,22,625,1190
6,31,23,625,1189
6,32,0,891,1158
6,32,1,894,1161
6,32,2,895,1161
6,32,3,896,1162
6,32,4,898,1162
6,32,5,903,1159
6,32,6,905,1159
6,32,7,906,1160
6,32,8,909,1160
6,32,9,910,1161
6,32,10,910,1163
6,32,11,911,1163
6,32,12,913,1165
6,32,13,916,1166
6,32,14,917,1165
6,32,15,920,1164
6,32,16,922,1162
6,32,17,923,1159
6,32,18,925,1157
6,32,19,926,1157
6,32,20,927,1156
6,32,21,931,1156
6,32,22,932,1155
6,32,23,935,1155
6,32,24,936,1154
6,32,25,937,1154
6,32,26,939,1152
6,32,27,939,1150
6,32,28,938,1150
6,32,29,937,1149
6,32,30,935,1149
6,32,31,934,1150
6,32,32,931,1150
6,32,33,930,1151
6,32,34,928,1151
6,32,35,925,1153
6,32,36,924,1152
6,32,37,922,1152
6,32,38,921,1151
6,32,39,920,1152
6,32,40,918,1152
6,32,41,917,1153
6,32,42,918,1154
6,32,43,917,1155
6,32,44,917,1156
6,32,45,914,1159
6,32,46,912,1157
6,32,47,912,1154
6,32,48,914,1151
6,32,49,915,1151
6,32,50,916,1150
6,32,51,918,1150
6,32,52,918,1147
6,32,53,920,1145
6,32,54,921,1145
6,32,55,921,1143
6,32,56,919,1143
6,32,57,918,1142
6,32,58,917,1142
6,32,59,915,1144
6,32,60,915,1146
6,32,61,914,1147
6,32,62,909,1147
6,32,63,908,1146
6,32,64,908,1143
6,32,65,909,1142
6,32,66,909,1140
6,32,67,907,1138
6,32,68,905,1138
6,32,69,904,1137
6,32,70,902,1137
6,32,71,899,1139
6,32,72,896,1139
6,32,73,896,1140
6,32,74,895,1141
6,32,75,895,1147
6,32,76,896,1148
6,32,77,899,1148
6,32,78,902,1151
6,32,79,902,1154
6,32,80,899,1156
6,32,81,897,1156
6,32,82,896,1155
6,32,83,894,1155
6,32,84,893,1156
6,32,85,892,1156
6,32,86,891,1157
6,33,0,1045,1125
6,33,1,989,1155
6,33,2,919,1175
6,33,3,890,1187
6,33,4,847,1182
6,33,5,829,1175
6,33,6,823,1169
6,33,7,820,1148
6,33,8,823,1169
6,33,9,821,1171
6,33,10,818,1169
6,33,11,818,1191
6,33,12,815,1203
6,33,13,811,1205
6,33,14,808,1199
6,33,15,802,1198
6,33,16,798,1200
6,33,17,799,1208
6,33,18,796,1209
6,33,19,794,1207
6,33,20,796,1202
6,33,21,788,1199
6,33,22,779,1212
6,33,23,779,1216
6,33,24,789,1222
6,33,25,795,1221
6,33,26,797,1217
6,33,27,798,1221
6,33,28,807,1226
6,33,29,810,1231
6,33,30,807,1236
6,33,31,786,1251
6,33,32,780,1253
6,33,33,778,1251
6,33,34,780,1245
6,33,35,769,1255
6,33,36,771,1257
6,33,37,777,1253
6,33,38,776,1260
6,33,39,781,1260
6,33,40,801,1246
6,33,41,805,1249
6,33,42,828,1227
6,33,43,860,1207
6,33,44,892,1193
6,33,45,887,1191
6,33,46,888,1188
6,33,47,898,1188
6,33,48,899,1191
6,33,49,895,1192
6,33,50,920,1201
6,33,51,904,1188
6,33,52,999,1156
6,33,53,1030,1140
6,34,0,1091,1124
6,34,1,1091,1126
6,34,2,1092,1126
6,34,3,1093,1127
6,34,4,1097,1127
6,34,5,1098,1128
6,34,6,1101,1128
6,34,7,1103,1130
6,34,8,1104,1130
6,34,9,1105,1131
6,34,10,1106,1131
6,34,11,1107,1132
6,34,12,1108,1132
6,34,13,1109,1133
6,34,14,1112,1133
6,34,15,1112,1132
6,34,16,1109,1129
6,34,17,1107,1129
6,34,18,1106,1128
6,34,19,1102,1128
6,34,20,1100,1126
6,34,21,1099,1126
6,34,22,1098,1125
6,34,23,1096,1125
6,34,24,1095,1124
6,35,0,682,1120
6,35,1,681,1121
6,35,2,678,1122
6,35,3,673,1127
6,35,4,671,1127
6,35,5,670,1128
6,35,6,667,1129
6,35,7,663,1133
6,35,8,661,1133
6,35,9,660,1134
6,35,10,659,1134
6,35,11,657,1136
6,35,12,656,1136
6,35,13,655,1137
6,35,14,652,1138
6,35,15,648,1142
6,35,16,647,1142
6,35,17,644,1145
6,35,18,642,1145
6,35,19,641,1146
6,35,20,639,1146
6,35,21,636,1149
6,35,22,635,1149
6,35,23,633,1151
6,35,24,631,1151
6,35,25,630,1152
6,35,26,627,1153
6,35,27,625,1155
6,35,28,622,1156
6,35,29,622,1157
6,35,30,621,1158
6,35,31,620,1158
6,35,32,619,1159
6,35,33,619,1160
6,35,34,620,1159
6,35,35,622,1159
6,35,36,623,1158
6,35,37,625,1158
6,35,38,626,1157
6,35,39,629,1156
6,35,40,632,1153
6,35,41,633,1153
6,35,42,636,1150
6,35,43,637,1150
6,35,44,638,1149
6,35,45,639,1149
6,35,46,641,1147
6,35,47,642,1147
6,35,48,646,1143
6,35,49,648,1143
6,35,50,651,1141
6,35,51,653,1141
6,35,52,655,1139
6,35,53,658,1138
6,35,54,660,1136
6,35,55,661,1136
6,35,56,666,1132
6,35,57,669,1131
6,35,58,674,1126
6,35,59,675,1126
6,35,60,678,1124
6,35,61,680,1124
6,35,62,681,1123
6,35,63,682,1123
6,36,0,1156,1121
6,36,1,1149,1122
6,36,2,1146,1119
6,36,3,1143,1121
6,36,4,1140,1126
6,36,5,1136,1127
6,36,6,1123,1135
6,36,7,1117,1136
6,36,8,1115,1141
6,36,9,1108,1145
6,36,10,1106,1151
6,36,11,1103,1153
6,36,12,1100,1153
6,36,13,1098,1151
6,36,14,1105,1144
6,36,15,1105,1141
6,36,16,1103,1139
6,36,17,1105,1141
6,36,18,1104,1144
6,36,19,1099,1150
6,36,20,1096,1149
6,36,21,1098,1151
6,36,22,1098,1153
6,36,23,1092,1159
6,36,24,1082,1165
6,36,25,1077,1166
6,36,26,1069,1170
6,36,27,1063,1175
6,36,28,1049,1182
6,36,29,1042,1188
6,36,30,1044,1189
6,36,31,1060,1179
6,36,32,1063,1176
6,36,33,1069,1174
6,36,34,1087,1164
6,36,35,1092,1164
6,36,36,1097,1161
6,36,37,1093,1158
6,36,38,1096,1155
6,36,39,1098,1155
6,36,40,1100,1157
6,36,41,1099,1160
6,36,42,1104,1157
6,36,43,1109,1152
6,36,44,1114,1153
6,36,45,1112,1151
6,36,46,1113,1149
6,36,47,1114,1150
6,36,48,1114,1146
6,36,49,1128,1134
6,36,50,1142,1128
6,36,51,1144,1128
6,36,52,1146,1130
6,36,53,1150,1130
6,36,54,1149,1129
6,36,55,1151,1125
6,37,0,4,1080
6,37,1,4,1081
6,37,2,3,1082
6,37,3,2,1082
6,37,4,1,1083
6,37,5,0,1083
6,37,6,0,1103
6,37,7,1,1103
6,37,8,2,1104
6,37,9,3,1104
6,37,10,4,1105
6,37,11,4,1107
6,37,12,3,1108
6,37,13,2,1108
6,37,14,1,1109
6,37,15,0,1109
6,37,16,0,1112
6,37,17,1,1112
6,37,18,2,1113
6,37,19,3,1113
6,37,20,4,1114
6,37,21,4,1115
6,38,0,161,1073
6,38,1,153,1081
6,38,2,126,1087
6,38,3,93,1101
6,38,4,9,1154
6,38,5,4,1151
6,38,6,4,1145
6,38,7,12,1137
6,38,8,16,1136
6,38,9,14,1132
6,38,10,22,1126
6,38,11,24,1130
6,38,12,18,1135
6,38,13,27,1126
6,38,14,36,1122
6,38,15,42,1114
6,38,16,54,1107
6,38,17,52,1104
6,38,18,53,1107
6,38,19,46,1113
6,38,20,42,1111
6,38,21,37,1114
6,38,22,39,1115
6,38,23,39,1118
6,38,24,32,1124
6,38,25,28,1122
6,38,26,29,1120
6,38,27,9,1136
6,38,28,5,1134
6,38,29,4,1130
6,38,30,0,1133
6,38,31,0,1136
6,38,32,7,1135
6,38,33,9,1137
6,38,34,7,1141
6,38,35,0,1141
6,38,36,0,1159
6,38,37,5,1159
6,38,38,18,1152
6,38,39,75,1114
6,38,40,99,1101
6,38,41,122,1091
6,38,42,156,1084
6,38,43,161,1078
6,38,44,159,1076
6,39,0,942,1071
6,39,1,940,1073
6,39,2,940,1074
6,39,3,942,1076
6,39,4,942,1078
6,39,5,943,1079
6,39,6,942,1080
6,39,7,942,1083
6,39,8,943,1084
6,39,9,943,1085
6,39,10,945,1088
6,39,11,945,1092
6,39,12,946,1092
6,39,13,947,1093
6,39,14,949,1093
6,39,15,951,1095
6,39,16,954,1095
6,39,17,955,1096
6,39,18,956,1095
6,39,19,958,1095
6,39,20,959,1094
6,39,21,965,1094
6,39,22,966,1095
6,39,23,968,1095
6,39,24,970,1097
6,39,25,971,1097
6,39,26,973,1099
6,39,27,970,1102
6,39,28,967,1102
6,39,29,966,1101
6,39,30,965,1101
6,39,31,964,1102
6,39,32,964,1104
6,39,33,965,1105
6,39,34,970,1105
6,39,35,971,1104
6,39,36,972,1104
6,39,37,974,1102
6,39,38,974,1100
6,39,39,973,1099
6,39,40,974,1098
6,39,41,974,1097
6,39,42,973,1096
6,39,43,973,1090
6,39,44,972,1089
6,39,45,972,1088
6,39,46,971,1088
6,39,47,970,1087
6,39,48,968,1087
6,39,49,967,1088
6,39,50,966,1088
6,39,51,963,1090
6,39,52,961,1090
6,39,53,960,1089
6,39,54,959,1089
6,39,55,958,1088
6,39,56,957,1088
6,39,57,954,1085
6,39,58,954,1083
6,39,59,955,1082
6,39,60,955,1081
6,39,61,961,1075
6,39,62,961,1072
6,39,63,960,1072
6,39,64,959,1071
6,39,65,955,1071
6,39,66,954,1072
6,39,67,949,1072
6,39,68,948,1071
6,40,0,1136,1069
6,40,1,1133,1072
6,40,2,1132,1072
6,40,3,1130,1074
6,40,4,1129,1074
6,40,5,1126,1077
6,40,6,1126,1079
6,40,7,1126,1078
6,40,8,1127,1077
6,40,9,1127,1076
6,40,10,1128,1075
6,40,11,1130,1075
6,40,12,1132,1077
6,40,13,1132,1080
6,40,14,1131,1081
6,40,15,1131,1086
6,40,16,1129,1088
6,40,17,1128,1088
6,40,18,1129,1088
6,40,19,1131,1086
6,40,20,1131,1082
6,40,21,1132,1081
6,40,22,1132,1079
6,40,23,1134,1077
6,40,24,1134,1076
6,40,25,1135,1075
6,40,26,1136,1075
6,40,27,1136,1074
6,40,28,1134,1072
6,40,29,1134,1071
6,41,0,761,1069
6,41,1,760,1069
6,41,2,759,1070
6,41,3,758,1070
6,41,4,756,1072
6,41,5,755,1072
6,41,6,754,1073
6,41,7,753,1073
6,41,8,749,1077
6,41,9,748,1077
6,41,10,746,1079
6,41,11,745,1079
6,41,12,744,1080
6,41,13,743,1080
6,41,14,739,1084
6,41,15,738,1084
6,41,16,737,1085
6,41,17,736,1085
6,41,18,735,1086
6,41,19,734,1086
6,41,20,731,1089
6,41,21,730,1089
6,41,22,729,1090
6,41,23,727,1090
6,41,24,724,1093
6,41,25,724,1094
6,41,26,727,1094
6,41,27,728,1093
6,41,28,729,1093
6,41,29,734,1088
6,41,30,735,1088
6,41,31,738,1085
6,41,32,739,1085
6,41,33,741,1083
6,41,34,742,1083
6,41,35,744,1081
6,41,36,745,1081
6,41,37,747,1079
6,41,38,748,1079
6,41,39,750,1077
6,41,40,751,1077
6,41,41,752,1076
6,41,42,753,1076
6,41,43,756,1073
6,41,44,757,1073
6,41,45,759,1071
6,41,46,760,1071
6,41,47,761,1070
6,42,0,793,1088
6,42,1,767,1063
6,42,2,793,1089
6,42,3,803,1111
6,42,4,751,1145
6,42,5,715,1163
6,42,6,706,1164
6,42,7,709,1169
6,42,8,704,1171
6,42,9,701,1166
6,42,10,691,1176
6,42,11,627,1213
6,42,12,616,1213
6,42,13,617,1205
6,42,14,620,1202
6,42,15,623,1205
6,42,16,621,1201
6,42,17,616,1215
6,42,18,609,1219
6,42,19,609,1211
6,42,20,606,1212
6,42,21,603,1205
6,42,22,603,1193
6,42,23,599,1195
6,42,24,591,1191
6,42,25,604,1200
6,42,26,599,1204
6,42,27,586,1205
6,42,28,579,1201
6,42,29,585,1188
6,42,30,583,1192
6,42,31,574,1192
6,42,32,585,1179
6,42,33,615,1162
6,42,34,570,1185
6,42,35,566,1192
6,42,36,560,1190
6,42,37,560,1194
6,42,38,571,1190
6,42,39,576,1197
6,42,40,535,1226
6,42,41,539,1224
6,42,42,540,1228
6,42,43,557,1217
6,42,44,570,1230
6,42,45,588,1225
6,42,46,595,1233
6,42,47,556,1264
6,42,48,562,1265
6,42,49,593,1239
6,42,50,662,1195
6,42,51,773,1139
6,42,52,804,1117
6,42,53,810,1127
6,43,0,1104,1058
6,43,1,1103,1059
6,43,2,1102,1059
6,43,3,1101,1060
6,43,4,1100,1060
6,43,5,1099,1061
6,43,6,1099,1069
6,43,7,1098,1070
6,43,8,1095,1070
6,43,9,1093,1072
6,43,10,1092,1072
6,43,11,1088,1076
6,43,12,1088,1077
6,43,13,1087,1078
6,43,14,1087,1083
6,43,15,1086,1084
6,43,16,1085,1084
6,43,17,1084,1085
6,43,18,1083,1085
6,43,19,1082,1086
6,43,20,1082,1087
6,43,21,1080,1089
6,43,22,1080,1090
6,43,23,1081,1091
6,43,24,1082,1091
6,43,25,1083,1090
6,43,26,1084,1090
6,43,27,1085,1089
6,43,28,1085,1088
6,43,29,1087,1086
6,43,30,1087,1085
6,43,31,1088,1084
6,43,32,1088,1083
6,43,33,1089,1082
6,43,34,1090,1082
6,43,35,1091,1081
6,43,36,1091,1080
6,43,37,1094,1077
6,43,38,1094,1076
6,43,39,1096,1074
6,43,40,1097,1074
6,43,41,1098,1073
6,43,42,1098,1071
6,43,43,1099,1070
6,43,44,1099,1069
6,43,45,1101,1067
6,43,46,1102,1067
6,43,47,1104,1065
6,43,48,1104,1063
6,43,49,1106,1061
6,43,50,1106,1060
6,44,0,183,1058
6,44,1,182,1058
6,44,2,181,1059
6,44,3,179,1059
6,44,4,177,1061
6,44,5,176,1061
6,44,6,169,1068
6,44,7,168,1068
6,44,8,167,1069
6,44,9,166,1069
6,44,10,169,1069
6,44,11,170,1070
6,44,12,170,1073
6,44,13,169,1074
6,44,14,172,1074
6,44,15,174,1072
6,44,16,174,1070
6,44,17,176,1068
6,44,18,176,1067
6,44,19,175,1067
6,44,20,174,1066
6,44,21,174,1064
6,44,22,177,1061
6,44,23,178,1061
6,44,24,179,1062
6,44,25,179,1064
6,44,26,180,1064
6,44,27,183,1061
6,45,0,1267,1056
6,45,1,1263,1057
6,45,2,1255,1063
6,45,3,1252,1064
6,45,4,1229,1080
6,45,5,1226,1081
6,45,6,1221,1085
6,45,7,1218,1086
6,45,8,1213,1090
6,45,9,1210,1091
6,45,10,1207,1094
6,45,11,1204,1095
6,45,12,1202,1097
6,45,13,1200,1097
6,45,14,1198,1099
6,45,15,1190,1103
6,45,16,1188,1103
6,45,17,1184,1105
6,45,18,1176,1111
6,45,19,1172,1113
6,45,20,1170,1113
6,45,21,1167,1115
6,45,22,1165,1115
6,45,23,1162,1118
6,45,24,1166,1118
6,45,25,1167,1117
6,45,26,1169,1117
6,45,27,1171,1115
6,45,28,1190,1106
6,45,29,1195,1102
6,45,30,1200,1100
6,45,31,1207,1095
6,45,32,1221,1088
6,45,33,1234,1079
6,45,34,1242,1075
6,45,35,1244,1073
6,45,36,1257,1065
6,45,37,1260,1062
6,45,38,1263,1061
6,45,39,1266,1058
6,45,40,1267,1058
6,46,0,1201,1022
6,46,1,1200,1025
6,46,2,1200,1024
6,46,3,1202,1022
6,46,4,1204,1022
6,46,5,1205,1023
6,46,6,1207,1023
6,46,7,1208,1024
6,46,8,1208,1025
6,46,9,1209,1026
6,46,10,1209,1028
6,46,11,1210,1029
6,46,12,1210,1032
6,46,13,1209,1033
6,46,14,1209,1036
6,46,15,1208,1037
6,46,16,1207,1040
6,46,17,1202,1044
6,46,18,1201,1044
6,46,19,1200,1043
6,46,20,1200,1040
6,46,21,1201,1039
6,46,22,1201,1036
6,46,23,1201,1039
6,46,24,1200,1040
6,46,25,1200,1042
6,46,26,1199,1043
6,46,27,1200,1046
6,46,28,1201,1046
6,46,29,1202,1047
6,46,30,1221,1047
6,46,31,1224,1050
6,46,32,1224,1053
6,46,33,1227,1056
6,46,34,1230,1056
6,46,35,1232,1054
6,46,36,1232,1053
6,46,37,1233,1052
6,46,38,1233,1051
6,46,39,1232,1050
6,46,40,1232,1039
6,46,41,1229,1036
6,46,42,1228,1036
6,46,43,1227,1037
6,46,44,1226,1037
6,46,45,1223,1040
6,46,46,1220,1040
6,46,47,1215,1035
6,46,48,1215,1031
6,46,49,1220,1026
6,46,50,1220,1023
6,46,51,1218,1021
6,46,52,1203,1021
6,46,53,1202,1022
6,47,0,66,1021
6,47,1,66,1023
6,47,2,69,1026
6,47,3,70,1026
6,47,4,71,1027
6,47,5,72,1026
6,47,6,72,1024
6,47,7,76,1020
6,47,8,78,1022
6,47,9,78,1027
6,47,10,77,1028
6,47,11,77,1031
6,47,12,75,1033
6,47,13,72,1030
6,47,14,72,1029
6,47,15,68,1033
6,47,16,68,1034
6,47,17,67,1035
6,47,18,67,1039
6,47,19,66,1040
6,47,20,66,1043
6,47,21,67,1044
6,47,22,67,1042
6,47,23,68,1041
6,47,24,70,1041
6,47,25,71,1042
6,47,26,69,1044
6,47,27,69,1045
6,47,28,71,1045
6,47,29,72,1046
6,47,30,86,1046
6,47,31,87,1045
6,47,32,88,1045
6,47,33,91,1047
6,47,34,91,1048
6,47,35,92,1049
6,47,36,92,1051
6,47,37,94,1049
6,47,38,97,1049
6,47,39,96,1048
6,47,40,96,1046
6,47,41,97,1045
6,47,42,97,1044
6,47,43,99,1042
6,47,44,99,1039
6,47,45,96,1036
6,47,46,94,1036
6,47,47,91,1038
6,47,48,86,1038
6,47,49,81,1033
6,47,50,81,1030
6,47,51,88,1023
6,47,52,88,1022
6,47,53,86,1020
6,47,54,75,1020
6,47,55,74,1019
6,47,56,68,1019
6,48,0,207,1018
6,48,1,206,1018
6,48,2,206,1019
6,48,3,204,1021
6,48,4,204,1022
6,48,5,203,1023
6,48,6,203,1024
6,48,7,202,1025
6,48,8,202,1026
6,48,9,200,1028
6,48,10,200,1029
6,48,11,197,1032
6,48,12,197,1033
6,48,13,195,1035
6,48,14,195,1036
6,48,15,194,1037
6,48,16,194,1038
6,48,17,192,1040
6,48,18,192,1041
6,48,19,191,1042
6,48,20,191,1043
6,48,21,189,1045
6,48,22,189,1047
6,48,23,188,1048
6,48,24,188,1050
6,48,25,187,1051
6,48,26,187,1054
6,48,27,188,1055
6,48,28,188,1056
6,48,29,191,1056
6,48,30,190,1055
6,48,31,190,1053
6,48,32,192,1051
6,48,33,192,1050
6,48,34,191,1049
6,48,35,191,1047
6,48,36,193,1045
6,48,37,193,1044
6,48,38,194,1043
6,48,39,194,1042
6,48,40,195,1041
6,48,41,195,1040
6,48,42,196,1039
6,48,43,196,1038
6,48,44,197,1037
6,48,45,197,1036
6,48,46,199,1034
6,48,47,199,1032
6,48,48,200,1031
6,48,49,200,1030
6,48,50,201,1029
6,48,51,201,1028
6,48,52,203,1026
6,48,53,203,1025
6,48,54,205,1023
6,48,55,205,1022
6,48,56,206,1021
6,48,57,206,1020
6,48,58,207,1019
6,49,0,1324,1016
6,49,1,1322,1016
6,49,2,1319,1019
6,49,3,1318,1019
6,49,4,1317,1020
6,49,5,1316,1020
6,49,6,1314,1022
6,49,7,1313,1022
6,49,8,1309,1026
6,49,9,1308,1026
6,49,10,1306,1028
6,49,11,1305,1028
6,49,12,1303,1030
6,49,13,1302,1030
6,49,14,1299,1033
6,49,15,1298,1033
6,49,16,1296,1035
6,49,17,1295,1035
6,49,18,1293,1037
6,49,19,1292,1037
6,49,20,1291,1038
6,49,21,1290,1038
6,49,22,1287,1041
6,49,23,1286,1041
6,49,24,1283,1044
6,49,25,1282,1044
6,49,26,1279,1047
6,49,27,1279,1048
6,49,28,1281,1048
6,49,29,1283,1046
6,49,30,1284,1046
6,49,31,1285,1045
6,49,32,1286,1045
6,49,33,1288,1043
6,49,34,1289,1043
6,49,35,1291,1041
6,49,36,1292,1041
6,49,37,1294,1039
6,49,38,1295,1039
6,49,39,1298,1036
6,49,40,1299,1036
6,49,41,1301,1034
6,49,42,1302,1034
6,49,43,1305,1031
6,49,44,1306,1031
6,49,45,1309,1028
6,49,46,1310,1028
6,49,47,1313,1025
6,49,48,1314,1025
6,49,49,1315,1024
6,49,50,1316,1024
6,49,51,1320,1020
6,49,52,1321,1020
6,49,53,1323,1018
6,49,54,1324,1018
6,50,0,839,1015
6,50,1,837,1015
6,50,2,833,1019
6,50,3,832,1019
6,50,4,830,1021
6,50,5,829,1021
6,50,6,828,1022
6,50,7,827,1022
6,50,8,824,1025
6,50,9,823,1025
6,50,10,819,1029
6,50,11,820,1029
6,50,12,821,1028
6,50,13,823,1028
6,50,14,825,1026
6,50,15,826,1026
6,50,16,827,1025
6,50,17,828,1025
6,50,18,831,1022
6,50,19,832,1022
6,50,20,836,1018
6,50,21,838,1018
6,50,22,839,1017
6,51,0,1010,1010
6,51,1,1010,1011
6,51,2,1009,1012
6,51,3,1009,1013
6,51,4,1008,1014
6,51,5,1009,1015
6,51,6,1009,1017
6,51,7,1012,1020
6,51,8,1013,1020
6,51,9,1015,1022
6,51,10,1015,1024
6,51,11,1017,1026
6,51,12,1017,1027
6,51,13,1018,1028
6,51,14,1019,1028
6,51,15,1023,1032
6,51,16,1024,1032
6,51,17,1025,1033
6,51,18,1026,1032
6,51,19,1028,1032
6,51,20,1028,1030
6,51,21,1020,1022
6,51,22,1019,1022
6,51,23,1018,1021
6,51,24,1017,1021
6,51,25,1015,1019
6,51,26,1015,1017
6,51,27,1014,1016
6,51,28,1015,1015
6,51,29,1015,1012
6,51,30,1016,1011
6,51,31,1015,1010
6,51,32,1015,1009
6,51,33,1012,1009
6,51,34,1011,1010
6,52,0,966,998
6,52,1,962,997
6,52,2,933,1020
6,52,3,926,1018
6,52,4,925,1019
6,52,5,929,1022
6,52,6,926,1028
6,52,7,922,1025
6,52,8,922,1022
6,52,9,920,1028
6,52,10,916,1032
6,52,11,897,1045
6,52,12,877,1062
6,52,13,870,1065
6,52,14,855,1078
6,52,15,814,1105
6,52,16,810,1105
6,52,17,807,1102
6,52,18,795,1081
6,52,19,779,1063
6,52,20,778,1060
6,52,21,780,1057
6,52,22,774,1057
6,52,23,795,1082
6,52,24,812,1110
6,52,25,812,1117
6,52,26,812,1114
6,52,27,817,1109
6,52,28,819,1109
6,52,29,833,1097
6,52,30,839,1095
6,52,31,847,1087
6,52,32,853,1085
6,52,33,856,1080
6,52,34,863,1078
6,52,35,867,1073
6,52,36,874,1070
6,52,37,880,1063
6,52,38,885,1062
6,52,39,906,1044
6,52,40,913,1042
6,52,41,915,1047
6,52,42,919,1046
6,52,43,923,1039
6,52,44,925,1030
6,52,45,944,1018
6,52,46,951,1009
6,52,47,959,1007
6,53,0,1154,994
6,53,1,1153,994
6,53,2,1151,996
6,53,3,1150,996
6,53,4,1145,1001
6,53,5,1144,1001
6,53,6,1139,1006
6,53,7,1139,1007
6,53,8,1138,1008
6,53,9,1138,1010
6,53,10,1132,1016
6,53,11,1132,1017
6,53,12,1131,1018
6,53,13,1131,1019
6,53,14,1129,1021
6,53,15,1129,1022
6,53,16,1126,1024
6,53,17,1126,1025
6,53,18,1124,1027
6,53,19,1124,1028
6,53,20,1123,1029
6,53,21,1123,1030
6,53,22,1120,1033
6,53,23,1120,1034
6,53,24,1115,1039
6,53,25,1115,1045
6,53,26,1117,1045
6,53,27,1120,1043
6,53,28,1120,1042
6,53,29,1121,1041
6,53,30,1121,1040
6,53,31,1123,1038
6,53,32,1123,1037
6,53,33,1126,1034
6,53,34,1126,1033
6,53,35,1127,1032
6,53,36,1127,1031
6,53,37,1128,1030
6,53,38,1129,1030
6,53,39,1129,1029
6,53,40,1131,1027
6,53,41,1131,1026
6,53,42,1132,1025
6,53,43,1132,1024
6,53,44,1137,1019
6,53,45,1137,1018
6,53,46,1139,1016
6,53,47,1139,1015
6,53,48,1143,1011
6,53,49,1143,1010
6,53,50,1146,1007
6,53,51,1146,1006
6,53,52,1151,1001
6,53,53,1151,1000
6,53,54,1152,999
6,53,55,1152,998
6,53,56,1154,996
6,54,0,868,994
6,54,1,866,996
6,54,2,865,996
6,54,3,864,997
6,54,4,863,997
6,54,5,862,998
6,54,6,861,998
6,54,7,855,1004
6,54,8,853,1004
6,54,9,851,1006
6,54,10,850,1006
6,54,11,846,1010
6,54,12,849,1010
6,54,13,851,1008
6,54,14,852,1008
6,54,15,856,1004
6,54,16,857,1004
6,54,17,858,1003
6,54,18,859,1003
6,54,19,861,1001
6,54,20,862,1001
6,54,21,866,997
6,54,22,867,997
6,54,23,868,996
6,55,0,188,988
6,55,1,183,991
6,55,2,180,991
6,55,3,179,990
6,55,4,178,990
6,55,5,175,988
6,55,6,173,988
6,55,7,172,987
6,55,8,168,987
6,55,9,167,988
6,55,10,166,988
6,55,11,163,991
6,55,12,163,992
6,55,13,160,997
6,55,14,159,997
6,55,15,158,998
6,55,16,155,998
6,55,17,154,999
6,55,18,153,999
6,55,19,149,1003
6,55,20,148,1003
6,55,21,146,1005
6,55,22,144,1005
6,55,23,143,1006
6,55,24,142,1006
6,55,25,136,1012
6,55,26,136,1015
6,55,27,137,1016
6,55,28,137,1019
6,55,29,139,1019
6,55,30,140,1020
6,55,31,140,1021
6,55,32,140,1019
6,55,33,142,1017
6,55,34,145,1017
6,55,35,147,1019
6,55,36,147,1021
6,55,37,148,1022
6,55,38,150,1027
6,55,39,152,1029
6,55,40,154,1029
6,55,41,155,1028
6,55,42,155,1026
6,55,43,156,1025
6,55,44,155,1024
6,55,45,155,1021
6,55,46,157,1019
6,55,47,161,1019
6,55,48,162,1020
6,55,49,167,1020
6,55,50,170,1017
6,55,51,170,1014
6,55,52,172,1011
6,55,53,173,1011
6,55,54,174,1010
6,55,55,180,1010
6,55,56,183,1007
6,55,57,183,1005
6,55,58,184,1004
6,55,59,183,1003
6,55,60,183,1001
6,55,61,184,1000
6,55,62,184,999
6,55,63,187,996
6,55,64,186,997
6,55,65,185,997
6,55,66,183,999
6,55,67,181,999
6,55,68,179,997
6,55,69,179,995
6,55,70,181,993
6,55,71,184,992
6,56,0,1405,959
6,56,1,1404,958
6,56,2,1403,958
6,56,3,1402,959
6,56,4,1401,959
6,56,5,1399,961
6,56,6,1398,961
6,56,7,1396,963
6,56,8,1393,964
6,56,9,1386,970
6,56,10,1385,970
6,56,11,1383,972
6,56,12,1382,972
6,56,13,1375,979
6,56,14,1372,980
6,56,15,1370,982
6,56,16,1369,982
6,56,17,1366,985
6,56,18,1363,986
6,56,19,1360,989
6,56,20,1359,989
6,56,21,1351,996
6,56,22,1348,997
6,56,23,1345,1000
6,56,24,1342,1001
6,56,25,1339,1004
6,56,26,1338,1004
6,56,27,1335,1007
6,56,28,1334,1007
6,56,29,1332,1009
6,56,30,1332,1010
6,56,31,1333,1011
6,56,32,1334,1010
6,56,33,1337,1009
6,56,34,1345,1002
6,56,35,1348,1001
6,56,36,1351,998
6,56,37,1352,998
6,56,38,1360,991
6,56,39,1361,991
6,56,40,1363,989
6,56,41,1364,989
6,56,42,1366,987
6,56,43,1367,987
6,56,44,1375,980
6,56,45,1376,980
6,56,46,1378,978
6,56,47,1379,978
6,56,48,1381,976
6,56,49,1382,976
6,56,50,1384,974
6,56,51,1385,974
6,56,52,1387,972
6,56,53,1388,972
6,56,54,1392,968
6,56,55,1393,968
6,56,56,1394,967
6,56,57,1395,967
6,56,58,1397,965
6,56,59,1398,965
6,57,0,956,932
6,57,1,951,934
6,57,2,949,936
6,57,3,945,938
6,57,4,941,942
6,57,5,940,942
6,57,6,934,947
6,57,7,927,951
6,57,8,923,956
6,57,9,919,957
6,57,10,911,964
6,57,11,905,967
6,57,12,902,970
6,57,13,895,974
6,57,14,890,979
6,57,15,888,979
6,57,16,880,986
6,57,17,874,989
6,57,18,872,992
6,57,19,873,992
6,57,20,875,990
6,57,21,877,990
6,57,22,881,986
6,57,23,888,983
6,57,24,890,980
6,57,25,891,980
6,57,26,894,977
6,57,27,897,976
6,57,28,903,971
6,57,29,904,971
6,57,30,908,967
6,57,31,909,967
6,57,32,911,964
6,57,33,913,964
6,57,34,916,961
6,57,35,918,961
6,57,36,924,955
6,57,37,929,953
6,57,38,936,947
6,57,39,938,947
6,57,40,944,942
6,57,41,947,942
6,57,42,948,943
6,57,43,948,945
6,57,44,949,943
6,57,45,955,937
6,57,46,957,937
6,57,47,959,939
6,57,48,959,941
6,57,49,953,947
6,57,50,951,948
6,57,51,956,945
6,57,52,959,941
6,57,53,959,939
6,57,54,956,936
6,57,55,956,934
6,57,56,955,933
6,58,0,265,930
6,58,1,257,938
6,58,2,257,939
6,58,3,255,941
6,58,4,255,942
6,58,5,249,948
6,58,6,249,949
6,58,7,248,950
6,58,8,248,951
6,58,9,246,953
6,58,10,246,954
6,58,11,244,956
6,58,12,244,957
6,58,13,243,958
6,58,14,243,959
6,58,15,245,959
6,58,16,247,957
6,58,17,247,956
6,58,18,248,955
6,58,19,248,954
6,58,20,251,951
6,58,21,251,950
6,58,22,252,949
6,58,23,253,949
6,58,24,253,948
6,58,25,254,947
6,58,26,254,946
6,58,27,255,945
6,58,28,255,944
6,58,29,259,940
6,58,30,259,939
6,58,31,263,935
6,58,32,263,934
6,58,33,266,931
6,59,0,981,927
6,59,1,980,927
6,59,2,979,928
6,59,3,978,928
6,59,4,977,929
6,59,5,974,929
6,59,6,973,928
6,59,7,968,928
6,59,8,966,930
6,59,9,965,930
6,59,10,964,931
6,59,11,963,930
6,59,12,962,931
6,59,13,958,931
6,59,14,960,933
6,59,15,960,934
6,59,16,961,935
6,59,17,961,934
6,59,18,965,930
6,59,19,967,930
6,59,20,968,929
6,59,21,969,929
6,59,22,970,928
6,59,23,973,928
6,59,24,975,930
6,59,25,975,931
6,59,26,972,934
6,59,27,971,934
6,59,28,970,935
6,59,29,969,935
6,59,30,968,936
6,59,31,967,936
6,59,32,966,937
6,59,33,964,937
6,59,34,966,937
6,59,35,967,936
6,59,36,969,936
6,59,37,970,935
6,59,38,971,935
6,59,39,975,931
6,59,40,976,931
6,59,41,977,930
6,59,42,980,930
6,59,43,981,931
6,59,44,980,930
6,59,45,980,928
6,60,0,1178,926
6,60,1,1174,929
6,60,2,1171,934
6,60,3,1170,938
6,60,4,1168,940
6,60,5,1164,941
6,60,6,1156,946
6,60,7,1151,942
6,60,8,1151,940
6,60,9,1145,934
6,60,10,1142,935
6,60,11,1145,939
6,60,12,1145,942
6,60,13,1139,948
6,60,14,1136,949
6,60,15,1133,946
6,60,16,1129,944
6,60,17,1125,946
6,60,18,1124,949
6,60,19,1127,951
6,60,20,1127,958
6,60,21,1130,963
6,60,22,1128,965
6,60,23,1122,964
6,60,24,1120,966
6,60,25,1120,970
6,60,26,1130,981
6,60,27,1131,984
6,60,28,1124,993
6,60,29,1120,997
6,60,30,1116,999
6,60,31,1117,1002
6,60,32,1119,1002
6,60,33,1124,996
6,60,34,1139,984
6,60,35,1139,982
6,60,36,1136,981
6,60,37,1128,973
6,60,38,1128,969
6,60,39,1130,967
6,60,40,1133,968
6,60,41,1135,966
6,60,42,1140,964
6,60,43,1143,966
6,60,44,1147,971
6,60,45,1144,978
6,60,46,1146,978
6,60,47,1155,971
6,60,48,1157,967
6,60,49,1155,963
6,60,50,1155,955
6,60,51,1154,952
6,60,52,1157,949
6,60,53,1166,946
6,60,54,1169,943
6,60,55,1170,940
6,60,56,1174,938
6,60,57,1178,934
6,60,58,1180,929
6,61,0,119,940
6,61,1,109,943
6,61,2,95,960
6,61,3,88,974
6,61,4,90,984
6,61,5,86,988
6,61,6,67,995
6,61,7,58,1003
6,61,8,47,1023
6,61,9,39,1032
6,61,10,37,1041
6,61,11,30,1048
6,61,12,8,1057
6,61,13,4,1053
6,61,14,4,926
6,61,15,7,923
6,61,16,31,924
6,61,17,33,922
6,61,18,30,919
6,61,19,7,920
6,61,20,4,917
6,61,21,3,920
6,61,22,0,920
6,61,23,0,1073
6,61,24,4,1076
6,61,25,4,1067
6,61,26,7,1063
6,61,27,22,1058
6,61,28,38,1046
6,61,29,48,1033
6,61,30,51,1023
6,61,31,64,1006
6,61,32,88,990
6,61,33,96,977
6,61,34,104,956
6,61,35,115,950
6,61,36,111,951
6,61,37,109,948
6,62,0,299,904
6,62,1,292,901
6,62,2,282,901
6,62,3,279,899
6,62,4,269,899
6,62,5,263,902
6,62,6,261,901
6,62,7,252,902
6,62,8,249,900
6,62,9,250,899
6,62,10,249,897
6,62,11,246,897
6,62,12,239,900
6,62,13,243,904
6,62,14,241,908
6,62,15,228,916
6,62,16,221,915
6,62,17,219,920
6,62,18,207,930
6,62,19,200,933
6,62,20,195,938
6,62,21,189,939
6,62,22,182,944
6,62,23,181,943
6,62,24,156,947
6,62,25,152,945
6,62,26,147,946
6,62,27,137,944
6,62,28,132,941
6,62,29,122,940
6,62,30,123,944
6,62,31,117,949
6,62,32,122,946
6,62,33,126,946
6,62,34,154,952
6,62,35,161,952
6,62,36,164,950
6,62,37,169,950
6,62,38,172,952
6,62,39,174,951
6,62,40,182,952
6,62,41,179,950
6,62,42,179,948
6,62,43,182,945
6,62,44,191,944
6,62,45,193,948
6,62,46,189,951
6,62,47,192,950
6,62,48,195,945
6,62,49,199,946
6,62,50,201,942
6,62,51,208,940
6,62,52,204,939
6,62,53,205,936
6,62,54,217,929
6,62,55,222,928
6,62,56,231,919
6,62,57,248,910
6,62,58,273,903
6,62,59,281,905
6,62,60,286,909
6,62,61,289,909
6,62,62,293,906
6,62,63,299,906
6,63,0,1127,895
6,63,1,1105,908
6,63,2,1102,904
6,63,3,1099,912
6,63,4,1095,909
6,63,5,1095,905
6,63,6,1095,915
6,63,7,1088,920
6,63,8,1082,917
6,63,9,1077,903
6,63,10,1081,924
6,63,11,1076,929
6,63,12,1061,935
6,63,13,1050,935
6,63,14,1046,931
6,63,15,1046,935
6,63,16,1049,935
6,63,17,1047,941
6,63,18,998,969
6,63,19,967,994
6,63,20,973,996
6,63,21,993,978
6,63,22,1036,952
6,63,23,1067,941
6,63,24,1078,932
6,63,25,1085,934
6,63,26,1098,969
6,63,27,1097,1000
6,63,28,1066,1079
6,63,29,1063,1104
6,63,30,1051,1115
6,63,31,1051,1120
6,63,32,1055,1120
6,63,33,1063,1113
6,63,34,1067,1114
6,63,35,1068,1107
6,63,36,1078,1094
6,63,37,1069,1095
6,63,38,1067,1088
6,63,39,1102,994
6,63,40,1101,965
6,63,41,1090,940
6,63,42,1088,928
6,63,43,1093,923
6,63,44,1097,923
6,63,45,1104,929
6,63,46,1102,918
6,63,47,1106,911
6,63,48,1126,900
6,64,0,21,894
6,64,1,21,897
6,64,2,23,900
6,64,3,23,902
6,64,4,24,903
6,64,5,25,903
6,64,6,32,910
6,64,7,33,910
6,64,8,34,911
6,64,9,43,911
6,64,10,44,912
6,64,11,50,912
6,64,12,51,911
6,64,13,53,911
6,64,14,54,910
6,64,15,56,910
6,64,16,57,911
6,64,17,58,910
6,64,18,59,910
6,64,19,59,908
6,64,20,56,908
6,64,21,55,909
6,64,22,54,908
6,64,23,50,908
6,64,24,49,907
6,64,25,38,907
6,64,26,37,906
6,64,27,35,906
6,64,28,34,905
6,64,29,32,905
6,64,30,31,904
6,64,31,30,904
6,64,32,27,900
6,64,33,27,897
6,64,34,29,895
6,64,35,34,894
6,64,36,37,892
6,64,37,42,895
6,64,38,50,895
6,64,39,51,896
6,64,40,58,895
6,64,41,59,896
6,64,42,60,896
6,64,43,63,899
6,64,44,64,899
6,64,45,65,900
6,64,46,67,900
6,64,47,68,901
6,64,48,70,901
6,64,49,71,902
6,64,50,73,902
6,64,51,76,900
6,64,52,76,899
6,64,53,75,898
6,64,54,73,898
6,64,55,72,897
6,64,56,69,897
6,64,57,68,896
6,64,58,66,896
6,64,59,65,895
6,64,60,63,895
6,64,61,62,894
6,64,62,61,895
6,64,63,60,895
6,64,64,58,893
6,64,65,57,893
6,64,66,56,892
6,64,67,54,892
6,64,68,53,891
6,64,69,44,891
6,64,70,43,890
6,64,71,42,890
6,64,72,41,891
6,64,73,37,891
6,64,74,36,890
6,64,75,33,890
6,64,76,32,889
6,64,77,31,890
6,64,78,26,890
6,64,79,25,891
6,64,80,24,891
6,65,0,1317,886
6,65,1,1315,884
6,65,2,1307,884
6,65,3,1306,885
6,65,4,1305,885
6,65,5,1305,886
6,65,6,1303,888
6,65,7,1303,889
6,65,8,1302,890
6,65,9,1301,890
6,65,10,1300,891
6,65,11,1299,891
6,65,12,1298,892
6,65,13,1298,894
6,65,14,1297,895
6,65,15,1297,897
6,65,16,1296,898
6,65,17,1296,903
6,65,18,1299,903
6,65,19,1300,902
6,65,20,1300,901
6,65,21,1301,900
6,65,22,1301,899
6,65,23,1302,898
6,65,24,1302,891
6,65,25,1303,890
6,65,26,1304,890
6,65,27,1305,889
6,65,28,1309,889
6,65,29,1310,888
6,65,30,1316,888
6,65,31,1317,887
6,66,0,1609,868
6,66,1,1599,869
6,66,2,1592,872
6,66,3,1583,873
6,66,4,1566,879
6,66,5,1562,879
6,66,6,1550,884
6,66,7,1545,884
6,66,8,1540,887
6,66,9,1530,889
6,66,10,1520,894
6,66,11,1489,905
6,66,12,1455,923
6,66,13,1443,931
6,66,14,1437,930
6,66,15,1440,933
6,66,16,1437,936
6,66,17,1434,935
6,66,18,1431,931
6,66,19,1432,933
6,66,20,1431,939
6,66,21,1421,945
6,66,22,1418,949
6,66,23,1421,949
6,66,24,1436,938
6,66,25,1462,922
6,66,26,1498,904
6,66,27,1506,902
6,66,28,1508,900
6,66,29,1531,891
6,66,30,1535,891
6,66,31,1540,888
6,66,32,1548,887
6,66,33,1560,882
6,66,34,1573,880
6,66,35,1583,876
6,66,36,1609,870
6,67,0,315,889
6,67,1,313,887
6,67,2,313,886
6,67,3,311,886
6,67,4,310,887
6,67,5,304,881
6,67,6,304,880
6,67,7,301,877
6,67,8,301,872
6,67,9,303,870
6,67,10,303,869
6,67,11,302,868
6,67,12,298,868
6,67,13,296,870
6,67,14,295,870
6,67,15,292,873
6,67,16,292,874
6,67,17,291,875
6,67,18,291,876
6,67,19,290,877
6,67,20,290,880
6,67,21,287,883
6,67,22,283,883
6,67,23,282,884
6,67,24,280,884
6,67,25,279,885
6,67,26,277,885
6,67,27,275,887
6,67,28,275,889
6,67,29,281,889
6,67,30,282,888
6,67,31,284,888
6,67,32,285,887
6,67,33,288,887
6,67,34,289,888
6,67,35,290,888
6,67,36,293,891
6,67,37,299,891
6,67,38,300,890
6,67,39,303,890
6,67,40,304,891
6,67,41,306,891
6,67,42,307,892
6,67,43,308,892
6,67,44,309,893
6,67,45,311,893
6,68,0,312,868
6,68,1,307,873
6,68,2,307,876
6,68,3,308,877
6,68,4,308,878
6,68,5,309,879
6,68,6,310,879
6,68,7,312,881
6,68,8,314,881
6,68,9,315,882
6,68,10,315,885
6,68,11,319,885
6,68,12,320,886
6,68,13,321,886
6,68,14,324,889
6,68,15,324,890
6,68,16,326,892
6,68,17,332,892
6,68,18,334,890
6,68,19,335,890
6,68,20,335,889
6,68,21,336,888
6,68,22,336,884
6,68,23,335,883
6,68,24,335,880
6,68,25,336,879
6,68,26,336,878
6,68,27,338,876
6,68,28,338,873
6,68,29,337,873
6,68,30,335,871
6,68,31,335,870
6,68,32,333,868
6,68,33,331,868
6,68,34,330,867
6,68,35,328,869
6,68,36,328,870
6,68,37,326,872
6,68,38,325,872
6,68,39,322,875
6,68,40,321,875
6,68,41,320,874
6,68,42,320,871
6,68,43,317,868
6,69,0,1640,857
6,69,1,1639,858
6,69,2,1638,858
6,69,3,1637,859
6,69,4,1634,859
6,69,5,1633,858
6,69,6,1632,858
6,69,7,1631,857
6,69,8,1631,858
6,69,9,1632,859
6,69,10,1633,859
6,69,11,1635,861
6,69,12,1634,862
6,69,13,1628,862
6,69,14,1627,861
6,69,15,1626,861
6,69,16,1625,862
6,69,17,1622,862
6,69,18,1621,861
6,69,19,1621,863
6,69,20,1619,865
6,69,21,1618,865
6,69,22,1617,866
6,69,23,1615,866
6,69,24,1614,867
6,69,25,1612,867
6,69,26,1612,869
6,69,27,1615,869
6,69,28,1616,868
6,69,29,1621,868
6,69,30,1622,867
6,69,31,1623,867
6,69,32,1624,866
6,69,33,1628,866
6,69,34,1629,865
6,69,35,1632,865
6,69,36,1633,864
6,69,37,1637,864
6,69,38,1638,863
6,69,39,1640,863
6,69,40,1640,862
6,69,41,1638,862
6,69,42,1637,861
6,69,43,1637,860
6,70,0,1604,855
6,70,1,1603,855
6,70,2,1602,856
6,70,3,1596,856
6,70,4,1595,855
6,70,5,1594,855
6,70,6,1595,856
6,70,7,1595,858
6,70,8,1593,860
6,70,9,1585,860
6,70,10,1584,859
6,70,11,1585,860
6,70,12,1594,860
6,70,13,1595,859
6,70,14,1596,859
6,70,15,1597,858
6,70,16,1602,858
6,70,17,1603,859
6,70,18,1604,859
6,70,19,1603,858
6,70,20,1603,856
6,71,0,1430,858
6,71,1,1432,860
6,71,2,1432,861
6,71,3,1430,863
6,71,4,1431,862
6,71,5,1434,862
6,71,6,1435,861
6,71,7,1440,861
6,71,8,1442,864
6,71,9,1442,865
6,71,10,1440,867
6,71,11,1440,868
6,71,12,1438,870
6,71,13,1436,874
6,71,14,1437,877
6,71,15,1437,875
6,71,16,1439,873
6,71,17,1441,875
6,71,18,1441,876
6,71,19,1442,876
6,71,20,1446,868
6,71,21,1447,867
6,71,22,1450,867
6,71,23,1452,868
6,71,24,1455,872
6,71,25,1455,874
6,71,26,1453,876
6,71,27,1449,876
6,71,28,1448,877
6,71,29,1448,880
6,71,30,1451,883
6,71,31,1456,883
6,71,32,1458,881
6,71,33,1462,880
6,71,34,1467,885
6,71,35,1467,886
6,71,36,1471,888
6,71,37,1474,888
6,71,38,1480,885
6,71,39,1486,885
6,71,40,1483,885
6,71,41,1480,883
6,71,42,1480,881
6,71,43,1482,879
6,71,44,1485,879
6,71,45,1483,877
6,71,46,1483,870
6,71,47,1482,868
6,71,48,1481,868
6,71,49,1479,866
6,71,50,1479,865
6,71,51,1478,865
6,71,52,1474,862
6,71,53,1469,862
6,71,54,1465,859
6,71,55,1463,859
6,71,56,1462,858
6,71,57,1458,858
6,71,58,1457,859
6,71,59,1460,859
6,71,60,1462,862
6,71,61,1461,865
6,71,62,1459,867
6,71,63,1458,867
6,71,64,1455,865
6,71,65,1455,862
6,71,66,1456,861
6,71,67,1453,864
6,71,68,1452,863
6,71,69,1452,859
6,71,70,1451,857
6,71,71,1446,854
6,71,72,1439,854
6,71,73,1437,856
6,71,74,1433,858
6,72,0,1647,855
6,72,1,1649,855
6,72,2,1650,856
6,72,3,1651,856
6,72,4,1652,857
6,72,5,1652,858
6,72,6,1650,860
6,72,7,1658,860
6,72,8,1660,858
6,72,9,1661,858
6,72,10,1661,857
6,72,11,1662,856
6,72,12,1663,856
6,72,13,1664,855
6,72,14,1665,855
6,72,15,1667,857
6,72,16,1668,856
6,72,17,1671,856
6,72,18,1672,855
6,72,19,1674,855
6,72,20,1674,853
6,72,21,1671,853
6,72,22,1670,852
6,72,23,1669,852
6,72,24,1667,850
6,72,25,1662,855
6,72,26,1662,856
6,72,27,1660,858
6,72,28,1658,858
6,72,29,1657,857
6,72,30,1657,853
6,72,31,1660,850
6,72,32,1657,853
6,72,33,1656,853
6,72,34,1654,855
6,72,35,1652,855
6,72,36,1651,856
6,72,37,1650,855
6,73,0,1555,846
6,73,1,1554,847
6,73,2,1553,847
6,73,3,1552,848
6,73,4,1550,848
6,73,5,1548,850
6,73,6,1547,850
6,73,7,1546,851
6,73,8,1545,851
6,73,9,1544,852
6,73,10,1543,852
6,73,11,1542,853
6,73,12,1541,853
6,73,13,1540,854
6,73,14,1539,854
6,73,15,1538,855
6,73,16,1537,855
6,73,17,1536,856
6,73,18,1535,856
6,73,19,1534,857
6,73,20,1535,856
6,73,21,1536,856
6,73,22,1537,855
6,73,23,1539,855
6,73,24,1540,854
6,73,25,1541,854
6,73,26,1542,853
6,73,27,1543,853
6,73,28,1545,851
6,73,29,1546,851
6,73,30,1547,850
6,73,31,1548,850
6,73,32,1549,849
6,73,33,1550,849
6,73,34,1551,848
6,73,35,1552,848
6,73,36,1553,847
6,73,37,1555,847
6,74,0,1088,838
6,74,1,1082,841
6,74,2,1078,845
6,74,3,1075,846
6,74,4,1069,851
6,74,5,1066,852
6,74,6,1064,854
6,74,7,1062,854
6,74,8,1058,856
6,74,9,1044,869
6,74,10,1038,872
6,74,11,1033,877
6,74,12,1031,877
6,74,13,1029,879
6,74,14,1025,881
6,74,15,1021,885
6,74,16,1020,885
6,74,17,1014,890
6,74,18,1007,894
6,74,19,1004,898
6,74,20,999,900
6,74,21,998,902
6,74,22,1001,901
6,74,23,1002,899
6,74,24,1003,899
6,74,25,1008,895
6,74,26,1010,895
6,74,27,1013,892
6,74,28,1016,891
6,74,29,1024,884
6,74,30,1029,882
6,74,31,1035,876
6,74,32,1036,876
6,74,33,1038,874
6,74,34,1040,874
6,74,35,1044,870
6,74,36,1051,866
6,74,37,1054,863
6,74,38,1056,863
6,74,39,1057,862
6,74,40,1060,863
6,74,41,1064,867
6,74,42,1066,871
6,74,43,1068,872
6,74,44,1068,869
6,74,45,1065,863
6,74,46,1065,859
6,74,47,1070,852
6,74,48,1071,852
6,74,49,1076,847
6,74,50,1084,843
6,74,51,1088,839
6,75,0,1776,823
6,75,1,1775,823
6,75,2,1774,824
6,75,3,1769,824
6,75,4,1768,825
6,75,5,1763,826
6,75,6,1760,828
6,75,7,1755,829
6,75,8,1754,830
6,75,9,1753,830
6,75,10,1752,831
6,75,11,1750,831
6,75,12,1747,833
6,75,13,1742,833
6,75,14,1741,834
6,75,15,1736,835
6,75,16,1733,837
6,75,17,1728,837
6,75,18,1727,838
6,75,19,1725,838
6,75,20,1724,839
6,75,21,1721,839
6,75,22,1720,840
6,75,23,1715,841
6,75,24,1712,843
6,75,25,1707,843
6,75,26,1706,844
6,75,27,1703,844
6,75,28,1702,845
6,75,29,1700,845
6,75,30,1697,847
6,75,31,1693,847
6,75,32,1690,849
6,75,33,1686,849
6,75,34,1685,850
6,75,35,1682,850
6,75,36,1681,851
6,75,37,1680,851
6,75,38,1680,853
6,75,39,1684,853
6,75,40,1685,852
6,75,41,1688,852
6,75,42,1689,851
6,75,43,1691,851
6,75,44,1692,850
6,75,45,1695,850
6,75,46,1696,849
6,75,47,1698,849
6,75,48,1699,848
6,75,49,1701,848
6,75,50,1702,847
6,75,51,1707,847
6,75,52,1708,846
6,75,53,1710,846
6,75,54,1713,844
6,75,55,1716,844
6,75,56,1717,843
6,75,57,1719,843
6,75,58,1720,844
6,75,59,1721,843
6,75,60,1723,843
6,75,61,1728,840
6,75,62,1731,840
6,75,63,1732,839
6,75,64,1734,839
6,75,65,1737,837
6,75,66,1741,837
6,75,67,1742,836
6,75,68,1745,836
6,75,69,1748,834
6,75,70,1750,834
6,75,71,1751,833
6,75,72,1753,833
6,75,73,1754,832
6,75,74,1756,832
6,75,75,1757,831
6,75,76,1760,831
6,75,77,1761,830
6,75,78,1763,830
6,75,79,1766,828
6,75,80,1769,828
6,75,81,1770,827
6,75,82,1775,826
6,75,83,1776,825
6,76,0,183,819
6,76,1,184,819
6,76,2,186,821
6,76,3,187,821
6,76,4,188,822
6,76,5,190,822
6,76,6,191,823
6,76,7,197,823
6,76,8,198,822
6,76,9,200,822
6,76,10,201,821
6,76,11,201,820
6,76,12,200,819
6,76,13,199,819
6,76,14,198,820
6,76,15,197,819
6,76,16,195,819
6,76,17,196,820
6,76,18,196,821
6,76,19,194,823
6,76,20,193,822
6,76,21,191,822
6,76,22,190,821
6,76,23,188,821
6,76,24,187,820
6,76,25,187,819
6,76,26,189,817
6,76,27,190,818
6,76,28,189,817
6,76,29,188,817
6,76,30,187,818
6,76,31,186,818
6,76,32,185,819
6,77,0,1164,798
6,77,1,1162,800
6,77,2,1162,803
6,77,3,1163,804
6,77,4,1163,806
6,77,5,1164,807
6,77,6,1163,808
6,77,7,1163,817
6,77,8,1162,818
6,77,9,1162,822
6,77,10,1164,824
6,77,11,1183,824
6,77,12,1186,827
6,77,13,1186,829
6,77,14,1189,832
6,77,15,1191,832
6,77,16,1192,831
6,77,17,1193,831
6,77,18,1193,830
6,77,19,1194,829
6,77,20,1194,817
6,77,21,1191,814
6,77,22,1189,814
6,77,23,1188,815
6,77,24,1187,815
6,77,25,1183,819
6,77,26,1179,819
6,77,27,1177,816
6,77,28,1177,807
6,77,29,1182,802
6,77,30,1182,799
6,77,31,1181,798
6,77,32,1182,799
6,77,33,1182,801
6,77,34,1181,802
6,77,35,1177,802
6,77,36,1176,801
6,77,37,1176,799
6,77,38,1178,797
6,77,39,1179,797
6,77,40,1175,797
6,77,41,1174,798
6,77,42,1167,798
6,77,43,1168,798
6,77,44,1169,799
6,77,45,1171,799
6,77,46,1172,800
6,77,47,1172,801
6,77,48,1170,803
6,77,49,1166,803
6,77,50,1164,801
6,78,0,1337,806
6,78,1,1335,803
6,78,2,1331,801
6,78,3,1324,801
6,78,4,1321,804
6,78,5,1318,803
6,78,6,1315,800
6,78,7,1311,801
6,78,8,1308,804
6,78,9,1307,804
6,78,10,1307,808
6,78,11,1308,809
6,78,12,1309,813
6,78,13,1313,817
6,78,14,1313,819
6,78,15,1312,820
6,78,16,1303,820
6,78,17,1302,821
6,78,18,1298,818
6,78,19,1297,815
6,78,20,1294,812
6,78,21,1293,808
6,78,22,1296,805
6,78,23,1301,802
6,78,24,1303,799
6,78,25,1310,797
6,78,26,1311,796
6,78,27,1311,793
6,78,28,1309,792
6,78,29,1302,798
6,78,30,1296,800
6,78,31,1294,802
6,78,32,1289,804
6,78,33,1287,806
6,78,34,1283,808
6,78,35,1277,813
6,78,36,1275,813
6,78,37,1271,815
6,78,38,1269,817
6,78,39,1268,817
6,78,40,1265,820
6,78,41,1265,821
6,78,42,1266,822
6,78,43,1268,822
6,78,44,1275,818
6,78,45,1279,814
6,78,46,1283,812
6,78,47,1288,811
6,78,48,1292,815
6,78,49,1296,823
6,78,50,1300,827
6,78,51,1301,826
6,78,52,1303,826
6,78,53,1305,824
6,78,54,1309,824
6,78,55,1310,825
6,78,56,1311,824
6,78,57,1315,824
6,78,58,1319,821
6,78,59,1321,821
6,78,60,1328,825
6,78,61,1329,824
6,78,62,1333,823
6,78,63,1337,818
6,79,0,1160,789
6,79,1,1159,788
6,79,2,1158,789
6,79,3,1157,789
6,79,4,1154,792
6,79,5,1151,793
6,79,6,1147,797
6,79,7,1146,797
6,79,8,1145,798
6,79,9,1144,798
6,79,10,1142,800
6,79,11,1141,800
6,79,12,1136,805
6,79,13,1133,806
6,79,14,1131,808
6,79,15,1130,808
6,79,16,1129,809
6,79,17,1128,809
6,79,18,1126,811
6,79,19,1125,811
6,79,20,1122,814
6,79,21,1121,814
6,79,22,1116,819
6,79,23,1115,819
6,79,24,1114,820
6,79,25,1113,820
6,79,26,1112,821
6,79,27,1109,822
6,79,28,1106,825
6,79,29,1103,826
6,79,30,1098,831
6,79,31,1097,831
6,79,32,1095,833
6,79,33,1096,834
6,79,34,1098,832
6,79,35,1101,831
6,79,36,1103,829
6,79,37,1104,829
6,79,38,1105,828
6,79,39,1106,828
6,79,40,1108,826
6,79,41,1109,826
6,79,42,1113,822
6,79,43,1114,822
6,79,44,1115,821
6,79,45,1115,820
6,79,46,1117,818
6,79,47,1120,817
6,79,48,1122,815
6,79,49,1124,815
6,79,50,1125,814
6,79,51,1128,813
6,79,52,1132,809
6,79,53,1133,809
6,79,54,1135,807
6,79,55,1135,806
6,79,56,1136,805
6,79,57,1138,805
6,79,58,1140,803
6,79,59,1141,803
6,79,60,1142,802
6,79,61,1144,802
6,79,62,1144,801
6,79,63,1146,799
6,79,64,1147,799
6,79,65,1150,796
6,79,66,1152,796
6,79,67,1154,794
6,79,68,1157,793
6,79,69,1160,790
6,80,0,246,777
6,80,1,245,778
6,80,2,244,778
6,80,3,244,779
6,80,4,243,780
6,80,5,244,781
6,80,6,244,785
6,80,7,243,786
6,80,8,243,788
6,80,9,240,791
6,80,10,240,792
6,80,11,239,793
6,80,12,238,793
6,80,13,238,795
6,80,14,239,795
6,80,15,240,796
6,80,16,242,796
6,80,17,243,795
6,80,18,243,794
6,80,19,246,791
6,80,20,246,785
6,80,21,247,784
6,80,22,247,783
6,80,23,248,782
6,80,24,248,779
6,81,0,1905,776
6,81,1,1903,777
6,81,2,1899,777
6,81,3,1893,780
6,81,4,1890,780
6,81,5,1889,781
6,81,6,1887,781
6,81,7,1883,783
6,81,8,1880,783
6,81,9,1877,785
6,81,10,1874,785
6,81,11,1866,789
6,81,12,1863,789
6,81,13,1860,791
6,81,14,1858,791
6,81,15,1855,793
6,81,16,1853,793
6,81,17,1850,795
6,81,18,1848,795
6,81,19,1844,798
6,81,20,1841,798
6,81,21,1836,801
6,81,22,1834,801
6,81,23,1831,803
6,81,24,1829,803
6,81,25,1826,805
6,81,26,1824,805
6,81,27,1816,809
6,81,28,1813,809
6,81,29,1810,811
6,81,30,1808,811
6,81,31,1806,812
6,81,32,1806,814
6,81,33,1811,813
6,81,34,1819,809
6,81,35,1822,809
6,81,36,1825,807
6,81,37,1827,807
6,81,38,1830,805
6,81,39,1832,805
6,81,40,1837,802
6,81,41,1839,802
6,81,42,1846,798
6,81,43,1848,798
6,81,44,1854,795
6,81,45,1856,795
6,81,46,1857,794
6,81,47,1862,793
6,81,48,1870,789
6,81,49,1873,789
6,81,50,1874,788
6,81,51,1876,788
6,81,52,1877,787
6,81,53,1879,787
6,81,54,1880,786
6,81,55,1885,785
6,81,56,1887,783
6,81,57,1890,783
6,81,58,1893,781
6,81,59,1896,781
6,81,60,1897,780
6,81,61,1901,780
6,81,62,1902,779
6,81,63,1904,779
6,81,64,1905,778
6,82,0,319,774
6,82,1,319,775
6,82,2,317,777
6,82,3,316,777
6,82,4,316,778
6,82,5,315,779
6,82,6,315,780
6,82,7,312,783
6,82,8,311,783
6,82,9,310,784
6,82,10,310,789
6,82,11,311,789
6,82,12,313,791
6,82,13,314,791
6,82,14,314,788
6,82,15,313,787
6,82,16,313,786
6,82,17,314,785
6,82,18,314,783
6,82,19,315,782
6,82,20,315,781
6,82,21,317,779
6,82,22,319,779
6,82,23,320,778
6,82,24,322,778
6,82,25,326,782
6,82,26,326,784
6,82,27,329,787
6,82,28,328,788
6,82,29,328,791
6,82,30,322,795
6,82,31,320,795
6,82,32,319,794
6,82,33,315,794
6,82,34,316,794
6,82,35,318,796
6,82,36,318,799
6,82,37,320,801
6,82,38,321,801
6,82,39,323,803
6,82,40,324,803
6,82,41,325,804
6,82,42,327,804
6,82,43,328,805
6,82,44,332,805
6,82,45,333,804
6,82,46,333,803
6,82,47,331,801
6,82,48,331,800
6,82,49,329,798
6,82,50,329,795
6,82,51,330,794
6,82,52,330,793
6,82,53,331,792
6,82,54,331,791
6,82,55,334,788
6,82,56,334,783
6,82,57,331,780
6,82,58,331,779
6,82,59,326,774
6,83,0,1186,771
6,83,1,1185,771
6,83,2,1183,773
6,83,3,1182,773
6,83,4,1179,776
6,83,5,1177,776
6,83,6,1176,777
6,83,7,1175,777
6,83,8,1172,780
6,83,9,1171,780
6,83,10,1169,782
6,83,11,1168,782
6,83,12,1167,783
6,83,13,1167,784
6,83,14,1170,784
6,83,15,1173,781
6,83,16,1175,781
6,83,17,1175,780
6,83,18,1176,779
6,83,19,1177,779
6,83,20,1182,774
6,83,21,1183,774
6,83,22,1184,773
6,83,23,1185,773
6,83,24,1186,772
6,84,0,207,771
6,84,1,205,769
6,84,2,205,767
6,84,3,203,765
6,84,4,201,765
6,84,5,200,766
6,84,6,201,767
6,84,7,201,768
6,84,8,202,768
6,84,9,203,769
6,84,10,203,770
6,84,11,202,771
6,84,12,202,772
6,84,13,201,773
6,84,14,188,773
6,84,15,186,775
6,84,16,186,776
6,84,17,187,777
6,84,18,188,777
6,84,19,189,778
6,84,20,194,778
6,84,21,195,777
6,84,22,198,777
6,84,23,199,778
6,84,24,200,777
6,84,25,201,778
6,84,26,203,778
6,84,27,204,777
6,84,28,205,777
6,84,29,206,776
6,84,30,206,774
6,84,31,207,773
6,85,0,1735,758
6,85,1,1742,758
6,85,2,1744,760
6,85,3,1744,762
6,85,4,1743,763
6,85,5,1744,762
6,85,6,1745,762
6,85,7,1746,761
6,85,8,1749,761
6,85,9,1751,763
6,85,10,1750,762
6,85,11,1750,760
6,85,12,1752,758
6,85,13,1754,758
6,85,14,1751,758
6,85,15,1749,760
6,85,16,1745,760
6,85,17,1744,759
6,85,18,1743,759
6,85,19,1742,758
6,86,0,2002,756
6,86,1,1997,756
6,86,2,1996,757
6,86,3,1994,757
6,86,4,1993,758
6,86,5,1984,758
6,86,6,1983,759
6,86,7,1974,759
6,86,8,1973,760
6,86,9,1971,760
6,86,10,1970,761
6,86,11,1966,761
6,86,12,1965,762
6,86,13,1960,762
6,86,14,1959,763
6,86,15,1957,763
6,86,16,1957,765
6,86,17,1964,765
6,86,18,1965,764
6,86,19,1971,764
6,86,20,1972,763
6,86,21,1975,763
6,86,22,1976,762
6,86,23,1983,762
6,86,24,1984,761
6,86,25,1992,761
6,86,26,1993,760
6,86,27,1995,760
6,86,28,1996,759
6,86,29,2002,759
6,87,0,625,752
6,87,1,623,754
6,87,2,623,755
6,87,3,625,757
6,87,4,628,757
6,87,5,629,758
6,87,6,630,758
6,87,7,631,759
6,87,8,631,763
6,87,9,629,765
6,87,10,629,766
6,87,11,630,766
6,87,12,633,763
6,87,13,633,762
6,87,14,634,761
6,87,15,635,761
6,87,16,636,760
6,87,17,637,760
6,87,18,636,760
6,87,19,635,759
6,87,20,633,759
6,87,21,632,758
6,87,22,631,758
6,87,23,630,757
6,87,24,630,754
6,87,25,631,753
6,87,26,633,753
6,87,27,628,753
6,87,28,627,752
6,88,0,225,741
6,88,1,224,742
6,88,2,224,748
6,88,3,225,749
6,88,4,225,753
6,88,5,226,754
6,88,6,226,756
6,88,7,227,757
6,88,8,228,757
6,88,9,229,758
6,88,10,228,759
6,88,11,228,763
6,88,12,229,764
6,88,13,231,764
6,88,14,231,761
6,88,15,230,760
6,88,16,230,759
6,88,17,229,758
6,88,18,229,756
6,88,19,230,755
6,88,20,230,752
6,88,21,229,753
6,88,22,228,753
6,88,23,226,751
6,88,24,227,750
6,88,25,230,750
6,88,26,229,749
6,88,27,229,745
6,88,28,228,744
6,88,29,228,743
6,88,30,226,741
6,89,0,1242,734
6,89,1,1241,735
6,89,2,1239,735
6,89,3,1237,737
6,89,4,1236,737
6,89,5,1234,739
6,89,6,1233,739
6,89,7,1232,740
6,89,8,1231,740
6,89,9,1228,743
6,89,10,1227,743
6,89,11,1226,744
6,89,12,1225,744
6,89,13,1223,746
6,89,14,1222,746
6,89,15,1220,748
6,89,16,1219,748
6,89,17,1215,752
6,89,18,1213,752
6,89,19,1211,754
6,89,20,1210,754
6,89,21,1208,756
6,89,22,1207,756
6,89,23,1205,758
6,89,24,1204,758
6,89,25,1202,760
6,89,26,1201,760
6,89,27,1200,761
6,89,28,1199,761
6,89,29,1195,765
6,89,30,1197,765
6,89,31,1198,764
6,89,32,1199,764
6,89,33,1200,763
6,89,34,1201,763
6,89,35,1202,762
6,89,36,1203,762
6,89,37,1205,760
6,89,38,1206,760
6,89,39,1208,758
6,89,40,1209,758
6,89,41,1211,756
6,89,42,1212,756
6,89,43,1215,753
6,89,44,1216,753
6,89,45,1218,751
6,89,46,1219,751
6,89,47,1220,750
6,89,48,1222,750
6,89,49,1224,748
6,89,50,1225,748
6,89,51,1228,745
6,89,52,1229,745
6,89,53,1230,744
6,89,54,1231,744
6,89,55,1233,742
6,89,56,1234,742
6,89,57,1235,741
6,89,58,1236,741
6,89,59,1239,738
6,89,60,1240,738
6,89,61,1242,736
6,90,0,1789,726
6,90,1,1787,728
6,90,2,1785,728
6,90,3,1784,729
6,90,4,1783,729
6,90,5,1780,732
6,90,6,1780,733
6,90,7,1779,734
6,90,8,1779,735
6,90,9,1778,736
6,90,10,1778,737
6,90,11,1778,736
6,90,12,1779,735
6,90,13,1779,734
6,90,14,1780,733
6,90,15,1780,732
6,90,16,1783,729
6,90,17,1785,729
6,90,18,1787,731
6,90,19,1787,732
6,90,20,1786,733
6,90,21,1786,735
6,90,22,1785,736
6,90,23,1785,737
6,90,24,1784,738
6,90,25,1785,737
6,90,26,1785,736
6,90,27,1786,735
6,90,28,1786,733
6,90,29,1787,732
6,90,30,1787,730
6,90,31,1789,728
6,90,32,1790,728
6,90,33,1789,727
6,91,0,1395,718
6,91,1,1381,726
6,91,2,1375,726
6,91,3,1379,729
6,91,4,1376,734
6,91,5,1371,731
6,91,6,1366,738
6,91,7,1358,739
6,91,8,1344,752
6,91,9,1260,801
6,91,10,1227,825
6,91,11,1219,822
6,91,12,1214,835
6,91,13,1211,831
6,91,14,1201,839
6,91,15,1189,839
6,91,16,1192,841
6,91,17,1188,845
6,91,18,1192,848
6,91,19,1191,852
6,91,20,1181,854
6,91,21,1160,869
6,91,22,1156,867
6,91,23,1158,864
6,91,24,1154,868
6,91,25,1150,865
6,91,26,1138,876
6,91,27,1146,870
6,91,28,1148,874
6,91,29,1139,881
6,91,30,1137,878
6,91,31,1115,887
6,91,32,1116,891
6,91,33,1106,897
6,91,34,1118,890
6,91,35,1124,890
6,91,36,1121,887
6,91,37,1131,881
6,91,38,1133,885
6,91,39,1126,889
6,91,40,1135,893
6,91,41,1140,885
6,91,42,1149,880
6,91,43,1151,870
6,91,44,1156,872
6,91,45,1156,877
6,91,46,1160,876
6,91,47,1175,863
6,91,48,1187,858
6,91,49,1193,850
6,91,50,1199,849
6,91,51,1267,802
6,91,52,1351,752
6,91,53,1356,752
6,91,54,1356,762
6,91,55,1360,766
6,91,56,1364,765
6,91,57,1364,760
6,91,58,1358,756
6,91,59,1360,748
6,91,60,1363,745
6,91,61,1366,747
6,91,62,1365,755
6,91,63,1368,757
6,91,64,1372,751
6,91,65,1373,739
6,91,66,1393,725
6,92,0,1286,707
6,92,1,1285,708
6,92,2,1282,708
6,92,3,1279,711
6,92,4,1278,711
6,92,5,1277,712
6,92,6,1276,712
6,92,7,1273,715
6,92,8,1272,715
6,92,9,1270,717
6,92,10,1268,717
6,92,11,1267,718
6,92,12,1266,718
6,92,13,1264,720
6,92,14,1263,720
6,92,15,1262,721
6,92,16,1261,721
6,92,17,1261,722
6,92,18,1260,723
6,92,19,1259,723
6,92,20,1257,725
6,92,21,1255,725
6,92,22,1254,726
6,92,23,1253,726
6,92,24,1249,730
6,92,25,1252,730
6,92,26,1253,729
6,92,27,1254,729
6,92,28,1257,726
6,92,29,1258,726
6,92,30,1260,724
6,92,31,1261,724
6,92,32,1262,723
6,92,33,1263,723
6,92,34,1264,722
6,92,35,1266,722
6,92,36,1270,718
6,92,37,1271,718
6,92,38,1274,715
6,92,39,1275,715
6,92,40,1277,713
6,92,41,1278,713
6,92,42,1279,712
6,92,43,1280,712
6,92,44,1283,709
6,92,45,1284,709
6,93,0,428,690
6,93,1,426,690
6,93,2,425,691
6,93,3,424,691
6,93,4,424,692
6,93,5,423,693
6,93,6,423,694
6,93,7,422,695
6,93,8,422,697
6,93,9,419,700
6,93,10,418,700
6,93,11,417,701
6,93,12,415,701
6,93,13,416,702
6,93,14,416,704
6,93,15,413,707
6,93,16,414,706
6,93,17,415,706
6,93,18,416,705
6,93,19,418,705
6,93,20,427,696
6,93,21,427,693
6,93,22,428,692
6,94,0,1324,684
6,94,1,1322,684
6,94,2,1321,685
6,94,3,1320,685
6,94,4,1317,688
6,94,5,1316,688
6,94,6,1315,689
6,94,7,1314,689
6,94,8,1313,690
6,94,9,1312,690
6,94,10,1311,691
6,94,11,1310,691
6,94,12,1308,693
6,94,13,1307,693
6,94,14,1305,695
6,94,15,1304,695
6,94,16,1302,697
6,94,17,1301,697
6,94,18,1300,698
6,94,19,1300,699
6,94,20,1301,698
6,94,21,1302,698
6,94,22,1303,697
6,94,23,1305,697
6,94,24,1307,695
6,94,25,1309,695
6,94,26,1311,693
6,94,27,1312,693
6,94,28,1313,692
6,94,29,1314,692
6,94,30,1317,689
6,94,31,1318,689
6,94,32,1319,688
6,94,33,1320,688
6,94,34,1321,687
6,94,35,1322,687
6,94,36,1324,685
6,95,0,258,684
6,95,1,252,684
6,95,2,251,685
6,95,3,249,685
6,95,4,248,686
6,95,5,247,686
6,95,6,243,690
6,95,7,243,691
6,95,8,242,692
6,95,9,242,693
6,95,10,241,694
6,95,11,241,695
6,95,12,240,696
6,95,13,240,703
6,95,14,241,704
6,95,15,241,706
6,95,16,242,707
6,95,17,242,708
6,95,18,243,709
6,95,19,243,710
6,95,20,244,711
6,95,21,244,712
6,95,22,245,713
6,95,23,245,714
6,95,24,246,715
6,95,25,246,716
6,95,26,247,717
6,95,27,247,718
6,95,28,248,718
6,95,29,249,719
6,95,30,249,720
6,95,31,252,720
6,95,32,250,718
6,95,33,250,715
6,95,34,249,714
6,95,35,249,713
6,95,36,248,712
6,95,37,248,711
6,95,38,247,710
6,95,39,247,707
6,95,40,246,706
6,95,41,246,704
6,95,42,245,703
6,95,43,245,696
6,95,44,246,695
6,95,45,246,694
6,95,46,250,690
6,95,47,251,690
6,95,48,252,689
6,95,49,259,689
6,95,50,260,688
6,95,51,261,688
6,95,52,261,685
6,95,53,259,685
6,96,0,1919,683
6,96,1,1919,686
6,96,2,1920,687
6,96,3,1920,688
6,96,4,1921,689
6,96,5,1921,690
6,96,6,1922,691
6,96,7,1922,693
6,96,8,1923,694
6,96,9,1923,696
6,96,10,1924,697
6,96,11,1924,701
6,96,12,1922,703
6,96,13,1921,703
6,96,14,1920,704
6,96,15,1919,703
6,96,16,1921,705
6,96,17,1922,705
6,96,18,1923,704
6,96,19,1925,704
6,96,20,1926,703
6,96,21,1926,702
6,96,22,1927,701
6,96,23,1930,701
6,96,24,1931,700
6,96,25,1931,699
6,96,26,1934,696
6,96,27,1935,696
6,96,28,1937,698
6,96,29,1935,696
6,96,30,1933,696
6,96,31,1932,697
6,96,32,1932,698
6,96,33,1931,699
6,96,34,1930,699
6,96,35,1926,695
6,96,36,1926,694
6,96,37,1925,693
6,96,38,1925,692
6,96,39,1924,691
6,96,40,1924,690
6,96,41,1923,689
6,96,42,1923,688
6,96,43,1920,685
6,96,44,1920,684
6,97,0,452,664
6,97,1,452,667
6,97,2,453,668
6,97,3,453,669
6,97,4,455,671
6,97,5,455,672
6,97,6,456,673
6,97,7,456,680
6,97,8,457,681
6,97,9,457,683
6,97,10,458,684
6,97,11,461,684
6,97,12,461,678
6,97,13,459,676
6,97,14,459,675
6,97,15,457,673
6,97,16,457,672
6,97,17,456,672
6,97,18,455,671
6,97,19,456,670
6,97,20,456,669
6,97,21,457,668
6,97,22,457,667
6,97,23,456,666
6,97,24,455,666
6,97,25,453,664
6,98,0,1540,666
6,98,1,1541,667
6,98,2,1541,670
6,98,3,1542,671
6,98,4,1542,678
6,98,5,1543,679
6,98,6,1543,681
6,98,7,1542,682
6,98,8,1542,684
6,98,9,1541,685
6,98,10,1541,687
6,98,11,1543,689
6,98,12,1561,689
6,98,13,1562,688
6,98,14,1565,688
6,98,15,1566,689
6,98,16,1569,689
6,98,17,1570,690
6,98,18,1573,690
6,98,19,1574,689
6,98,20,1574,688
6,98,21,1575,687
6,98,22,1575,684
6,98,23,1574,683
6,98,24,1574,682
6,98,25,1572,680
6,98,26,1571,680
6,98,27,1570,679
6,98,28,1568,679
6,98,29,1563,684
6,98,30,1561,684
6,98,31,1560,683
6,98,32,1560,682
6,98,33,1556,678
6,98,34,1556,677
6,98,35,1555,676
6,98,36,1555,674
6,98,37,1556,673
6,98,38,1556,672
6,98,39,1561,667
6,98,40,1561,664
6,98,41,1560,663
6,98,42,1543,663
6,99,0,1473,657
6,99,1,1471,657
6,99,2,1470,658
6,99,3,1468,658
6,99,4,1465,661
6,99,5,1464,661
6,99,6,1458,667
6,99,7,1457,667
6,99,8,1457,668
6,99,9,1456,669
6,99,10,1456,670
6,99,11,1455,671
6,99,12,1453,671
6,99,13,1452,672
6,99,14,1451,672
6,99,15,1450,673
6,99,16,1449,673
6,99,17,1447,675
6,99,18,1446,675
6,99,19,1443,678
6,99,20,1442,678
6,99,21,1438,682
6,99,22,1437,682
6,99,23,1433,686
6,99,24,1432,686
6,99,25,1430,688
6,99,26,1430,691
6,99,27,1431,692
6,99,28,1433,692
6,99,29,1434,691
6,99,30,1436,691
6,99,31,1439,688
6,99,32,1439,687
6,99,33,1444,682
6,99,34,1446,682
6,99,35,1447,681
6,99,36,1449,681
6,99,37,1454,676
6,99,38,1454,675
6,99,39,1457,672
6,99,40,1458,672
6,99,41,1460,670
6,99,42,1462,670
6,99,43,1464,668
6,99,44,1465,668
6,99,45,1466,667
6,99,46,1467,667
6,99,47,1472,662
6,99,48,1472,661
6,99,49,1473,660
6,100,0,1392,646
6,100,1,1391,646
6,100,2,1389,648
6,100,3,1388,647
6,100,4,1386,649
6,100,5,1385,649
6,100,6,1384,650
6,100,7,1382,650
6,100,8,1380,652
6,100,9,1379,652
6,100,10,1378,653
6,100,11,1377,653
6,100,12,1376,654
6,100,13,1375,654
6,100,14,1374,655
6,100,15,1373,655
6,100,16,1372,656
6,100,17,1371,656
6,100,18,1370,657
6,100,19,1369,657
6,100,20,1368,658
6,100,21,1367,658
6,100,22,1366,659
6,100,23,1366,661
6,100,24,1368,661
6,100,25,1369,660
6,100,26,1370,660
6,100,27,1371,659
6,100,28,1372,659
6,100,29,1374,657
6,100,30,1375,657
6,100,31,1377,655
6,100,32,1378,655
6,100,33,1379,654
6,100,34,1380,654
6,100,35,1381,653
6,100,36,1382,653
6,100,37,1384,651
6,100,38,1385,651
6,100,39,1386,650
6,100,40,1387,650
6,100,41,1390,647
6,100,42,1392,647
6,101,0,308,652
6,101,1,308,653
6,101,2,309,653
6,101,3,310,652
6,101,4,318,652
6,101,5,325,647
6,101,6,326,647
6,101,7,327,648
6,101,8,331,648
6,101,9,332,647
6,101,10,338,647
6,101,11,339,646
6,101,12,341,646
6,101,13,342,645
6,101,14,345,645
6,101,15,346,644
6,101,16,347,644
6,101,17,348,645
6,101,18,351,645
6,101,19,354,647
6,101,20,360,647
6,101,21,361,648
6,101,22,367,648
6,101,23,371,651
6,101,24,372,651
6,101,25,375,653
6,101,26,377,653
6,101,27,382,657
6,101,28,385,657
6,101,29,386,658
6,101,30,393,658
6,101,31,394,657
6,101,32,396,657
6,101,33,396,656
6,101,34,397,655
6,101,35,397,654
6,101,36,396,653
6,101,37,390,653
6,101,38,389,654
6,101,39,388,653
6,101,40,387,653
6,101,41,386,654
6,101,42,383,654
6,101,43,382,653
6,101,44,381,654
6,101,45,374,647
6,101,46,372,647
6,101,47,369,645
6,101,48,367,645
6,101,49,366,644
6,101,50,364,644
6,101,51,363,643
6,101,52,360,643
6,101,53,359,642
6,101,54,360,643
6,101,55,360,645
6,101,56,359,646
6,101,57,357,646
6,101,58,356,647
6,101,59,353,645
6,101,60,353,643
6,101,61,354,642
6,101,62,351,642
6,101,63,348,640
6,101,64,347,640
6,101,65,346,641
6,101,66,344,641
6,101,67,343,642
6,101,68,341,642
6,101,69,341,645
6,101,70,340,646
6,101,71,338,646
6,101,72,337,645
6,101,73,336,645
6,101,74,335,644
6,101,75,335,643
6,101,76,334,643
6,101,77,333,644
6,101,78,331,644
6,101,79,330,643
6,101,80,329,644
6,101,81,327,644
6,101,82,322,647
6,101,83,321,647
6,101,84,320,646
6,101,85,317,646
6,101,86,316,647
6,101,87,314,647
6,101,88,310,651
6,101,89,309,651
6,102,0,454,635
6,102,1,454,638
6,102,2,455,638
6,102,3,456,639
6,102,4,458,639
6,102,5,458,638
6,102,6,460,636
6,102,7,461,637
6,102,8,463,637
6,102,9,465,639
6,102,10,465,640
6,102,11,464,641
6,102,12,463,641
6,102,13,464,641
6,102,14,465,642
6,102,15,474,642
6,102,16,475,641
6,102,17,476,641
6,102,18,477,640
6,102,19,477,638
6,102,20,476,637
6,102,21,463,637
6,102,22,462,636
6,102,23,458,636
6,102,24,457,635
6,103,0,1507,634
6,103,1,1501,634
6,103,2,1500,635
6,103,3,1499,635
6,103,4,1496,638
6,103,5,1495,638
6,103,6,1494,639
6,103,7,1493,639
6,103,8,1491,641
6,103,9,1490,641
6,103,10,1485,646
6,103,11,1484,646
6,103,12,1483,647
6,103,13,1482,647
6,103,14,1478,651
6,103,15,1477,651
6,103,16,1475,653
6,103,17,1475,656
6,103,18,1479,656
6,103,19,1480,655
6,103,20,1481,655
6,103,21,1484,652
6,103,22,1485,652
6,103,23,1485,651
6,103,24,1487,649
6,103,25,1488,649
6,103,26,1490,647
6,103,27,1491,647
6,103,28,1492,646
6,103,29,1494,646
6,103,30,1496,644
6,103,31,1496,643
6,103,32,1497,642
6,103,33,1497,641
6,103,34,1500,638
6,103,35,1503,638
6,103,36,1504,637
6,103,37,1505,637
6,103,38,1507,635
6,104,0,1952,631
6,104,1,1946,637
6,104,2,1944,637
6,104,3,1943,636
6,104,4,1943,637
6,104,5,1942,638
6,104,6,1942,639
6,104,7,1938,643
6,104,8,1938,645
6,104,9,1937,646
6,104,10,1937,650
6,104,11,1936,651
6,104,12,1937,650
6,104,13,1937,648
6,104,14,1938,647
6,104,15,1938,646
6,104,16,1939,645
6,104,17,1938,644
6,104,18,1938,643
6,104,19,1940,641
6,104,20,1941,641
6,104,21,1943,643
6,104,22,1943,645
6,104,23,1942,646
6,104,24,1942,647
6,104,25,1941,648
6,104,26,1941,652
6,104,27,1941,651
6,104,28,1942,650
6,104,29,1942,647
6,104,30,1943,646
6,104,31,1943,640
6,104,32,1944,639
6,104,33,1945,639
6,104,34,1950,634
6,104,35,1950,633
6,105,0,1976,627
6,105,1,1974,630
6,105,2,1974,631
6,105,3,1975,632
6,105,4,1975,646
6,105,5,1974,647
6,105,6,1974,648
6,105,7,1975,649
6,105,8,1975,650
6,105,9,1976,651
6,105,10,1989,651
6,105,11,1989,648
6,105,12,1990,647
6,105,13,1995,647
6,105,14,1996,648
6,105,15,1995,649
6,105,16,1995,651
6,105,17,1996,651
6,105,18,1999,654
6,105,19,1999,658
6,105,20,2001,660
6,105,21,2002,660
6,105,22,2003,659
6,105,23,2004,659
6,105,24,2004,658
6,105,25,2005,657
6,105,26,2005,644
6,105,27,2003,642
6,105,28,2001,642
6,105,29,1999,644
6,105,30,1998,644
6,105,31,1997,645
6,105,32,1993,645
6,105,33,1988,640
6,105,34,1988,636
6,105,35,1994,630
6,105,36,1994,629
6,105,37,1992,627
6,105,38,1993,628
6,105,39,1993,630
6,105,40,1992,631
6,105,41,1990,631
6,105,42,1989,630
6,105,43,1989,627
6,106,0,772,622
6,106,1,768,622
6,106,2,764,625
6,106,3,759,626
6,106,4,758,628
6,106,5,760,631
6,106,6,760,633
6,106,7,758,635
6,106,8,756,635
6,106,9,755,634
6,106,10,747,634
6,106,11,745,636
6,106,12,745,637
6,106,13,757,641
6,106,14,760,645
6,106,15,757,651
6,106,16,755,651
6,106,17,750,645
6,106,18,749,645
6,106,19,746,648
6,106,20,749,645
6,106,21,752,648
6,106,22,749,651
6,106,23,746,650
6,106,24,747,655
6,106,25,752,662
6,106,26,750,667
6,106,27,750,671
6,106,28,751,673
6,106,29,748,676
6,106,30,748,679
6,106,31,750,680
6,106,32,753,680
6,106,33,754,681
6,106,34,768,681
6,106,35,769,682
6,106,36,776,682
6,106,37,790,676
6,106,38,794,672
6,106,39,795,672
6,106,40,797,669
6,106,41,797,668
6,106,42,795,668
6,106,43,795,669
6,106,44,789,674
6,106,45,777,679
6,106,46,772,679
6,106,47,769,675
6,106,48,774,670
6,106,49,775,670
6,106,50,776,668
6,106,51,776,665
6,106,52,772,657
6,106,53,773,656
6,106,54,773,650
6,106,55,767,642
6,106,56,767,640
6,106,57,769,638
6,106,58,769,630
6,106,59,772,628
6,106,60,768,626
6,106,61,768,623
6,106,62,769,622
6,107,0,41,617
6,107,1,40,617
6,107,2,38,619
6,107,3,38,650
6,107,4,37,651
6,107,5,37,653
6,107,6,36,654
6,107,7,36,655
6,107,8,32,658
6,107,9,23,658
6,107,10,22,657
6,107,11,20,657
6,107,12,18,654
6,107,13,18,651
6,107,14,20,649
6,107,15,20,631
6,107,16,19,630
6,107,17,19,629
6,107,18,18,628
6,107,19,18,626
6,107,20,17,625
6,107,21,17,621
6,107,22,16,620
6,107,23,15,620
6,107,24,14,621
6,107,25,14,623
6,107,26,13,624
6,107,27,13,627
6,107,28,14,627
6,107,29,15,628
6,107,30,15,651
6,107,31,14,652
6,107,32,14,655
6,107,33,16,657
6,107,34,17,660
6,107,35,19,662
6,107,36,21,662
6,107,37,22,663
6,107,38,34,663
6,107,39,35,662
6,107,40,38,661
6,107,41,40,659
6,107,42,39,659
6,107,43,38,660
6,107,44,37,659
6,107,45,37,658
6,107,46,38,657
6,107,47,38,655
6,107,48,39,654
6,107,49,41,654
6,107,50,42,655
6,107,51,42,649
6,107,52,43,648
6,107,53,43,644
6,107,54,42,643
6,107,55,42,638
6,107,56,43,637
6,107,57,43,633
6,107,58,42,632
6,107,59,42,626
6,107,60,43,625
6,107,61,43,622
6,107,62,42,621
6,107,63,42,619
6,107,64,41,618
6,108,0,1453,611
6,108,1,1451,613
6,108,2,1449,613
6,108,3,1447,615
6,108,4,1446,615
6,108,5,1445,616
6,108,6,1444,616
6,108,7,1442,618
6,108,8,1441,618
6,108,9,1437,622
6,108,10,1436,622
6,108,11,1435,623
6,108,12,1433,623
6,108,13,1432,624
6,108,14,1431,624
6,108,15,1429,626
6,108,16,1427,626
6,108,17,1426,627
6,108,18,1424,627
6,108,19,1423,628
6,108,20,1422,628
6,108,21,1419,631
6,108,22,1418,631
6,108,23,1416,633
6,108,24,1414,633
6,108,25,1412,635
6,108,26,1410,635
6,108,27,1407,638
6,108,28,1406,638
6,108,29,1405,639
6,108,30,1403,639
6,108,31,1402,640
6,108,32,1402,642
6,108,33,1403,641
6,108,34,1404,641
6,108,35,1405,640
6,108,36,1406,640
6,108,37,1407,639
6,108,38,1409,639
6,108,39,1411,637
6,108,40,1418,637
6,108,41,1425,630
6,108,42,1426,630
6,108,43,1427,629
6,108,44,1428,629
6,108,45,1429,628
6,108,46,1430,628
6,108,47,1431,627
6,108,48,1432,627
6,108,49,1434,625
6,108,50,1435,625
6,108,51,1437,623
6,108,52,1438,623
6,108,53,1440,621
6,108,54,1442,621
6,108,55,1443,620
6,108,56,1444,620
6,108,57,1446,618
6,108,58,1447,618
6,108,59,1452,613
6,108,60,1453,613
6,109,0,107,599
6,109,1,105,597
6,109,2,102,600
6,109,3,102,602
6,109,4,101,603
6,109,5,99,603
6,109,6,98,604
6,109,7,96,604
6,109,8,95,605
6,109,9,90,605
6,109,10,89,606
6,109,11,88,606
6,109,12,88,608
6,109,13,89,609
6,109,14,92,609
6,109,15,93,610
6,109,16,94,609
6,109,17,97,609
6,109,18,98,608
6,109,19,99,608
6,109,20,105,602
6,109,21,106,602
6,109,22,106,600
6,110,0,829,596
6,110,1,828,596
6,110,2,827,597
6,110,3,827,599
6,110,4,825,601
6,110,5,825,603
6,110,6,824,604
6,110,7,824,605
6,110,8,823,606
6,110,9,821,611
6,110,10,819,613
6,110,11,819,614
6,110,12,818,615
6,110,13,818,618
6,110,14,816,621
6,110,15,816,623
6,110,16,814,626
6,110,17,814,628
6,110,18,812,631
6,110,19,812,633
6,110,20,811,634
6,110,21,811,635
6,110,22,810,636
6,110,23,810,638
6,110,24,808,641
6,110,25,808,643
6,110,26,807,644
6,110,27,807,647
6,110,28,806,648
6,110,29,804,648
6,110,30,803,649
6,110,31,802,648
6,110,32,801,648
6,110,33,799,646
6,110,34,796,646
6,110,35,795,647
6,110,36,795,649
6,110,37,795,647
6,110,38,796,646
6,110,39,799,646
6,110,40,803,652
6,110,41,803,654
6,110,42,802,655
6,110,43,800,655
6,110,44,800,656
6,110,45,801,657
6,110,46,801,661
6,110,47,802,662
6,110,48,802,663
6,110,49,804,663
6,110,50,804,660
6,110,51,803,659
6,110,52,804,658
6,110,53,807,659
6,110,54,805,657
6,110,55,805,652
6,110,56,807,650
6,110,57,807,648
6,110,58,808,647
6,110,59,808,646
6,110,60,810,644
6,110,61,810,643
6,110,62,812,640
6,110,63,812,638
6,110,64,816,631
6,110,65,816,629
6,110,66,818,626
6,110,67,818,623
6,110,68,822,616
6,110,69,822,614
6,110,70,823,613
6,110,71,823,611
6,110,72,824,610
6,110,73,824,609
6,110,74,825,608
6,110,75,825,606
6,110,76,828,601
6,110,77,828,599
6,110,78,829,598
6,111,0,1487,588
6,111,1,1486,587
6,111,2,1484,589
6,111,3,1483,589
6,111,4,1481,591
6,111,5,1480,591
6,111,6,1474,597
6,111,7,1473,597
6,111,8,1471,599
6,111,9,1469,599
6,111,10,1464,604
6,111,11,1462,604
6,111,12,1458,608
6,111,13,1459,608
6,111,14,1460,607
6,111,15,1462,607
6,111,16,1466,603
6,111,17,1467,603
6,111,18,1470,600
6,111,19,1471,600
6,111,20,1472,599
6,111,21,1473,599
6,111,22,1473,598
6,111,23,1474,597
6,111,24,1475,597
6,111,25,1476,596
6,111,26,1477,596
6,111,27,1478,595
6,111,28,1479,595
6,111,29,1480,594
6,111,30,1481,594
6,111,31,1484,591
6,111,32,1485,591
6,111,33,1487,589
6,112,0,811,565
6,112,1,820,565
6,112,2,821,566
6,112,3,822,566
6,112,4,825,569
6,112,5,826,569
6,112,6,827,570
6,112,7,828,570
6,112,8,830,572
6,112,9,828,570
6,112,10,827,570
6,112,11,824,567
6,112,12,824,564
6,112,13,825,563
6,112,14,827,563
6,112,15,824,563
6,112,16,823,564
6,112,17,822,563
6,112,18,821,563
6,112,19,820,562
6,112,20,819,562
6,112,21,817,560
6,112,22,818,561
6,112,23,818,563
6,112,24,816,565
6,113,0,406,559
6,113,1,406,561
6,113,2,408,561
6,113,3,409,562
6,113,4,411,562
6,113,5,412,563
6,113,6,418,563
6,113,7,424,569
6,113,8,425,569
6,113,9,428,572
6,113,10,428,573
6,113,11,429,573
6,113,12,432,576
6,113,13,433,575
6,113,14,432,574
6,113,15,432,573
6,113,16,431,572
6,113,17,431,571
6,113,18,427,567
6,113,19,426,567
6,113,20,424,565
6,113,21,420,565
6,113,22,417,562
6,113,23,417,561
6,113,24,416,561
6,113,25,413,558
6,113,26,407,558
6,114,0,383,557
6,114,1,381,559
6,114,2,380,559
6,114,3,379,560
6,114,4,379,562
6,114,5,377,564
6,114,6,377,565
6,114,7,376,566
6,114,8,376,569
6,114,9,378,571
6,114,10,378,572
6,114,11,379,573
6,114,12,379,574
6,114,13,380,575
6,114,14,380,576
6,114,15,381,577
6,114,16,381,578
6,114,17,383,580
6,114,18,384,580
6,114,19,385,581
6,114,20,386,581
6,114,21,387,582
6,114,22,389,582
6,114,23,390,583
6,114,24,391,583
6,114,25,391,580
6,114,26,390,580
6,114,27,388,578
6,114,28,388,577
6,114,29,383,572
6,114,30,382,572
6,114,31,381,571
6,114,32,381,569
6,114,33,380,568
6,114,34,380,566
6,114,35,381,565
6,114,36,381,564
6,114,37,382,563
6,114,38,383,563
6,114,39,384,562
6,114,40,385,562
6,114,41,386,561
6,114,42,387,561
6,114,43,389,559
6,114,44,388,559
6,114,45,386,557
6,115,0,788,555
6,115,1,788,556
6,115,2,790,558
6,115,3,791,558
6,115,4,792,559
6,115,5,794,559
6,115,6,795,560
6,115,7,800,560
6,115,8,801,559
6,115,9,803,559
6,115,10,805,561
6,115,11,805,562
6,115,12,806,562
6,115,13,808,564
6,115,14,809,564
6,115,15,808,564
6,115,16,806,562
6,115,17,806,560
6,115,18,807,559
6,115,19,806,560
6,115,20,804,560
6,115,21,802,558
6,115,22,802,557
6,115,23,801,557
6,115,24,799,555
6,115,25,798,555
6,115,26,797,554
6,115,27,795,554
6,115,28,794,553
6,115,29,793,553
6,115,30,794,553
6,115,31,795,554
6,115,32,796,554
6,115,33,797,555
6,115,34,798,555
6,115,35,800,557
6,115,36,800,559
6,115,37,799,560
6,115,38,796,560
6,115,39,795,559
6,115,40,793,559
6,115,41,792,558
6,115,42,790,558
6,115,43,788,556
6,116,0,1560,539
6,116,1,1558,539
6,116,2,1557,540
6,116,3,1552,542
6,116,4,1549,545
6,116,5,1546,546
6,116,6,1543,549
6,116,7,1540,550
6,116,8,1538,552
6,116,9,1535,553
6,116,10,1530,557
6,116,11,1529,557
6,116,12,1528,558
6,116,13,1527,558
6,116,14,1525,560
6,116,15,1524,560
6,116,16,1520,564
6,116,17,1519,564
6,116,18,1516,566
6,116,19,1514,566
6,116,20,1513,565
6,116,21,1511,565
6,116,22,1510,566
6,116,23,1509,566
6,116,24,1509,567
6,116,25,1510,568
6,116,26,1509,569
6,116,27,1509,570
6,116,28,1505,574
6,116,29,1504,574
6,116,30,1502,576
6,116,31,1501,576
6,116,32,1497,580
6,116,33,1496,580
6,116,34,1495,581
6,116,35,1495,582
6,116,36,1502,579
6,116,37,1505,576
6,116,38,1508,575
6,116,39,1511,572
6,116,40,1512,572
6,116,41,1515,570
6,116,42,1518,570
6,116,43,1521,573
6,116,44,1521,574
6,116,45,1526,578
6,116,46,1520,572
6,116,47,1520,571
6,116,48,1522,569
6,116,49,1523,569
6,116,50,1524,570
6,116,51,1522,568
6,116,52,1522,566
6,116,53,1523,565
6,116,54,1523,564
6,116,55,1524,563
6,116,56,1526,563
6,116,57,1529,560
6,116,58,1530,560
6,116,59,1536,555
6,116,60,1539,554
6,116,61,1542,551
6,116,62,1545,550
6,116,63,1547,548
6,116,64,1548,548
6,116,65,1549,547
6,116,66,1552,546
6,116,67,1554,544
6,116,68,1555,544
6,116,69,1558,541
6,116,70,1559,541
6,116,71,1560,540
6,117,0,877,534
6,117,1,876,534
6,117,2,873,537
6,117,3,872,537
6,117,4,870,539
6,117,5,869,539
6,117,6,867,541
6,117,7,866,541
6,117,8,849,558
6,117,9,849,559
6,117,10,846,562
6,117,11,846,563
6,117,12,844,565
6,117,13,844,566
6,117,14,842,568
6,117,15,842,569
6,117,16,839,572
6,117,17,837,572
6,117,18,836,573
6,117,19,835,572
6,117,20,834,572
6,117,21,833,573
6,117,22,832,573
6,117,23,834,573
6,117,24,835,574
6,117,25,835,577
6,117,26,833,580
6,117,27,833,582
6,117,28,832,583
6,117,29,832,586
6,117,30,831,587
6,117,31,831,589
6,117,32,833,589
6,117,33,836,586
6,117,34,836,584
6,117,35,837,583
6,117,36,837,580
6,117,37,839,577
6,117,38,839,575
6,117,39,841,573
6,117,40,841,572
6,117,41,844,569
6,117,42,844,568
6,117,43,846,566
6,117,44,846,565
6,117,45,869,542
6,117,46,870,542
6,117,47,874,538
6,117,48,875,538
6,117,49,877,536
6,118,0,1956,530
6,118,1,1953,529
6,118,2,1952,530
6,118,3,1945,530
6,118,4,1943,532
6,118,5,1940,532
6,118,6,1935,529
6,118,7,1930,528
6,118,8,1928,529
6,118,9,1928,530
6,118,10,1926,532
6,118,11,1926,533
6,118,12,1928,535
6,118,13,1930,534
6,118,14,1933,534
6,118,15,1935,536
6,118,16,1935,538
6,118,17,1934,539
6,118,18,1932,539
6,118,19,1930,541
6,118,20,1931,544
6,118,21,1929,548
6,118,22,1931,548
6,118,23,1933,550
6,118,24,1932,552
6,118,25,1930,553
6,118,26,1929,552
6,118,27,1930,553
6,118,28,1935,553
6,118,29,1940,549
6,118,30,1943,549
6,118,31,1946,552
6,118,32,1948,553
6,118,33,1952,553
6,118,34,1954,555
6,118,35,1954,557
6,118,36,1949,562
6,118,37,1947,562
6,118,38,1939,568
6,118,39,1937,568
6,118,40,1925,556
6,118,41,1923,557
6,118,42,1923,560
6,118,43,1934,571
6,118,44,1933,575
6,118,45,1928,580
6,118,46,1927,584
6,118,47,1932,582
6,118,48,1935,579
6,118,49,1936,579
6,118,50,1945,569
6,118,51,1948,568
6,118,52,1953,563
6,118,53,1953,562
6,118,54,1959,557
6,118,55,1959,554
6,118,56,1955,552
6,118,57,1955,550
6,118,58,1958,546
6,118,59,1958,534
6,119,0,393,528
6,119,1,393,529
6,119,2,394,530
6,119,3,394,531
6,119,4,395,532
6,119,5,398,532
6,119,6,399,533
6,119,7,400,533
6,119,8,401,532
6,119,9,402,532
6,119,10,403,533
6,119,11,404,533
6,119,12,405,534
6,119,13,406,534
6,119,14,408,536
6,119,15,409,536
6,119,16,410,537
6,119,17,412,535
6,119,18,412,534
6,119,19,411,533
6,119,20,409,533
6,119,21,408,532
6,119,22,407,533
6,119,23,406,533
6,119,24,405,532
6,119,25,404,532
6,119,26,403,531
6,119,27,402,532
6,119,28,399,529
6,119,29,398,529
6,119,30,397,528
6,119,31,396,528
6,119,32,395,527
6,119,33,394,527
6,120,0,152,528
6,120,1,152,530
6,120,2,153,530
6,120,3,154,531
6,120,4,170,531
6,120,5,171,532
6,120,6,172,532
6,120,7,176,536
6,120,8,176,537
6,120,9,177,538
6,120,10,177,547
6,120,11,178,548
6,120,12,178,549
6,120,13,179,549
6,120,14,181,547
6,120,15,181,546
6,120,16,182,545
6,120,17,182,539
6,120,18,181,538
6,120,19,181,536
6,120,20,180,535
6,120,21,180,534
6,120,22,179,533
6,120,23,179,532
6,120,24,178,532
6,120,25,177,531
6,120,26,176,531
6,120,27,174,529
6,120,28,173,529
6,120,29,171,527
6,120,30,170,527
6,120,31,169,526
6,120,32,158,526
6,120,33,157,527
6,120,34,155,527
6,120,35,154,528
6,121,0,728,518
6,121,1,727,519
6,121,2,726,519
6,121,3,725,520
6,121,4,725,521
6,121,5,724,522
6,121,6,724,526
6,121,7,723,527
6,121,8,723,530
6,121,9,724,531
6,121,10,726,531
6,121,11,727,530
6,121,12,727,529
6,121,13,728,528
6,121,14,728,525
6,121,15,728,528
6,121,16,727,529
6,121,17,724,529
6,121,18,723,528
6,121,19,723,527
6,121,20,724,526
6,121,21,724,524
6,121,22,725,523
6,121,23,725,522
6,121,24,726,521
6,121,25,728,521
6,121,26,729,522
6,121,27,729,523
6,121,28,729,520
6,121,29,728,519
6,122,0,814,513
6,122,1,814,517
6,122,2,815,518
6,122,3,815,531
6,122,4,814,532
6,122,5,814,534
6,122,6,815,535
6,122,7,815,536
6,122,8,816,536
6,122,9,817,537
6,122,10,839,537
6,122,11,840,538
6,122,12,842,536
6,122,13,843,536
6,122,14,844,535
6,122,15,844,534
6,122,16,845,533
6,122,17,845,530
6,122,18,843,528
6,122,19,841,528
6,122,20,839,530
6,122,21,837,530
6,122,22,836,531
6,122,23,835,530
6,122,24,834,530
6,122,25,829,525
6,122,26,829,524
6,122,27,828,523
6,122,28,829,522
6,122,29,829,521
6,122,30,831,519
6,122,31,832,519
6,122,32,836,515
6,122,33,836,514
6,122,34,835,513
6,122,35,835,512
6,122,36,834,512
6,122,37,833,511
6,122,38,816,511
6,123,0,646,509
6,123,1,644,512
6,123,2,646,514
6,123,3,646,515
6,123,4,647,515
6,123,5,652,520
6,123,6,652,523
6,123,7,651,524
6,123,8,651,525
6,123,9,650,526
6,123,10,649,526
6,123,11,649,527
6,123,12,647,529
6,123,13,646,529
6,123,14,645,530
6,123,15,645,532
6,123,16,647,534
6,123,17,667,534
6,123,18,669,536
6,123,19,669,538
6,123,20,668,539
6,123,21,668,541
6,123,22,670,543
6,123,23,676,543
6,123,24,679,540
6,123,25,679,534
6,123,26,678,533
6,123,27,679,532
6,123,28,679,529
6,123,29,675,525
6,123,30,672,525
6,123,31,671,526
6,123,32,670,526
6,123,33,668,528
6,123,34,665,528
6,123,35,659,522
6,123,36,659,518
6,123,37,662,515
6,123,38,663,515
6,123,39,666,512
6,123,40,666,510
6,123,41,665,509
6,123,42,652,509
6,123,43,651,508
6,123,44,648,508
6,123,45,647,509
6,124,0,132,506
6,124,1,131,506
6,124,2,130,507
6,124,3,131,508
6,124,4,131,513
6,124,5,132,514
6,124,6,132,516
6,124,7,133,517
6,124,8,133,520
6,124,9,134,521
6,124,10,134,523
6,124,11,135,524
6,124,12,135,527
6,124,13,133,529
6,124,14,133,530
6,124,15,132,531
6,124,16,132,535
6,124,17,131,536
6,124,18,131,541
6,124,19,130,542
6,124,20,131,543
6,124,21,128,546
6,124,22,128,547
6,124,23,127,548
6,124,24,127,549
6,124,25,126,550
6,124,26,126,553
6,124,27,129,556
6,124,28,130,556
6,124,29,131,555
6,124,30,131,554
6,124,31,132,553
6,124,32,131,552
6,124,33,131,546
6,124,34,132,545
6,124,35,132,544
6,124,36,134,542
6,124,37,134,540
6,124,38,135,539
6,124,39,135,538
6,124,40,136,537
6,124,41,136,535
6,124,42,137,534
6,124,43,137,529
6,124,44,136,528
6,124,45,136,527
6,124,46,135,526
6,124,47,136,525
6,124,48,137,525
6,124,49,137,518
6,124,50,135,516
6,124,51,135,513
6,124,52,133,511
6,124,53,133,509
6,124,54,132,508
6,125,0,1968,494
6,125,1,1967,493
6,125,2,1963,494
6,125,3,1957,500
6,125,4,1952,502
6,125,5,1949,506
6,125,6,1935,511
6,125,7,1919,522
6,125,8,1915,523
6,125,9,1911,520
6,125,10,1914,516
6,125,11,1914,508
6,125,12,1911,506
6,125,13,1909,510
6,125,14,1909,517
6,125,15,1911,520
6,125,16,1908,523
6,125,17,1886,535
6,125,18,1880,540
6,125,19,1874,542
6,125,20,1871,545
6,125,21,1871,548
6,125,22,1874,549
6,125,23,1877,548
6,125,24,1885,541
6,125,25,1887,541
6,125,26,1890,544
6,125,27,1890,546
6,125,28,1886,550
6,125,29,1884,549
6,125,30,1881,550
6,125,31,1878,557
6,125,32,1871,561
6,125,33,1867,565
6,125,34,1868,573
6,125,35,1866,580
6,125,36,1869,577
6,125,37,1878,583
6,125,38,1884,584
6,125,39,1888,580
6,125,40,1891,573
6,125,41,1900,566
6,125,42,1899,561
6,125,43,1895,558
6,125,44,1895,556
6,125,45,1899,555
6,125,46,1901,557
6,125,47,1901,560
6,125,48,1908,558
6,125,49,1911,555
6,125,50,1911,548
6,125,51,1909,544
6,125,52,1903,539
6,125,53,1901,539
6,125,54,1899,537
6,125,55,1899,535
6,125,56,1900,534
6,125,57,1906,535
6,125,58,1912,529
6,125,59,1942,515
6,125,60,1948,511
6,125,61,1948,509
6,125,62,1950,507
6,125,63,1953,507
6,125,64,1966,499
6,126,0,962,485
6,126,1,960,487
6,126,2,959,487
6,126,3,957,489
6,126,4,957,490
6,126,5,948,499
6,126,6,948,500
6,126,7,947,501
6,126,8,946,501
6,126,9,945,502
6,126,10,943,502
6,126,11,943,506
6,126,12,946,506
6,126,13,947,507
6,126,14,948,507
6,126,15,949,508
6,126,16,949,506
6,126,17,950,505
6,126,18,949,504
6,126,19,949,500
6,126,20,957,492
6,126,21,957,491
6,126,22,961,487
6,126,23,961,486
6,127,0,385,484
6,127,1,384,484
6,127,2,383,485
6,127,3,383,486
6,127,4,381,488
6,127,5,381,489
6,127,6,380,490
6,127,7,380,491
6,127,8,379,492
6,127,9,378,492
6,127,10,378,493
6,127,11,377,494
6,127,12,377,500
6,127,13,378,500
6,127,14,379,501
6,127,15,378,502
6,127,16,378,503
6,127,17,379,504
6,127,18,379,506
6,127,19,378,507
6,127,20,378,509
6,127,21,377,510
6,127,22,376,510
6,127,23,374,508
6,127,24,374,507
6,127,25,374,508
6,127,26,375,509
6,127,27,375,510
6,127,28,378,513
6,127,29,380,513
6,127,30,380,508
6,127,31,379,507
6,127,32,379,501
6,127,33,380,500
6,127,34,380,496
6,127,35,381,495
6,127,36,381,491
6,127,37,384,488
6,127,38,384,487
6,127,39,385,486
6,128,0,195,482
6,128,1,189,482
6,128,2,187,484
6,128,3,171,484
6,128,4,170,485
6,128,5,170,488
6,128,6,172,488
6,128,7,173,489
6,128,8,184,489
6,128,9,185,488
6,128,10,186,488
6,128,11,187,487
6,128,12,189,487
6,128,13,190,486
6,128,14,192,486
6,128,15,193,485
6,128,16,194,485
6,128,17,195,484
6,129,0,819,481
6,129,1,818,481
6,129,2,817,480
6,129,3,815,482
6,129,4,814,482
6,129,5,812,484
6,129,6,811,484
6,129,7,811,485
6,129,8,810,486
6,129,9,809,486
6,129,10,805,490
6,129,11,805,492
6,129,12,804,493
6,129,13,804,495
6,129,14,805,496
6,129,15,805,497
6,129,16,804,498
6,129,17,804,499
6,129,18,802,501
6,129,19,801,500
6,129,20,800,501
6,129,21,799,501
6,129,22,797,503
6,129,23,796,503
6,129,24,794,505
6,129,25,793,505
6,129,26,791,507
6,129,27,791,508
6,129,28,789,510
6,129,29,789,512
6,129,30,788,513
6,129,31,788,514
6,129,32,787,515
6,129,33,786,515
6,129,34,786,518
6,129,35,784,520
6,129,36,782,520
6,129,37,779,523
6,129,38,778,523
6,129,39,778,525
6,129,40,777,526
6,129,41,777,527
6,129,42,779,529
6,129,43,780,529
6,129,44,783,526
6,129,45,783,525
6,129,46,784,524
6,129,47,784,522
6,129,48,785,521
6,129,49,786,521
6,129,50,790,517
6,129,51,791,517
6,129,52,791,516
6,129,53,796,511
6,129,54,796,510
6,129,55,801,505
6,129,56,801,504
6,129,57,802,503
6,129,58,802,502
6,129,59,804,500
6,129,60,804,499
6,129,61,805,498
6,129,62,806,498
6,129,63,809,496
6,129,64,809,495
6,129,65,812,492
6,129,66,812,491
6,129,67,819,484
6,130,0,1720,478
6,130,1,1718,478
6,130,2,1717,479
6,130,3,1714,479
6,130,4,1713,478
6,130,5,1712,479
6,130,6,1708,479
6,130,7,1708,480
6,130,8,1706,482
6,130,9,1703,482
6,130,10,1702,483
6,130,11,1699,483
6,130,12,1698,484
6,130,13,1696,484
6,130,14,1695,485
6,130,15,1691,485
6,130,16,1690,486
6,130,17,1689,486
6,130,18,1689,488
6,130,19,1692,488
6,130,20,1693,487
6,130,21,1695,487
6,130,22,1696,486
6,130,23,1698,486
6,130,24,1699,485
6,130,25,1703,485
6,130,26,1704,484
6,130,27,1706,484
6,130,28,1707,483
6,130,29,1710,483
6,130,30,1711,482
6,130,31,1715,482
6,130,32,1716,481
6,130,33,1718,481
6,130,34,1719,480
6,130,35,1720,480
6,131,0,996,487
6,131,1,998,487
6,131,2,999,486
6,131,3,1000,486
6,131,4,1000,485
6,131,5,1002,483
6,131,6,1003,483
6,131,7,1004,482
6,131,8,1006,482
6,131,9,1007,481
6,131,10,1009,481
6,131,11,1010,480
6,131,12,1011,480
6,131,13,1012,479
6,131,14,1015,479
6,131,15,1016,478
6,131,16,1017,478
6,131,17,1018,477
6,131,18,1018,476
6,131,19,1015,476
6,131,20,1014,477
6,131,21,1012,477
6,131,22,1011,478
6,131,23,1006,478
6,131,24,1005,477
6,131,25,1004,477
6,131,26,1003,476
6,131,27,1000,476
6,131,28,1000,477
6,131,29,999,478
6,131,30,999,480
6,131,31,998,481
6,131,32,998,482
6,131,33,997,483
6,131,34,996,483
6,132,0,1997,476
6,132,1,1996,476
6,132,2,1995,475
6,132,3,1992,475
6,132,4,1991,476
6,132,5,1990,476
6,132,6,1988,478
6,132,7,1987,478
6,132,8,1985,480
6,132,9,1984,480
6,132,10,1983,481
6,132,11,1982,481
6,132,12,1978,485
6,132,13,1977,485
6,132,14,1975,487
6,132,15,1974,487
6,132,16,1973,488
6,132,17,1972,488
6,132,18,1972,492
6,132,19,1975,492
6,132,20,1976,491
6,132,21,1978,491
6,132,22,1979,490
6,132,23,1979,489
6,132,24,1980,488
6,132,25,1981,488
6,132,26,1982,487
6,132,27,1983,487
6,132,28,1984,486
6,132,29,1985,486
6,132,30,1986,485
6,132,31,1987,485
6,132,32,1990,482
6,132,33,1991,482
6,132,34,1993,480
6,132,35,1994,480
6,132,36,1996,478
6,132,37,1996,477
6,133,0,99,474
6,133,1,98,473
6,133,2,97,473
6,133,3,96,472
6,133,4,95,472
6,133,5,94,471
6,133,6,89,471
6,133,7,88,472
6,133,8,86,472
6,133,9,85,473
6,133,10,84,473
6,133,11,83,474
6,133,12,83,476
6,133,13,82,477
6,133,14,82,479
6,133,15,83,480
6,133,16,83,482
6,133,17,85,482
6,133,18,84,481
6,133,19,84,480
6,133,20,85,479
6,133,21,84,478
6,133,22,84,475
6,133,23,85,474
6,133,24,88,474
6,133,25,89,475
6,133,26,90,475
6,133,27,91,476
6,133,28,96,476
6,133,29,97,475
6,133,30,98,475
6,134,0,1742,470
6,134,1,1742,472
6,134,2,1744,474
6,134,3,1745,474
6,134,4,1746,475
6,134,5,1747,475
6,134,6,1749,477
6,134,7,1749,478
6,134,8,1750,479
6,134,9,1751,479
6,134,10,1752,478
6,134,11,1752,475
6,134,12,1754,473
6,134,13,1757,473
6,134,14,1758,474
6,134,15,1759,474
6,134,16,1758,474
6,134,17,1755,471
6,134,18,1755,468
6,134,19,1750,468
6,134,20,1749,467
6,134,21,1749,471
6,134,22,1747,473
6,134,23,1745,471
6,134,24,1745,470
6,134,25,1743,468
6,134,26,1743,469
6,135,0,677,462
6,135,1,674,465
6,135,2,674,474
6,135,3,677,477
6,135,4,688,477
6,135,5,691,474
6,135,6,691,465
6,135,7,688,462
6,136,0,1849,459
6,136,1,1848,458
6,136,2,1847,458
6,136,3,1846,457
6,136,4,1844,457
6,136,5,1842,459
6,136,6,1841,459
6,136,7,1840,460
6,136,8,1836,460
6,136,9,1836,461
6,136,10,1835,462
6,136,11,1835,463
6,136,12,1833,465
6,136,13,1833,466
6,136,14,1831,468
6,136,15,1831,470
6,136,16,1832,471
6,136,17,1832,472
6,136,18,1833,472
6,136,19,1835,470
6,136,20,1836,470
6,136,21,1836,468
6,136,22,1840,464
6,136,23,1840,463
6,136,24,1841,462
6,136,25,1844,462
6,136,26,1846,464
6,136,27,1846,465
6,136,28,1847,466
6,136,29,1847,467
6,136,30,1848,468
6,136,31,1849,468
6,136,32,1850,469
6,136,33,1852,467
6,136,34,1852,465
6,136,35,1851,464
6,136,36,1851,463
6,136,37,1850,462
6,136,38,1850,461
6,136,39,1849,460
6,137,0,839,455
6,137,1,838,455
6,137,2,837,456
6,137,3,835,456
6,137,4,832,459
6,137,5,832,460
6,137,6,831,461
6,137,7,831,463
6,137,8,830,464
6,137,9,830,465
6,137,10,827,468
6,137,11,825,468
6,137,12,824,469
6,137,13,823,469
6,137,14,823,473
6,137,15,824,473
6,137,16,825,474
6,137,17,826,474
6,137,18,830,470
6,137,19,830,469
6,137,20,832,467
6,137,21,833,467
6,137,22,840,460
6,137,23,840,459
6,137,24,841,458
6,137,25,840,457
6,137,26,840,456
6,138,0,701,458
6,138,1,705,465
6,138,2,705,467
6,138,3,704,468
6,138,4,705,470
6,138,5,704,471
6,138,6,705,474
6,138,7,703,479
6,138,8,705,482
6,138,9,730,482
6,138,10,733,479
6,138,11,734,480
6,138,12,736,480
6,138,13,738,482
6,138,14,741,482
6,138,15,742,481
6,138,16,745,481
6,138,17,746,482
6,138,18,758,481
6,138,19,759,482
6,138,20,761,482
6,138,21,763,481
6,138,22,764,479
6,138,23,764,474
6,138,24,768,471
6,138,25,771,474
6,138,26,770,480
6,138,27,772,482
6,138,28,777,482
6,138,29,779,480
6,138,30,781,480
6,138,31,782,479
6,138,32,789,479
6,138,33,793,482
6,138,34,795,482
6,138,35,797,480
6,138,36,797,472
6,138,37,795,470
6,138,38,795,468
6,138,39,794,467
6,138,40,795,466
6,138,41,795,463
6,138,42,796,462
6,138,43,797,457
6,138,44,794,454
6,138,45,792,454
6,138,46,788,452
6,138,47,780,456
6,138,48,775,453
6,138,49,772,453
6,138,50,768,458
6,138,51,766,458
6,138,52,763,453
6,138,53,760,453
6,138,54,759,452
6,138,55,749,452
6,138,56,748,451
6,138,57,743,451
6,138,58,742,452
6,138,59,740,452
6,138,60,737,455
6,138,61,736,458
6,138,62,734,460
6,138,63,732,459
6,138,64,729,454
6,138,65,712,454
6,138,66,708,452
6,138,67,704,454
6,139,0,342,445
6,139,1,342,446
6,139,2,344,448
6,139,3,345,448
6,139,4,346,449
6,139,5,347,449
6,139,6,349,451
6,139,7,351,451
6,139,8,352,452
6,139,9,356,452
6,139,10,357,453
6,139,11,358,453
6,139,12,359,454
6,139,13,360,453
6,139,14,362,455
6,139,15,364,455
6,139,16,365,456
6,139,17,366,456
6,139,18,368,458
6,139,19,369,458
6,139,20,371,460
6,139,21,372,460
6,139,22,375,463
6,139,23,377,463
6,139,24,378,462
6,139,25,378,461
6,139,26,377,460
6,139,27,376,460
6,139,28,374,458
6,139,29,372,458
6,139,30,371,457
6,139,31,371,456
6,139,32,370,456
6,139,33,367,453
6,139,34,365,453
6,139,35,363,451
6,139,36,361,451
6,139,37,360,450
6,139,38,359,450
6,139,39,358,449
6,139,40,356,449
6,139,41,355,448
6,139,42,354,448
6,139,43,353,447
6,139,44,351,447
6,139,45,350,446
6,139,46,349,446
6,139,47,348,445
6,140,0,1791,443
6,140,1,1790,443
6,140,2,1789,442
6,140,3,1777,454
6,140,4,1777,455
6,140,5,1773,459
6,140,6,1771,459
6,140,7,1768,462
6,140,8,1767,462
6,140,9,1767,463
6,140,10,1769,463
6,140,11,1770,462
6,140,12,1771,462
6,140,13,1776,457
6,140,14,1777,457
6,140,15,1778,456
6,140,16,1780,456
6,140,17,1781,455
6,140,18,1783,455
6,140,19,1785,453
6,140,20,1786,453
6,140,21,1787,452
6,140,22,1788,452
6,140,23,1786,452
6,140,24,1784,450
6,140,25,1784,447
6,140,26,1786,445
6,140,27,1788,445
6,140,28,1790,447
6,140,29,1790,450
6,140,30,1790,445
6,140,31,1791,444
6,141,0,1076,440
6,141,1,1075,440
6,141,2,1072,443
6,141,3,1071,443
6,141,4,1069,445
6,141,5,1068,445
6,141,6,1062,451
6,141,7,1061,451
6,141,8,1060,452
6,141,9,1059,452
6,141,10,1056,455
6,141,11,1055,455
6,141,12,1053,457
6,141,13,1052,457
6,141,14,1051,458
6,141,15,1050,458
6,141,16,1049,459
6,141,17,1048,459
6,141,18,1046,461
6,141,19,1045,461
6,141,20,1043,463
6,141,21,1042,463
6,141,22,1041,464
6,141,23,1040,464
6,141,24,1039,465
6,141,25,1038,465
6,141,26,1036,467
6,141,27,1035,467
6,141,28,1034,468
6,141,29,1033,468
6,141,30,1032,469
6,141,31,1031,469
6,141,32,1030,470
6,141,33,1029,470
6,141,34,1027,472
6,141,35,1026,472
6,141,36,1025,473
6,141,37,1023,473
6,141,38,1021,475
6,141,39,1021,476
6,141,40,1022,475
6,141,41,1025,475
6,141,42,1026,474
6,141,43,1027,474
6,141,44,1028,473
6,141,45,1029,473
6,141,46,1032,471
6,141,47,1034,471
6,141,48,1036,469
6,141,49,1038,469
6,141,50,1039,468
6,141,51,1040,468
6,141,52,1042,466
6,141,53,1043,466
6,141,54,1044,465
6,141,55,1045,465
6,141,56,1047,463
6,141,57,1048,463
6,141,58,1050,461
6,141,59,1051,461
6,141,60,1052,460
6,141,61,1053,460
6,141,62,1056,457
6,141,63,1057,457
6,141,64,1058,456
6,141,65,1059,456
6,141,66,1062,453
6,141,67,1063,453
6,141,68,1067,449
6,141,69,1068,449
6,141,70,1072,445
6,141,71,1073,445
6,141,72,1076,442
6,142,0,196,431
6,142,1,196,455
6,142,2,199,455
6,142,3,199,431
6,143,0,636,428
6,143,1,629,432
6,143,2,612,475
6,143,3,603,474
6,143,4,605,489
6,143,5,599,528
6,143,6,603,533
6,143,7,599,534
6,143,8,601,588
6,143,9,620,680
6,143,10,630,710
6,143,11,663,690
6,143,12,723,678
6,143,13,685,677
6,143,14,635,701
6,143,15,630,697
6,143,16,621,661
6,143,17,618,628
6,143,18,656,612
6,143,19,665,611
6,143,20,667,618
6,143,21,670,605
6,143,22,674,610
6,143,23,678,605
6,143,24,724,585
6,143,25,747,568
6,143,26,776,536
6,143,27,776,532
6,143,28,768,536
6,143,29,758,533
6,143,30,764,547
6,143,31,715,584
6,143,32,683,598
6,143,33,677,590
6,143,34,668,603
6,143,35,616,622
6,143,36,609,609
6,143,37,602,527
6,143,38,614,476
6,144,0,2052,418
6,144,1,2050,418
6,144,2,2049,419
6,144,3,2049,422
6,144,4,2050,423
6,144,5,2050,426
6,144,6,2051,427
6,144,7,2051,430
6,144,8,2050,431
6,144,9,2050,432
6,144,10,2046,436
6,144,11,2044,441
6,144,12,2042,443
6,144,13,2037,443
6,144,14,2036,444
6,144,15,2035,444
6,144,16,2032,447
6,144,17,2031,447
6,144,18,2029,449
6,144,19,2024,451
6,144,20,2022,453
6,144,21,2017,454
6,144,22,2014,457
6,144,23,2013,457
6,144,24,2012,458
6,144,25,2012,459
6,144,26,2002,468
6,144,27,2002,471
6,144,28,2003,471
6,144,29,2004,470
6,144,30,2007,470
6,144,31,2008,469
6,144,32,2010,469
6,144,33,2012,467
6,144,34,2013,467
6,144,35,2015,465
6,144,36,2016,465
6,144,37,2022,458
6,144,38,2024,458
6,144,39,2025,457
6,144,40,2028,457
6,144,41,2030,455
6,144,42,2034,455
6,144,43,2035,456
6,144,44,2036,456
6,144,45,2035,455
6,144,46,2035,453
6,144,47,2042,449
6,144,48,2044,449
6,144,49,2046,451
6,144,50,2046,452
6,144,51,2046,450
6,144,52,2043,447
6,144,53,2043,445
6,144,54,2044,444
6,144,55,2047,444
6,144,56,2050,447
6,144,57,2050,446
6,144,58,2049,445
6,144,59,2051,442
6,144,60,2051,436
6,144,61,2052,435
6,144,62,2055,435
6,144,63,2056,436
6,144,64,2056,437
6,144,65,2056,435
6,144,66,2059,430
6,144,67,2059,427
6,144,68,2055,424
6,144,69,2055,423
6,144,70,2054,422
6,144,71,2054,420
6,145,0,1961,412
6,145,1,1959,414
6,145,2,1959,418
6,145,3,1959,415
6,145,4,1960,414
6,145,5,1963,414
6,145,6,1964,415
6,145,7,1964,419
6,145,8,1963,420
6,145,9,1963,421
6,145,10,1961,423
6,145,11,1960,423
6,145,12,1958,421
6,145,13,1958,420
6,145,14,1958,424
6,145,15,1959,425
6,145,16,1961,425
6,145,17,1962,424
6,145,18,1962,423
6,145,19,1963,422
6,145,20,1963,420
6,145,21,1964,419
6,145,22,1964,414
6,145,23,1963,413
6,145,24,1962,413
6,146,0,736,410
6,146,1,736,411
6,146,2,737,411
6,146,3,738,412
6,146,4,738,413
6,146,5,739,414
6,146,6,742,414
6,146,7,743,415
6,146,8,743,417
6,146,9,744,418
6,146,10,746,418
6,146,11,750,422
6,146,12,751,422
6,146,13,752,423
6,146,14,753,423
6,146,15,754,424
6,146,16,755,424
6,146,17,756,425
6,146,18,757,425
6,146,19,758,426
6,146,20,759,426
6,146,21,760,427
6,146,22,761,427
6,146,23,762,428
6,146,24,764,428
6,146,25,765,429
6,146,26,766,429
6,146,27,767,430
6,146,28,768,430
6,146,29,769,431
6,146,30,771,431
6,146,31,772,432
6,146,32,774,432
6,146,33,775,433
6,146,34,779,433
6,146,35,780,432
6,146,36,781,432
6,146,37,781,430
6,146,38,780,430
6,146,39,778,428
6,146,40,777,428
6,146,41,776,427
6,146,42,774,427
6,146,43,773,426
6,146,44,768,426
6,146,45,767,425
6,146,46,765,425
6,146,47,763,423
6,146,48,762,423
6,146,49,761,422
6,146,50,760,422
6,146,51,759,421
6,146,52,758,421
6,146,53,757,420
6,146,54,756,420
6,146,55,755,419
6,146,56,752,419
6,146,57,751,418
6,146,58,750,418
6,146,59,749,417
6,146,60,748,417
6,146,61,747,416
6,146,62,746,416
6,146,63,745,415
6,146,64,745,413
6,146,65,744,412
6,146,66,742,412
6,146,67,741,411
6,146,68,741,409
6,146,69,740,409
6,146,70,739,408
6,146,71,737,410
6,147,0,1016,405
6,147,1,1015,405
6,147,2,1012,408
6,147,3,1012,411
6,147,4,1009,414
6,147,5,1009,416
6,147,6,1010,417
6,147,7,1009,418
6,147,8,1009,419
6,147,9,1004,424
6,147,10,1004,425
6,147,11,1003,426
6,147,12,1003,428
6,147,13,1002,429
6,147,14,1002,433
6,147,15,1003,434
6,147,16,1003,437
6,147,17,1002,438
6,147,18,1002,439
6,147,19,1001,440
6,147,20,1001,442
6,147,21,1000,443
6,147,22,1000,450
6,147,23,999,451
6,147,24,999,462
6,147,25,1001,465
6,147,26,1004,465
6,147,27,1004,462
6,147,28,1005,461
6,147,29,1005,458
6,147,30,1004,457
6,147,31,1004,453
6,147,32,1005,452
6,147,33,1005,450
6,147,34,1006,449
6,147,35,1006,447
6,147,36,1007,446
6,147,37,1007,441
6,147,38,1008,440
6,147,39,1008,438
6,147,40,1009,437
6,147,41,1009,435
6,147,42,1010,434
6,147,43,1010,433
6,147,44,1011,432
6,147,45,1011,431
6,147,46,1012,430
6,147,47,1012,429
6,147,48,1013,428
6,147,49,1013,427
6,147,50,1014,426
6,147,51,1014,425
6,147,52,1016,423
6,147,53,1016,422
6,147,54,1018,420
6,147,55,1018,419
6,147,56,1020,416
6,147,57,1020,415
6,147,58,1018,413
6,147,59,1017,414
6,147,60,1016,414
6,147,61,1015,413
6,147,62,1015,412
6,147,63,1017,410
6,147,64,1017,406
6,148,0,363,411
6,148,1,364,412
6,148,2,364,413
6,148,3,372,413
6,148,4,375,410
6,148,5,393,410
6,148,6,396,413
6,148,7,397,413
6,148,8,398,414
6,148,9,398,415
6,148,10,399,415
6,148,11,400,416
6,148,12,400,419
6,148,13,403,422
6,148,14,404,421
6,148,15,404,419
6,148,16,402,417
6,148,17,401,417
6,148,18,400,416
6,148,19,400,415
6,148,20,399,415
6,148,21,398,414
6,148,22,398,413
6,148,23,391,406
6,148,24,390,406
6,148,25,389,405
6,148,26,380,405
6,148,27,379,406
6,148,28,378,406
6,148,29,375,409
6,148,30,374,409
6,148,31,373,410
6,148,32,372,409
6,148,33,370,409
6,148,34,369,408
6,148,35,368,409
6,148,36,367,409
6,148,37,366,410
6,148,38,365,410
6,148,39,364,411
6,149,0,795,431
6,149,1,796,433
6,149,2,802,433
6,149,3,829,422
6,149,4,832,423
6,149,5,838,420
6,149,6,846,420
6,149,7,862,416
6,149,8,870,416
6,149,9,872,418
6,149,10,879,418
6,149,11,897,426
6,149,12,912,441
6,149,13,916,447
6,149,14,925,472
6,149,15,929,495
6,149,16,927,498
6,149,17,903,514
6,149,18,898,519
6,149,19,899,520
6,149,20,927,501
6,149,21,936,500
6,149,22,936,496
6,149,23,933,492
6,149,24,933,489
6,149,25,936,485
6,149,26,929,476
6,149,27,929,470
6,149,28,926,459
6,149,29,916,437
6,149,30,908,432
6,149,31,903,425
6,149,32,882,411
6,149,33,877,404
6,149,34,869,404
6,149,35,868,409
6,149,36,865,411
6,149,37,861,411
6,149,38,854,414
6,149,39,850,413
6,149,40,847,415
6,149,41,841,415
6,149,42,839,417
6,149,43,831,418
6,149,44,825,421
6,149,45,821,420
6,149,46,807,427
6,149,47,801,427
6,150,0,1873,390
6,150,1,1872,389
6,150,2,1869,389
6,150,3,1868,388
6,150,4,1870,390
6,150,5,1870,391
6,150,6,1869,392
6,150,7,1869,393
6,150,8,1868,394
6,150,9,1868,395
6,150,10,1866,397
6,150,11,1864,397
6,150,12,1863,396
6,150,13,1863,398
6,150,14,1855,406
6,150,15,1854,406
6,150,16,1853,407
6,150,17,1852,407
6,150,18,1851,408
6,150,19,1850,408
6,150,20,1849,409
6,150,21,1848,409
6,150,22,1846,411
6,150,23,1845,411
6,150,24,1842,414
6,150,25,1839,414
6,150,26,1838,415
6,150,27,1837,415
6,150,28,1836,416
6,150,29,1835,416
6,150,30,1831,420
6,150,31,1827,420
6,150,32,1824,422
6,150,33,1822,422
6,150,34,1820,425
6,150,35,1822,425
6,150,36,1823,424
6,150,37,1825,424
6,150,38,1826,423
6,150,39,1827,423
6,150,40,1830,420
6,150,41,1831,420
6,150,42,1832,419
6,150,43,1836,419
6,150,44,1837,418
6,150,45,1839,418
6,150,46,1842,415
6,150,47,1843,415
6,150,48,1845,413
6,150,49,1846,413
6,150,50,1847,412
6,150,51,1849,412
6,150,52,1853,408
6,150,53,1854,408
6,150,54,1854,407
6,150,55,1855,406
6,150,56,1856,406
6,150,57,1857,405
6,150,58,1860,405
6,150,59,1861,406
6,150,60,1862,406
6,150,61,1865,409
6,150,62,1865,410
6,150,63,1866,410
6,150,64,1868,408
6,150,65,1868,399
6,150,66,1869,398
6,150,67,1869,397
6,150,68,1871,395
6,150,69,1871,394
6,150,70,1872,393
6,150,71,1872,392
6,150,72,1873,391
6,151,0,640,425
6,151,1,642,423
6,151,2,643,423
6,151,3,645,421
6,151,4,645,420
6,151,5,652,414
6,151,6,653,411
6,151,7,655,409
6,151,8,661,406
6,151,9,663,406
6,151,10,665,404
6,151,11,671,401
6,151,12,675,401
6,151,13,679,399
6,151,14,698,399
6,151,15,699,400
6,151,16,702,400
6,151,17,703,401
6,151,18,705,401
6,151,19,706,400
6,151,20,710,402
6,151,21,715,406
6,151,22,724,407
6,151,23,730,410
6,151,24,732,409
6,151,25,732,406
6,151,26,729,403
6,151,27,721,399
6,151,28,719,399
6,151,29,714,396
6,151,30,709,396
6,151,31,704,393
6,151,32,693,393
6,151,33,691,391
6,151,34,690,391
6,151,35,683,384
6,151,36,679,384
6,151,37,679,387
6,151,38,681,389
6,151,39,681,393
6,151,40,678,395
6,151,41,676,395
6,151,42,675,396
6,151,43,672,396
6,151,44,669,398
6,151,45,667,398
6,151,46,657,403
6,151,47,656,405
6,151,48,650,411
6,151,49,646,412
6,151,50,641,416
6,151,51,641,418
6,151,52,640,419
6,152,0,2093,379
6,152,1,2092,392
6,152,2,2074,408
6,152,3,2072,413
6,152,4,2077,413
6,152,5,2089,401
6,152,6,2093,403
6,152,7,2093,744
6,152,8,2090,747
6,152,9,2093,752
6,152,10,2092,394
6,152,11,2095,391
6,152,12,2095,380
6,153,0,1175,378
6,153,1,1173,378
6,153,2,1166,382
6,153,3,1161,383
6,153,4,1156,387
6,153,5,1154,387
6,153,6,1153,388
6,153,7,1150,388
6,153,8,1148,389
6,153,9,1144,386
6,153,10,1140,390
6,153,11,1139,390
6,153,12,1137,393
6,153,13,1135,393
6,153,14,1134,392
6,153,15,1134,388
6,153,16,1139,383
6,153,17,1142,382
6,153,18,1144,384
6,153,19,1142,382
6,153,20,1139,383
6,153,21,1134,388
6,153,22,1134,390
6,153,23,1130,394
6,153,24,1126,395
6,153,25,1114,401
6,153,26,1111,404
6,153,27,1110,407
6,153,28,1103,414
6,153,29,1102,414
6,153,30,1091,426
6,153,31,1085,430
6,153,32,1085,432
6,153,33,1088,432
6,153,34,1114,407
6,153,35,1116,407
6,153,36,1112,405
6,153,37,1112,403
6,153,38,1114,401
6,153,39,1116,401
6,153,40,1121,405
6,153,41,1120,403
6,153,42,1122,400
6,153,43,1128,397
6,153,44,1131,399
6,153,45,1133,399
6,153,46,1134,397
6,153,47,1133,396
6,153,48,1135,394
6,153,49,1137,394
6,153,50,1138,393
6,153,51,1143,394
6,153,52,1146,392
6,153,53,1148,392
6,153,54,1154,389
6,153,55,1156,387
6,153,56,1165,385
6,153,57,1167,383
6,153,58,1174,380
6,154,0,1080,387
6,154,1,1079,387
6,154,2,1078,386
6,154,3,1077,386
6,154,4,1075,384
6,154,5,1075,383
6,154,6,1074,383
6,154,7,1070,379
6,154,8,1068,379
6,154,9,1067,378
6,154,10,1065,378
6,154,11,1065,381
6,154,12,1068,384
6,154,13,1068,385
6,154,14,1066,388
6,154,15,1061,388
6,154,16,1060,389
6,154,17,1059,389
6,154,18,1058,390
6,154,19,1057,390
6,154,20,1054,393
6,154,21,1047,393
6,154,22,1044,395
6,154,23,1042,395
6,154,24,1041,396
6,154,25,1039,396
6,154,26,1038,397
6,154,27,1037,397
6,154,28,1033,401
6,154,29,1032,401
6,154,30,1031,402
6,154,31,1030,402
6,154,32,1030,403
6,154,33,1029,404
6,154,34,1028,404
6,154,35,1028,406
6,154,36,1029,407
6,154,37,1032,407
6,154,38,1035,404
6,154,39,1036,404
6,154,40,1038,402
6,154,41,1039,402
6,154,42,1042,400
6,154,43,1044,400
6,154,44,1047,398
6,154,45,1049,398
6,154,46,1050,397
6,154,47,1052,397
6,154,48,1054,394
6,154,49,1063,394
6,154,50,1064,393
6,154,51,1068,393
6,154,52,1069,392
6,154,53,1071,392
6,154,54,1072,391
6,154,55,1078,391
6,154,56,1079,390
6,154,57,1080,390
6,155,0,478,383
6,155,1,478,385
6,155,2,480,387
6,155,3,482,387
6,155,4,483,388
6,155,5,488,388
6,155,6,493,393
6,155,7,494,395
6,155,8,494,397
6,155,9,496,399
6,155,10,498,400
6,155,11,500,399
6,155,12,505,399
6,155,13,511,404
6,155,14,514,404
6,155,15,518,402
6,155,16,521,402
6,155,17,525,406
6,155,18,527,407
6,155,19,530,407
6,155,20,532,405
6,155,21,535,404
6,155,22,537,402
6,155,23,540,402
6,155,24,542,399
6,155,25,540,395
6,155,26,540,390
6,155,27,538,388
6,155,28,538,386
6,155,29,535,383
6,155,30,533,383
6,155,31,530,386
6,155,32,530,388
6,155,33,527,391
6,155,34,524,391
6,155,35,522,389
6,155,36,522,387
6,155,37,524,385
6,155,38,524,382
6,155,39,521,380
6,155,40,516,380
6,155,41,512,383
6,155,42,512,384
6,155,43,507,390
6,155,44,504,389
6,155,45,504,391
6,155,46,503,393
6,155,47,499,395
6,155,48,498,395
6,155,49,496,393
6,155,50,495,390
6,155,51,498,387
6,155,52,503,387
6,155,53,504,386
6,155,54,503,385
6,155,55,504,383
6,155,56,509,379
6,155,57,508,377
6,155,58,504,377
6,155,59,501,379
6,155,60,499,379
6,155,61,497,380
6,155,62,495,382
6,155,63,495,383
6,155,64,492,385
6,155,65,488,385
6,155,66,485,383
6,155,67,481,383
6,155,68,480,382
6,156,0,463,375
6,156,1,462,376
6,156,2,461,376
6,156,3,460,377
6,156,4,459,377
6,156,5,458,378
6,156,6,459,379
6,156,7,456,382
6,156,8,456,386
6,156,9,458,388
6,156,10,458,389
6,156,11,459,390
6,156,12,459,391
6,156,13,462,394
6,156,14,463,393
6,156,15,463,390
6,156,16,461,388
6,156,17,461,386
6,156,18,459,384
6,156,19,459,383
6,156,20,460,382
6,156,21,460,380
6,156,22,461,379
6,156,23,462,379
6,156,24,463,380
6,156,25,464,380
6,156,26,465,381
6,156,27,466,381
6,156,28,467,382
6,156,29,468,382
6,156,30,469,383
6,156,31,471,381
6,156,32,471,380
6,156,33,469,378
6,156,34,467,378
6,156,35,465,376
6,156,36,464,376
6,157,0,1926,378
6,157,1,1925,377
6,157,2,1925,375
6,157,3,1922,375
6,157,4,1921,374
6,157,5,1920,375
6,157,6,1919,375
6,157,7,1918,376
6,157,8,1916,376
6,157,9,1915,375
6,157,10,1915,374
6,157,11,1914,375
6,157,12,1910,375
6,157,13,1909,376
6,157,14,1907,376
6,157,15,1906,377
6,157,16,1904,377
6,157,17,1903,378
6,157,18,1901,378
6,157,19,1900,379
6,157,20,1895,379
6,157,21,1894,380
6,157,22,1892,380
6,157,23,1892,381
6,157,24,1891,382
6,157,25,1889,382
6,157,26,1888,383
6,157,27,1890,385
6,157,28,1890,387
6,157,29,1889,388
6,157,30,1891,386
6,157,31,1892,386
6,157,32,1893,385
6,157,33,1895,385
6,157,34,1896,386
6,157,35,1896,385
6,157,36,1895,384
6,157,37,1896,383
6,157,38,1896,382
6,157,39,1897,381
6,157,40,1900,381
6,157,41,1902,379
6,157,42,1906,379
6,157,43,1908,381
6,157,44,1908,384
6,157,45,1906,386
6,157,46,1905,386
6,157,47,1907,386
6,157,48,1910,383
6,157,49,1911,383
6,157,50,1912,382
6,157,51,1914,382
6,157,52,1915,383
6,157,53,1914,382
6,157,54,1914,380
6,157,55,1913,379
6,157,56,1913,377
6,157,57,1914,376
6,157,58,1917,376
6,157,59,1918,377
6,157,60,1924,377
6,157,61,1926,379
6,157,62,1926,381
6,157,63,1925,382
6,157,64,1926,381
6,158,0,158,366
6,158,1,157,367
6,158,2,157,395
6,158,3,158,396
6,158,4,158,412
6,158,5,159,413
6,158,6,159,415
6,158,7,161,417
6,158,8,161,424
6,158,9,162,425
6,158,10,162,429
6,158,11,163,429
6,158,12,164,430
6,158,13,166,428
6,158,14,166,426
6,158,15,165,425
6,158,16,165,421
6,158,17,164,420
6,158,18,164,417
6,158,19,162,414
6,158,20,162,413
6,158,21,163,412
6,158,22,163,404
6,158,23,162,403
6,158,24,162,398
6,158,25,161,397
6,158,26,161,391
6,158,27,162,390
6,158,28,162,387
6,158,29,161,386
6,158,30,161,379
6,158,31,162,378
6,158,32,162,376
6,158,33,161,375
6,158,34,161,373
6,158,35,159,370
6,158,36,159,369
6,158,37,160,368
6,158,38,160,367
6,158,39,159,367
6,159,0,2032,365
6,159,1,2018,362
6,159,2,2008,383
6,159,3,1874,433
6,159,4,1865,414
6,159,5,1856,441
6,159,6,1770,473
6,159,7,1779,478
6,159,8,1677,530
6,159,9,1663,508
6,159,10,1637,512
6,159,11,1643,500
6,159,12,1573,530
6,159,13,1584,536
6,159,14,1615,515
6,159,15,1626,533
6,159,16,1638,519
6,159,17,1639,534
6,159,18,1657,534
6,159,19,1552,591
6,159,20,1563,593
6,159,21,1535,613
6,159,22,1664,538
6,159,23,1734,521
6,159,24,1730,510
6,159,25,1754,497
6,159,26,1815,585
6,159,27,1760,627
6,159,28,1687,722
6,159,29,1638,754
6,159,30,1339,891
6,159,31,1324,887
6,159,32,1332,897
6,159,33,1267,918
6,159,34,1269,929
6,159,35,1162,985
6,159,36,1422,851
6,159,37,1538,811
6,159,38,1539,844
6,159,39,1556,841
6,159,40,1542,846
6,159,41,1543,834
6,159,42,1562,844
6,159,43,1570,814
6,159,44,1547,807
6,159,45,1593,783
6,159,46,1613,802
6,159,47,1618,791
6,159,48,1647,794
6,159,49,1651,765
6,159,50,1615,772
6,159,51,1670,748
6,159,52,1789,606
6,159,53,1858,575
6,159,54,1841,534
6,159,55,1847,569
6,159,56,1816,580
6,159,57,1762,495
6,159,58,1859,445
6,159,59,1852,477
6,159,60,1862,481
6,159,61,1876,466
6,159,62,1865,467
6,159,63,1873,438
6,159,64,1980,402
6,160,0,52,361
6,160,1,51,362
6,160,2,50,362
6,160,3,49,363
6,160,4,47,363
6,160,5,46,364
6,160,6,42,364
6,160,7,42,367
6,160,8,41,368
6,160,9,39,368
6,160,10,38,367
6,160,11,38,368
6,160,12,36,370
6,160,13,35,370
6,160,14,33,372
6,160,15,32,371
6,160,16,31,371
6,160,17,30,370
6,160,18,29,371
6,160,19,28,371
6,160,20,27,372
6,160,21,24,372
6,160,22,23,373
6,160,23,25,375
6,160,24,31,375
6,160,25,32,374
6,160,26,32,373
6,160,27,33,372
6,160,28,34,372
6,160,29,36,370
6,160,30,38,370
6,160,31,39,371
6,160,32,40,371
6,160,33,42,369
6,160,34,44,369
6,160,35,45,368
6,160,36,46,368
6,160,37,47,367
6,160,38,47,366
6,160,39,48,365
6,160,40,50,365
6,160,41,51,364
6,160,42,52,364
6,161,0,2029,333
6,161,1,2028,333
6,161,2,2025,336
6,161,3,2024,336
6,161,4,2023,335
6,161,5,2022,336
6,161,6,2022,337
6,161,7,2020,340
6,161,8,2019,340
6,161,9,2017,342
6,161,10,2016,342
6,161,11,2014,344
6,161,12,2013,344
6,161,13,2012,345
6,161,14,2010,345
6,161,15,2009,346
6,161,16,2008,346
6,161,17,2007,347
6,161,18,2006,347
6,161,19,2005,348
6,161,20,2004,348
6,161,21,2002,350
6,161,22,2001,350
6,161,23,2000,349
6,161,24,1999,349
6,161,25,1997,347
6,161,26,1997,349
6,161,27,1996,350
6,161,28,1995,350
6,161,29,1993,348
6,161,30,1993,349
6,161,31,1992,350
6,161,32,1992,351
6,161,33,1990,353
6,161,34,1990,356
6,161,35,1992,358
6,161,36,1994,356
6,161,37,1996,356
6,161,38,1998,358
6,161,39,1998,359
6,161,40,1998,356
6,161,41,1999,355
6,161,42,1999,354
6,161,43,2003,350
6,161,44,2004,350
6,161,45,2005,349
6,161,46,2007,349
6,161,47,2008,348
6,161,48,2010,348
6,161,49,2012,346
6,161,50,2015,346
6,161,51,2018,349
6,161,52,2017,350
6,161,53,2017,356
6,161,54,2019,358
6,161,55,2020,358
6,161,56,2022,356
6,161,57,2021,357
6,161,58,2019,357
6,161,59,2017,355
6,161,60,2017,350
6,161,61,2018,349
6,161,62,2018,348
6,161,63,2020,346
6,161,64,2022,346
6,161,65,2024,348
6,161,66,2024,349
6,161,67,2024,347
6,161,68,2023,346
6,161,69,2023,344
6,161,70,2024,343
6,161,71,2024,342
6,161,72,2028,338
6,161,73,2029,338
6,161,74,2029,337
6,161,75,2030,336
6,161,76,2030,335
6,161,77,2029,334
6,162,0,432,332
6,162,1,430,334
6,162,2,430,335
6,162,3,432,337
6,162,4,432,340
6,162,5,434,342
6,162,6,434,346
6,162,7,435,347
6,162,8,435,348
6,162,9,436,349
6,162,10,437,349
6,162,11,438,350
6,162,12,437,351
6,162,13,437,352
6,162,14,438,353
6,162,15,438,354
6,162,16,439,355
6,162,17,439,356
6,162,18,440,357
6,162,19,440,358
6,162,20,441,358
6,162,21,442,359
6,162,22,443,359
6,162,23,444,360
6,162,24,444,358
6,162,25,443,357
6,162,26,443,356
6,162,27,442,355
6,162,28,442,353
6,162,29,441,352
6,162,30,440,352
6,162,31,438,350
6,162,32,438,349
6,162,33,439,348
6,162,34,438,347
6,162,35,438,346
6,162,36,437,345
6,162,37,437,340
6,162,38,435,338
6,162,39,435,334
6,162,40,434,333
6,162,41,433,333
6,163,0,127,327
6,163,1,125,327
6,163,2,124,328
6,163,3,123,328
6,163,4,122,329
6,163,5,122,330
6,163,6,121,331
6,163,7,118,331
6,163,8,117,332
6,163,9,116,331
6,163,10,115,332
6,163,11,113,332
6,163,12,112,333
6,163,13,110,333
6,163,14,109,334
6,163,15,109,335
6,163,16,108,336
6,163,17,108,337
6,163,18,107,338
6,163,19,108,339
6,163,20,111,339
6,163,21,112,338
6,163,22,113,338
6,163,23,115,336
6,163,24,116,336
6,163,25,116,335
6,163,26,117,334
6,163,27,119,334
6,163,28,121,332
6,163,29,121,331
6,163,30,122,330
6,163,31,126,330
6,163,32,127,329
6,164,0,2092,322
6,164,1,2091,322
6,164,2,2092,323
6,164,3,2092,325
6,164,4,2090,327
6,164,5,2087,327
6,164,6,2085,323
6,164,7,2085,325
6,164,8,2081,328
6,164,9,2080,330
6,164,10,2080,332
6,164,11,2078,334
6,164,12,2074,332
6,164,13,2074,329
6,164,14,2069,333
6,164,15,2066,334
6,164,16,2057,343
6,164,17,2053,345
6,164,18,2046,351
6,164,19,2045,353
6,164,20,2046,356
6,164,21,2048,357
6,164,22,2050,357
6,164,23,2051,358
6,164,24,2053,357
6,164,25,2059,350
6,164,26,2061,346
6,164,27,2067,340
6,164,28,2074,339
6,164,29,2076,337
6,164,30,2078,337
6,164,31,2083,334
6,164,32,2087,334
6,164,33,2089,333
6,164,34,2094,337
6,164,35,2094,377
6,164,36,2095,377
6,164,37,2095,336
6,164,38,2093,335
6,164,39,2093,332
6,164,40,2092,331
6,164,41,2092,327
6,164,42,2093,326
6,164,43,2093,324
6,165,0,2082,305
6,165,1,2081,305
6,165,2,2080,306
6,165,3,2079,306
6,165,4,2077,308
6,165,5,2076,308
6,165,6,2072,312
6,165,7,2070,312
6,165,8,2069,313
6,165,9,2068,313
6,165,10,2066,315
6,165,11,2065,315
6,165,12,2063,317
6,165,13,2061,317
6,165,14,2059,319
6,165,15,2059,320
6,165,16,2060,320
6,165,17,2061,319
6,165,18,2062,319
6,165,19,2063,318
6,165,20,2064,318
6,165,21,2065,317
6,165,22,2066,317
6,165,23,2067,316
6,165,24,2068,316
6,165,25,2069,315
6,165,26,2070,315
6,165,27,2072,313
6,165,28,2073,313
6,165,29,2075,311
6,165,30,2076,311
6,165,31,2077,310
6,165,32,2078,310
6,165,33,2082,306
6,166,0,92,305
6,166,1,91,305
6,166,2,90,306
6,166,3,89,306
6,166,4,86,309
6,166,5,83,309
6,166,6,82,310
6,166,7,81,309
6,166,8,77,309
6,166,9,75,307
6,166,10,71,307
6,166,11,70,306
6,166,12,69,306
6,166,13,68,307
6,166,14,69,307
6,166,15,71,309
6,166,16,70,310
6,166,17,72,310
6,166,18,73,311
6,166,19,74,310
6,166,20,76,312
6,166,21,78,312
6,166,22,80,314
6,166,23,86,314
6,166,24,87,313
6,166,25,88,313
6,166,26,89,312
6,166,27,90,312
6,166,28,90,311
6,166,29,91,310
6,166,30,91,309
6,166,31,92,308
6,167,0,1292,304
6,167,1,1290,304
6,167,2,1284,309
6,167,3,1281,310
6,167,4,1274,316
6,167,5,1271,317
6,167,6,1268,320
6,167,7,1267,320
6,167,8,1263,324
6,167,9,1250,331
6,167,10,1246,335
6,167,11,1240,338
6,167,12,1237,341
6,167,13,1230,344
6,167,14,1209,358
6,167,15,1202,361
6,167,16,1197,365
6,167,17,1194,366
6,167,18,1191,369
6,167,19,1189,369
6,167,20,1187,371
6,167,21,1183,372
6,167,22,1177,377
6,167,23,1181,375
6,167,24,1182,376
6,167,25,1189,371
6,167,26,1193,370
6,167,27,1197,367
6,167,28,1199,367
6,167,29,1201,365
6,167,30,1206,363
6,167,31,1216,356
6,167,32,1221,354
6,167,33,1224,351
6,167,34,1232,347
6,167,35,1238,342
6,167,36,1241,341
6,167,37,1246,337
6,167,38,1255,332
6,167,39,1263,325
6,167,40,1271,321
6,167,41,1278,315
6,167,42,1282,313
6,167,43,1286,309
6,167,44,1290,307
6,168,0,669,303
6,168,1,669,304
6,168,2,667,306
6,168,3,667,308
6,168,4,668,308
6,168,5,669,309
6,168,6,669,310
6,168,7,670,311
6,168,8,670,312
6,168,9,671,313
6,168,10,673,313
6,168,11,674,314
6,168,12,674,316
6,168,13,676,318
6,168,14,679,318
6,168,15,680,317
6,168,16,681,317
6,168,17,682,316
6,168,18,682,313
6,168,19,682,314
6,168,20,681,315
6,168,21,680,314
6,168,22,680,313
6,168,23,679,314
6,168,24,676,314
6,168,25,675,313
6,168,26,674,313
6,168,27,673,312
6,168,28,672,312
6,168,29,671,311
6,168,30,671,309
6,168,31,672,308
6,168,32,672,306
6,169,0,2095,293
6,169,1,2093,293
6,169,2,2086,300
6,169,3,2086,301
6,169,4,2085,302
6,169,5,2085,303
6,169,6,2086,303
6,169,7,2087,302
6,169,8,2090,302
6,169,9,2093,305
6,169,10,2093,309
6,169,11,2092,310
6,169,12,2092,311
6,169,13,2090,313
6,169,14,2090,314
6,169,15,2089,315
6,169,16,2089,316
6,169,17,2088,317
6,169,18,2089,318
6,169,19,2089,319
6,169,20,2090,320
6,169,21,2089,319
6,169,22,2089,317
6,169,23,2090,316
6,169,24,2090,315
6,169,25,2093,312
6,169,26,2093,301
6,169,27,2094,300
6,169,28,2095,300
6,170,0,935,288
6,170,1,932,291
6,170,2,931,291
6,170,3,931,292
6,170,4,930,293
6,170,5,930,294
6,170,6,929,295
6,170,7,929,298
6,170,8,932,298
6,170,9,933,299
6,170,10,933,300
6,170,11,932,301
6,170,12,929,301
6,170,13,929,304
6,170,14,930,305
6,170,15,930,306
6,170,16,931,307
6,170,17,931,308
6,170,18,936,313
6,170,19,937,313
6,170,20,939,315
6,170,21,940,315
6,170,22,941,316
6,170,23,942,315
6,170,24,944,315
6,170,25,945,316
6,170,26,946,316
6,170,27,947,317
6,170,28,948,316
6,170,29,949,317
6,170,30,950,316
6,170,31,950,315
6,170,32,948,315
6,170,33,947,314
6,170,34,947,311
6,170,35,950,308
6,170,36,950,307
6,170,37,951,306
6,170,38,951,299
6,170,39,952,298
6,170,40,952,297
6,170,41,948,293
6,170,42,947,293
6,170,43,946,292
6,170,44,946,291
6,170,45,945,290
6,170,46,944,290
6,170,47,942,288
6,171,0,597,284
6,171,1,596,284
6,171,2,595,285
6,171,3,594,285
6,171,4,594,286
6,171,5,593,287
6,171,6,593,301
6,171,7,594,302
6,171,8,594,305
6,171,9,595,306
6,171,10,596,305
6,171,11,595,304
6,171,12,595,303
6,171,13,596,302
6,171,14,596,293
6,171,15,595,292
6,171,16,596,291
6,171,17,596,286
6,171,18,597,285
6,172,0,694,282
6,172,1,693,282
6,172,2,690,285
6,172,3,690,287
6,172,4,689,288
6,172,5,689,303
6,172,6,688,304
6,172,7,688,307
6,172,8,687,308
6,172,9,688,309
6,172,10,691,309
6,172,11,692,308
6,172,12,692,307
6,172,13,693,306
6,172,14,693,304
6,172,15,694,303
6,172,16,694,288
6,172,17,695,287
6,172,18,695,283
6,173,0,96,274
6,173,1,93,274
6,173,2,93,275
6,173,3,92,276
6,173,4,92,277
6,173,5,91,278
6,173,6,91,296
6,173,7,93,298
6,173,8,94,298
6,173,9,96,296
6,174,0,568,268
6,174,1,567,269
6,174,2,567,274
6,174,3,568,275
6,174,4,568,276
6,174,5,569,277
6,174,6,569,281
6,174,7,568,282
6,174,8,568,283
6,174,9,569,284
6,174,10,569,297
6,174,11,570,298
6,174,12,573,298
6,174,13,573,297
6,174,14,574,296
6,174,15,574,285
6,174,16,573,284
6,174,17,573,283
6,174,18,571,281
6,174,19,571,277
6,174,20,572,276
6,174,21,572,273
6,174,22,571,272
6,174,23,571,271
6,175,0,1199,262
6,175,1,1197,264
6,175,2,1197,267
6,175,3,1199,270
6,175,4,1199,273
6,175,5,1201,271
6,175,6,1202,271
6,175,7,1204,274
6,175,8,1204,276
6,175,9,1202,278
6,175,10,1200,278
6,175,11,1199,277
6,175,12,1199,280
6,175,13,1198,281
6,175,14,1198,286
6,175,15,1199,287
6,175,16,1199,284
6,175,17,1200,283
6,175,18,1202,283
6,175,19,1203,284
6,175,20,1203,287
6,175,21,1202,288
6,175,22,1201,288
6,175,23,1204,288
6,175,24,1205,287
6,175,25,1209,287
6,175,26,1210,288
6,175,27,1213,288
6,175,28,1213,287
6,175,29,1212,286
6,175,30,1212,284
6,175,31,1213,283
6,175,32,1217,283
6,175,33,1218,284
6,175,34,1218,286
6,175,35,1217,287
6,175,36,1220,287
6,175,37,1221,288
6,175,38,1222,288
6,175,39,1224,291
6,175,40,1223,294
6,175,41,1224,295
6,175,42,1224,293
6,175,43,1225,292
6,175,44,1226,292
6,175,45,1227,293
6,175,46,1227,295
6,175,47,1229,293
6,175,48,1229,281
6,175,49,1227,279
6,175,50,1226,279
6,175,51,1227,280
6,175,52,1227,281
6,175,53,1225,283
6,175,54,1222,284
6,175,55,1221,283
6,175,56,1224,279
6,175,57,1223,279
6,175,58,1220,281
6,175,59,1217,281
6,175,60,1216,282
6,175,61,1212,278
6,175,62,1212,276
6,175,63,1213,275
6,175,64,1213,272
6,175,65,1218,266
6,175,66,1218,263
6,175,67,1217,262
6,175,68,1214,262
6,175,69,1215,263
6,175,70,1215,265
6,175,71,1212,267
6,175,72,1209,267
6,175,73,1207,265
6,175,74,1207,263
6,175,75,1208,262
6,175,76,1210,262
6,175,77,1203,262
6,175,78,1204,262
6,175,79,1205,263
6,175,80,1205,265
6,175,81,1203,267
6,175,82,1200,267
6,175,83,1198,265
6,175,84,1198,264
6,175,85,1200,262
6,176,0,606,261
6,176,1,604,261
6,176,2,604,264
6,176,3,605,265
6,176,4,605,266
6,176,5,609,270
6,176,6,609,271
6,176,7,608,272
6,176,8,608,273
6,176,9,606,275
6,176,10,604,275
6,176,11,601,278
6,176,12,601,279
6,176,13,600,280
6,176,14,600,281
6,176,15,599,282
6,176,16,600,281
6,176,17,601,281
6,176,18,602,280
6,176,19,604,280
6,176,20,605,279
6,176,21,606,279
6,176,22,607,278
6,176,23,608,278
6,176,24,609,277
6,176,25,609,276
6,176,26,610,275
6,176,27,610,274
6,176,28,611,273
6,176,29,612,273
6,176,30,612,272
6,176,31,611,271
6,176,32,611,269
6,176,33,610,268
6,176,34,610,267
6,176,35,607,264
6,176,36,607,262
6,177,0,558,251
6,177,1,557,251
6,177,2,556,250
6,177,3,553,250
6,177,4,552,249
6,177,5,550,249
6,177,6,549,250
6,177,7,547,250
6,177,8,546,251
6,177,9,545,251
6,177,10,545,252
6,177,11,544,253
6,177,12,543,253
6,177,13,542,254
6,177,14,541,254
6,177,15,541,256
6,177,16,539,258
6,177,17,540,259
6,177,18,541,259
6,177,19,541,258
6,177,20,544,255
6,177,21,547,255
6,177,22,548,254
6,177,23,551,254
6,177,24,552,255
6,177,25,553,255
6,177,26,554,254
6,177,27,558,254
6,178,0,636,244
6,178,1,635,245
6,178,2,635,247
6,178,3,636,248
6,178,4,636,249
6,178,5,637,250
6,178,6,636,251
6,178,7,636,256
6,178,8,637,257
6,178,9,637,259
6,178,10,636,260
6,178,11,636,266
6,178,12,637,267
6,178,13,637,270
6,178,14,639,272
6,178,15,639,273
6,178,16,641,273
6,178,17,642,274
6,178,18,654,274
6,178,19,654,273
6,178,20,651,270
6,178,21,642,270
6,178,22,641,269
6,178,23,640,269
6,178,24,638,267
6,178,25,638,264
6,178,26,639,263
6,178,27,639,261
6,178,28,640,260
6,178,29,640,258
6,178,30,641,257
6,178,31,641,252
6,178,32,640,251
6,178,33,640,249
6,178,34,639,248
6,178,35,639,247
6,178,36,638,246
6,178,37,637,246
6,178,38,636,245
6,179,0,188,236
6,179,1,188,238
6,179,2,187,239
6,179,3,188,240
6,179,4,188,243
6,179,5,189,244
6,179,6,189,245
6,179,7,192,248
6,179,8,192,249
6,179,9,194,251
6,179,10,194,252
6,179,11,196,254
6,179,12,196,256
6,179,13,198,258
6,179,14,199,257
6,179,15,199,256
6,179,16,198,255
6,179,17,198,253
6,179,18,196,251
6,179,19,196,247
6,179,20,194,245
6,179,21,194,243
6,179,22,193,242
6,179,23,193,241
6,179,24,193,242
6,179,25,191,244
6,179,26,189,242
6,179,27,189,241
6,179,28,188,240
6,179,29,188,239
6,179,30,189,238
6,179,31,192,238
6,179,32,190,236
6,180,0,56,227
6,180,1,55,228
6,180,2,54,228
6,180,3,53,229
6,180,4,52,229
6,180,5,50,231
6,180,6,50,233
6,180,7,48,235
6,180,8,48,238
6,180,9,47,239
6,180,10,47,241
6,180,11,48,242
6,180,12,48,244
6,180,13,50,246
6,180,14,50,247
6,180,15,54,251
6,180,16,55,251
6,180,17,56,252
6,180,18,57,252
6,180,19,58,253
6,180,20,59,253
6,180,21,62,256
6,180,22,63,256
6,180,23,64,257
6,180,24,65,257
6,180,25,66,258
6,180,26,69,258
6,180,27,69,254
6,180,28,66,251
6,180,29,66,249
6,180,30,67,248
6,180,31,67,247
6,180,32,71,243
6,180,33,71,236
6,180,34,69,234
6,180,35,69,233
6,180,36,68,232
6,180,37,66,232
6,180,38,65,231
6,180,39,65,230
6,180,40,64,229
6,180,41,64,228
6,180,42,62,228
6,180,43,61,227
6,181,0,1382,229
6,181,1,1381,230
6,181,2,1380,230
6,181,3,1377,227
6,181,4,1377,226
6,181,5,1373,230
6,181,6,1372,230
6,181,7,1371,229
6,181,8,1373,231
6,181,9,1373,233
6,181,10,1371,235
6,181,11,1364,235
6,181,12,1363,236
6,181,13,1362,236
6,181,14,1360,234
6,181,15,1360,232
6,181,16,1362,230
6,181,17,1364,230
6,181,18,1365,229
6,181,19,1366,229
6,181,20,1364,229
6,181,21,1363,230
6,181,22,1362,230
6,181,23,1360,232
6,181,24,1360,236
6,181,25,1359,237
6,181,26,1355,237
6,181,27,1356,237
6,181,28,1357,238
6,181,29,1357,240
6,181,30,1355,243
6,181,31,1355,249
6,181,32,1353,251
6,181,33,1350,251
6,181,34,1348,249
6,181,35,1348,245
6,181,36,1348,251
6,181,37,1347,252
6,181,38,1347,254
6,181,39,1345,256
6,181,40,1345,257
6,181,41,1343,259
6,181,42,1343,260
6,181,43,1342,261
6,181,44,1341,261
6,181,45,1333,269
6,181,46,1333,271
6,181,47,1334,271
6,181,48,1336,269
6,181,49,1337,269
6,181,50,1346,260
6,181,51,1349,262
6,181,52,1349,260
6,181,53,1350,259
6,181,54,1351,259
6,181,55,1351,258
6,181,56,1350,257
6,181,57,1350,254
6,181,58,1356,248
6,181,59,1357,245
6,181,60,1359,243
6,181,61,1359,240
6,181,62,1360,239
6,181,63,1361,239
6,181,64,1363,241
6,181,65,1364,241
6,181,66,1366,239
6,181,67,1367,239
6,181,68,1369,237
6,181,69,1370,237
6,181,70,1370,236
6,181,71,1376,231
6,181,72,1380,231
6,182,0,716,195
6,182,1,715,195
6,182,2,714,196
6,182,3,714,197
6,182,4,713,198
6,182,5,713,199
6,182,6,712,200
6,182,7,712,211
6,182,8,713,212
6,182,9,713,218
6,182,10,712,219
6,182,11,711,219
6,182,12,711,220
6,182,13,710,221
6,182,14,710,222
6,182,15,709,223
6,182,16,709,227
6,182,17,710,228
6,182,18,710,234
6,182,19,711,235
6,182,20,712,235
6,182,21,713,234
6,182,22,713,233
6,182,23,714,232
6,182,24,714,223
6,182,25,715,222
6,182,26,715,219
6,182,27,714,218
6,182,28,715,217
6,182,29,714,216
6,182,30,715,215
6,182,31,715,213
6,182,32,717,211
6,182,33,717,197
6,182,34,716,196
6,183,0,1442,194
6,183,1,1441,194
6,183,2,1440,195
6,183,3,1438,195
6,183,4,1436,197
6,183,5,1435,197
6,183,6,1428,204
6,183,7,1427,204
6,183,8,1423,208
6,183,9,1422,208
6,183,10,1421,209
6,183,11,1420,209
6,183,12,1419,210
6,183,13,1418,210
6,183,14,1415,212
6,183,15,1413,212
6,183,16,1412,213
6,183,17,1406,213
6,183,18,1405,212
6,183,19,1404,212
6,183,20,1404,215
6,183,21,1403,216
6,183,22,1399,216
6,183,23,1398,217
6,183,24,1396,217
6,183,25,1395,218
6,183,26,1394,218
6,183,27,1391,215
6,183,28,1394,212
6,183,29,1391,215
6,183,30,1391,217
6,183,31,1389,219
6,183,32,1386,219
6,183,33,1388,221
6,183,34,1388,222
6,183,35,1387,223
6,183,36,1387,224
6,183,37,1385,227
6,183,38,1387,225
6,183,39,1388,226
6,183,40,1391,225
6,183,41,1393,223
6,183,42,1396,222
6,183,43,1398,220
6,183,44,1401,220
6,183,45,1402,219
6,183,46,1404,219
6,183,47,1405,218
6,183,48,1406,218
6,183,49,1407,217
6,183,50,1409,217
6,183,51,1410,216
6,183,52,1417,216
6,183,53,1418,217
6,183,54,1419,217
6,183,55,1420,216
6,183,56,1420,215
6,183,57,1421,214
6,183,58,1422,211
6,183,59,1425,208
6,183,60,1426,208
6,183,61,1428,206
6,183,62,1429,206
6,183,63,1432,203
6,183,64,1433,203
6,183,65,1436,200
6,183,66,1437,200
6,183,67,1440,197
6,183,68,1440,196
6,184,0,1138,176
6,184,1,1136,178
6,184,2,1136,179
6,184,3,1138,182
6,184,4,1138,185
6,184,5,1137,186
6,184,6,1137,194
6,184,7,1136,195
6,184,8,1136,198
6,184,9,1137,199
6,184,10,1145,199
6,184,11,1146,200
6,184,12,1157,200
6,184,13,1158,199
6,184,14,1160,199
6,184,15,1161,198
6,184,16,1162,198
6,184,17,1165,201
6,184,18,1165,202
6,184,19,1162,205
6,184,20,1161,205
6,184,21,1159,207
6,184,22,1159,208
6,184,23,1161,210
6,184,24,1167,210
6,184,25,1170,207
6,184,26,1169,206
6,184,27,1169,199
6,184,28,1170,198
6,184,29,1170,197
6,184,30,1169,196
6,184,31,1169,195
6,184,32,1167,193
6,184,33,1166,193
6,184,34,1165,192
6,184,35,1161,192
6,184,36,1160,193
6,184,37,1159,193
6,184,38,1157,195
6,184,39,1156,195
6,184,40,1155,194
6,184,41,1154,194
6,184,42,1153,193
6,184,43,1153,192
6,184,44,1150,189
6,184,45,1150,185
6,184,46,1156,179
6,184,47,1156,177
6,184,48,1155,176
6,185,0,129,175
6,185,1,128,174
6,185,2,127,174
6,185,3,126,173
6,185,4,125,173
6,185,5,124,174
6,185,6,122,174
6,185,7,121,175
6,185,8,120,175
6,185,9,117,178
6,185,10,116,178
6,185,11,115,179
6,185,12,114,179
6,185,13,112,181
6,185,14,111,181
6,185,15,110,182
6,185,16,108,182
6,185,17,108,183
6,185,18,105,186
6,185,19,105,187
6,185,20,108,187
6,185,21,108,186
6,185,22,110,184
6,185,23,111,184
6,185,24,112,183
6,185,25,114,183
6,185,26,114,182
6,185,27,115,181
6,185,28,116,181
6,185,29,118,179
6,185,30,120,179
6,185,31,121,178
6,185,32,122,179
6,185,33,123,178
6,185,34,127,178
6,185,35,128,177
6,185,36,128,176
6,186,0,78,165
6,186,1,75,168
6,186,2,75,178
6,186,3,76,179
6,186,4,76,181
6,186,5,77,182
6,186,6,77,184
6,186,7,78,185
6,186,8,78,186
6,186,9,80,188
6,186,10,79,189
6,186,11,80,190
6,186,12,81,190
6,186,13,81,187
6,186,14,80,187
6,186,15,79,186
6,186,16,79,185
6,186,17,80,184
6,186,18,81,184
6,186,19,82,185
6,186,20,81,184
6,186,21,81,180
6,186,22,80,179
6,186,23,80,170
6,186,24,79,169
6,186,25,79,167
6,186,26,78,166
6,187,0,881,162
6,187,1,882,163
6,187,2,882,165
6,187,3,883,166
6,187,4,883,168
6,187,5,884,169
6,187,6,884,170
6,187,7,885,171
6,187,8,885,172
6,187,9,886,173
6,187,10,886,175
6,187,11,887,176
6,187,12,887,179
6,187,13,889,181
6,187,14,889,182
6,187,15,890,182
6,187,16,890,181
6,187,17,891,180
6,187,18,891,175
6,187,19,890,174
6,187,20,890,172
6,187,21,889,171
6,187,22,889,170
6,187,23,888,169
6,187,24,888,167
6,187,25,887,166
6,187,26,887,165
6,187,27,886,164
6,187,28,885,164
6,187,29,883,162
6,188,0,1100,161
6,188,1,1097,161
6,188,2,1093,165
6,188,3,1093,166
6,188,4,1091,168
6,188,5,1091,170
6,188,6,1092,170
6,188,7,1096,174
6,188,8,1096,176
6,188,9,1095,177
6,188,10,1095,180
6,188,11,1094,181
6,188,12,1094,196
6,188,13,1095,197
6,188,14,1095,234
6,188,15,1094,235
6,188,16,1094,246
6,188,17,1093,247
6,188,18,1093,248
6,188,19,1094,248
6,188,20,1095,249
6,188,21,1098,246
6,188,22,1098,245
6,188,23,1099,244
6,188,24,1099,236
6,188,25,1100,235
6,188,26,1100,196
6,188,27,1099,195
6,188,28,1099,180
6,188,29,1100,179
6,188,30,1100,177
6,188,31,1101,176
6,188,32,1102,173
6,188,33,1107,167
6,188,34,1107,166
6,188,35,1106,165
6,188,36,1103,164
6,189,0,1495,143
6,189,1,1493,143
6,189,2,1489,147
6,189,3,1488,147
6,189,4,1481,154
6,189,5,1481,155
6,189,6,1472,164
6,189,7,1471,164
6,189,8,1454,181
6,189,9,1453,181
6,189,10,1445,189
6,189,11,1445,191
6,189,12,1447,191
6,189,13,1451,187
6,189,14,1452,187
6,189,15,1469,170
6,189,16,1470,170
6,189,17,1488,152
6,189,18,1488,151
6,189,19,1490,149
6,189,20,1491,149
6,189,21,1494,146
6,189,22,1494,145
6,189,23,1495,144
6,190,0,1203,127
6,190,1,1202,126
6,190,2,1200,126
6,190,3,1194,129
6,190,4,1192,128
6,190,5,1191,129
6,190,6,1189,129
6,190,7,1184,132
6,190,8,1177,138
6,190,9,1173,139
6,190,10,1168,144
6,190,11,1164,146
6,190,12,1159,147
6,190,13,1145,154
6,190,14,1142,154
6,190,15,1141,155
6,190,16,1127,154
6,190,17,1126,155
6,190,18,1121,155
6,190,19,1120,156
6,190,20,1118,155
6,190,21,1117,156
6,190,22,1115,156
6,190,23,1114,157
6,190,24,1110,158
6,190,25,1109,156
6,190,26,1113,151
6,190,27,1113,149
6,190,28,1111,148
6,190,29,1109,149
6,190,30,1104,154
6,190,31,1104,156
6,190,32,1106,158
6,190,33,1107,157
6,190,34,1109,157
6,190,35,1111,159
6,190,36,1110,160
6,190,37,1110,163
6,190,38,1116,162
6,190,39,1117,161
6,190,40,1119,161
6,190,41,1121,159
6,190,42,1125,159
6,190,43,1126,158
6,190,44,1133,158
6,190,45,1136,160
6,190,46,1138,160
6,190,47,1140,158
6,190,48,1148,158
6,190,49,1150,156
6,190,50,1152,156
6,190,51,1155,154
6,190,52,1157,154
6,190,53,1159,152
6,190,54,1164,150
6,190,55,1169,146
6,190,56,1173,145
6,190,57,1173,144
6,190,58,1175,143
6,190,59,1180,138
6,190,60,1184,138
6,190,61,1185,137
6,190,62,1187,137
6,190,63,1189,135
6,190,64,1196,132
6,190,65,1198,130
6,190,66,1202,130
6,190,67,1203,129
6,191,0,712,124
6,191,1,710,124
6,191,2,709,125
6,191,3,708,125
6,191,4,707,126
6,191,5,707,127
6,191,6,706,128
6,191,7,706,147
6,191,8,708,149
6,191,9,710,149
6,191,10,711,148
6,191,11,711,128
6,191,12,712,127
6,192,0,1206,118
6,192,1,1205,119
6,192,2,1205,121
6,192,3,1207,123
6,192,4,1207,125
6,192,5,1206,126
6,192,6,1209,129
6,192,7,1211,129
6,192,8,1212,130
6,192,9,1214,130
6,192,10,1217,132
6,192,11,1223,132
6,192,12,1226,134
6,192,13,1226,136
6,192,14,1227,137
6,192,15,1227,142
6,192,16,1229,144
6,192,17,1229,145
6,192,18,1230,146
6,192,19,1230,148
6,192,20,1231,149
6,192,21,1231,150
6,192,22,1232,151
6,192,23,1232,152
6,192,24,1233,153
6,192,25,1233,154
6,192,26,1235,157
6,192,27,1235,159
6,192,28,1234,160
6,192,29,1234,170
6,192,30,1236,172
6,192,31,1237,172
6,192,32,1239,170
6,192,33,1239,165
6,192,34,1238,164
6,192,35,1238,159
6,192,36,1239,158
6,192,37,1240,158
6,192,38,1242,156
6,192,39,1242,155
6,192,40,1240,153
6,192,41,1240,152
6,192,42,1238,150
6,192,43,1238,149
6,192,44,1236,147
6,192,45,1236,146
6,192,46,1234,144
6,192,47,1234,143
6,192,48,1233,142
6,192,49,1233,141
6,192,50,1231,138
6,192,51,1231,136
6,192,52,1230,135
6,192,53,1230,134
6,192,54,1229,133
6,192,55,1229,132
6,192,56,1227,130
6,192,57,1227,129
6,192,58,1224,126
6,192,59,1220,126
6,192,60,1218,124
6,192,61,1217,124
6,192,62,1215,122
6,192,63,1215,121
6,192,64,1214,121
6,192,65,1212,119
6,192,66,1210,119
6,192,67,1209,118
6,193,0,88,115
6,193,1,88,117
6,193,2,89,118
6,193,3,89,119
6,193,4,90,120
6,193,5,90,121
6,193,6,91,122
6,193,7,91,124
6,193,8,93,126
6,193,9,93,127
6,193,10,94,128
6,193,11,94,129
6,193,12,95,130
6,193,13,95,131
6,193,14,96,132
6,193,15,96,133
6,193,16,97,134
6,193,17,97,135
6,193,18,99,137
6,193,19,99,138
6,193,20,100,139
6,193,21,100,140
6,193,22,101,141
6,193,23,101,142
6,193,24,102,143
6,193,25,102,148
6,193,26,100,150
6,193,27,99,150
6,193,28,98,151
6,193,29,97,151
6,193,30,95,153
6,193,31,95,155
6,193,32,98,155
6,193,33,99,154
6,193,34,100,154
6,193,35,101,153
6,193,36,101,152
6,193,37,102,151
6,193,38,105,151
6,193,39,106,150
6,193,40,105,150
6,193,41,104,149
6,193,42,104,148
6,193,43,106,146
6,193,44,107,146
6,193,45,108,147
6,193,46,108,146
6,193,47,102,140
6,193,48,102,139
6,193,49,100,137
6,193,50,100,136
6,193,51,99,135
6,193,52,99,134
6,193,53,97,132
6,193,54,97,131
6,193,55,96,130
6,193,56,96,129
6,193,57,95,128
6,193,58,95,127
6,193,59,94,126
6,193,60,94,124
6,193,61,93,123
6,193,62,93,122
6,193,63,92,121
6,193,64,92,120
6,193,65,91,119
6,193,66,91,118
6,193,67,90,117
6,193,68,90,116
6,193,69,89,115
6,194,0,1455,96
6,194,1,1420,100
6,194,2,1390,94
6,194,3,1384,89
6,194,4,1367,96
6,194,5,1333,125
6,194,6,1331,133
6,194,7,1298,167
6,194,8,1283,173
6,194,9,1268,173
6,194,10,1253,167
6,194,11,1255,176
6,194,12,1245,186
6,194,13,1237,179
6,194,14,1232,196
6,194,15,1116,268
6,194,16,1100,285
6,194,17,1094,284
6,194,18,1092,291
6,194,19,1099,306
6,194,20,1090,309
6,194,21,1110,327
6,194,22,1117,343
6,194,23,1114,368
6,194,24,1102,379
6,194,25,1088,383
6,194,26,1082,389
6,194,27,1094,391
6,194,28,1109,381
6,194,29,1119,368
6,194,30,1121,349
6,194,31,1127,345
6,194,32,1127,341
6,194,33,1124,344
6,194,34,1114,336
6,194,35,1117,332
6,194,36,1123,335
6,194,37,1099,296
6,194,38,1099,291
6,194,39,1120,271
6,194,40,1232,201
6,194,41,1236,203
6,194,42,1238,195
6,194,43,1242,198
6,194,44,1242,205
6,194,45,1243,194
6,194,46,1263,178
6,194,47,1301,175
6,194,48,1301,168
6,194,49,1306,164
6,194,50,1310,168
6,194,51,1344,122
6,194,52,1366,103
6,194,53,1398,99
6,194,54,1422,105
6,194,55,1441,105
6,195,0,781,91
6,195,1,781,94
6,195,2,782,93
6,195,3,783,93
6,195,4,784,92
6,195,5,785,92
6,195,6,786,93
6,195,7,789,93
6,195,8,790,94
6,195,9,794,94
6,195,10,795,93
6,195,11,797,95
6,195,12,798,95
6,195,13,802,99
6,195,14,804,99
6,195,15,805,100
6,195,16,808,100
6,195,17,809,101
6,195,18,810,101
6,195,19,811,102
6,195,20,811,103
6,195,21,814,103
6,195,22,814,101
6,195,23,811,98
6,195,24,809,98
6,195,25,806,95
6,195,26,804,95
6,195,27,803,94
6,195,28,798,94
6,195,29,797,93
6,195,30,796,93
6,195,31,794,91
6,195,32,793,91
6,195,33,792,90
6,195,34,791,90
6,195,35,790,89
6,195,36,788,89
6,195,37,787,88
6,195,38,785,88
6,195,39,784,89
6,195,40,783,89
6,196,0,956,84
6,196,1,954,84
6,196,2,954,85
6,196,3,952,87
6,196,4,952,88
6,196,5,951,89
6,196,6,951,90
6,196,7,950,91
6,196,8,950,92
6,196,9,949,93
6,196,10,949,103
6,196,11,950,104
6,196,12,950,111
6,196,13,952,113
6,196,14,954,113
6,196,15,955,112
6,196,16,955,105
6,196,17,954,104
6,196,18,954,92
6,196,19,955,91
6,196,20,956,91
6,196,21,957,90
6,196,22,959,90
6,196,23,960,91
6,196,24,960,93
6,196,25,962,95
6,196,26,962,98
6,196,27,964,100
6,196,28,966,100
6,196,29,967,99
6,196,30,967,98
6,196,31,965,96
6,196,32,965,94
6,196,33,962,91
6,196,34,962,90
6,196,35,961,89
6,196,36,960,89
6,196,37,958,87
6,196,38,958,85
6,196,39,957,85
6,197,0,188,83
6,197,1,187,84
6,197,2,187,86
6,197,3,186,87
6,197,4,186,89
6,197,5,187,90
6,197,6,187,93
6,197,7,188,94
6,197,8,188,96
6,197,9,189,97
6,197,10,189,98
6,197,11,188,99
6,197,12,188,103
6,197,13,189,104
6,197,14,190,103
6,197,15,191,103
6,197,16,193,101
6,197,17,193,98
6,197,18,194,97
6,197,19,193,96
6,197,20,193,93
6,197,21,193,97
6,197,22,192,98
6,197,23,191,98
6,197,24,190,97
6,197,25,190,94
6,197,26,188,92
6,197,27,189,91
6,197,28,192,91
6,197,29,192,89
6,197,30,191,88
6,197,31,191,87
6,197,32,188,84
6,198,0,91,79
6,198,1,74,82
6,198,2,66,91
6,198,3,72,123
6,198,4,61,140
6,198,5,53,144
6,198,6,46,142
6,198,7,38,149
6,198,8,12,157
6,198,9,5,153
6,198,10,0,163
6,198,11,0,361
6,198,12,3,364
6,198,13,0,368
6,198,14,0,588
6,198,15,4,592
6,198,16,0,607
6,198,17,4,611
6,198,18,4,167
6,198,19,12,158
6,198,20,54,146
6,198,21,70,135
6,198,22,74,125
6,198,23,70,95
6,198,24,74,83
6,198,25,86,83
6,198,26,92,92
6,198,27,102,91
6,198,28,113,104
6,198,29,139,109
6,198,30,114,101
6,198,31,95,88
6,199,0,1090,79
6,199,1,1090,82
6,199,2,1101,82
6,199,3,1102,83
6,199,4,1117,83
6,199,5,1118,84
6,199,6,1118,88
6,199,7,1116,90
6,199,8,1115,90
6,199,9,1114,89
6,199,10,1111,89
6,199,11,1110,88
6,199,12,1108,88
6,199,13,1106,90
6,199,14,1104,90
6,199,15,1103,91
6,199,16,1102,91
6,199,17,1102,93
6,199,18,1114,93
6,199,19,1117,90
6,199,20,1118,90
6,199,21,1119,89
6,199,22,1120,89
6,199,23,1122,87
6,199,24,1122,86
6,199,25,1119,83
6,199,26,1118,83
6,199,27,1115,80
6,199,28,1115,79
6,199,29,1112,79
6,199,30,1111,78
6,199,31,1097,78
6,199,32,1096,79
6,200,0,1051,77
6,200,1,1051,86
6,200,2,1053,88
6,200,3,1054,88
6,200,4,1056,90
6,200,5,1059,90
6,200,6,1060,91
6,200,7,1063,91
6,200,8,1064,90
6,200,9,1071,90
6,200,10,1072,89
6,200,11,1074,89
6,200,12,1077,86
6,200,13,1078,86
6,200,14,1078,85
6,200,15,1077,85
6,200,16,1076,84
6,200,17,1073,84
6,200,18,1072,85
6,200,19,1059,85
6,200,20,1055,81
6,200,21,1055,77
6,200,22,1056,76
6,200,23,1056,74
6,200,24,1055,75
6,200,25,1054,75
6,200,26,1053,76
6,200,27,1052,76
6,201,0,1242,51
6,201,1,1238,55
6,201,2,1238,60
6,201,3,1239,61
6,201,4,1238,62
6,201,5,1238,65
6,201,6,1237,66
6,201,7,1239,68
6,201,8,1241,68
6,201,9,1242,67
6,201,10,1242,66
6,201,11,1243,65
6,201,12,1243,58
6,201,13,1244,57
6,201,14,1244,56
6,201,15,1245,55
6,201,16,1245,54
6,201,17,1246,53
6,201,18,1247,53
6,201,19,1248,52
6,201,20,1249,52
6,201,21,1251,54
6,201,22,1251,55
6,201,23,1252,56
6,201,24,1252,57
6,201,25,1253,58
6,201,26,1253,65
6,201,27,1249,69
6,201,28,1248,69
6,201,29,1247,70
6,201,30,1244,70
6,201,31,1244,73
6,201,32,1247,76
6,201,33,1248,76
6,201,34,1249,77
6,201,35,1250,77
6,201,36,1252,79
6,201,37,1254,79
6,201,38,1255,80
6,201,39,1257,78
6,201,40,1257,77
6,201,41,1256,76
6,201,42,1256,75
6,201,43,1255,74
6,201,44,1255,72
6,201,45,1256,71
6,201,46,1256,70
6,201,47,1257,69
6,201,48,1257,68
6,201,49,1258,67
6,201,50,1258,66
6,201,51,1259,65
6,201,52,1259,56
6,201,53,1257,54
6,201,54,1257,53
6,201,55,1254,50
6,201,56,1253,50
6,201,57,1252,49
6,201,58,1250,51
6,201,59,1247,51
6,201,60,1246,52
6,201,61,1245,51
6,202,0,2069,48
6,202,1,2068,48
6,202,2,2066,50
6,202,3,2066,53
6,202,4,2065,54
6,202,5,2065,57
6,202,6,2063,59
6,202,7,2063,62
6,202,8,2062,63
6,202,9,2062,66
6,202,10,2061,67
6,202,11,2061,69
6,202,12,2060,70
6,202,13,2060,72
6,202,14,2059,73
6,202,15,2059,76
6,202,16,2058,77
6,202,17,2058,79
6,202,18,2057,80
6,202,19,2057,83
6,202,20,2056,84
6,202,21,2056,86
6,202,22,2055,87
6,202,23,2055,91
6,202,24,2054,92
6,202,25,2055,93
6,202,26,2055,95
6,202,27,2055,94
6,202,28,2057,92
6,202,29,2057,91
6,202,30,2058,90
6,202,31,2058,89
6,202,32,2059,88
6,202,33,2059,87
6,202,34,2060,86
6,202,35,2060,85
6,202,36,2061,84
6,202,37,2061,83
6,202,38,2062,82
6,202,39,2062,81
6,202,40,2063,80
6,202,41,2063,78
6,202,42,2064,77
6,202,43,2064,69
6,202,44,2065,68
6,202,45,2065,62
6,202,46,2069,58
6,202,47,2070,58
6,202,48,2069,58
6,202,49,2068,57
6,202,50,2068,56
6,202,51,2067,55
6,202,52,2067,53
6,202,53,2068,52
6,202,54,2068,51
6,202,55,2070,49
6,202,56,2071,49
6,202,57,2073,51
6,202,58,2071,49
6,202,59,2070,49
6,203,0,1518,49
6,203,1,1516,47
6,203,2,1515,47
6,203,3,1511,51
6,203,4,1510,51
6,203,5,1510,52
6,203,6,1509,53
6,203,7,1508,53
6,203,8,1508,54
6,203,9,1505,58
6,203,10,1505,59
6,203,11,1497,65
6,203,12,1494,66
6,203,13,1485,75
6,203,14,1485,76
6,203,15,1483,78
6,203,16,1482,78
6,203,17,1478,81
6,203,18,1477,81
6,203,19,1476,82
6,203,20,1474,82
6,203,21,1473,83
6,203,22,1464,83
6,203,23,1463,84
6,203,24,1462,84
6,203,25,1460,87
6,203,26,1460,89
6,203,27,1458,92
6,203,28,1458,94
6,203,29,1460,94
6,203,30,1461,95
6,203,31,1462,95
6,203,32,1463,94
6,203,33,1466,93
6,203,34,1468,91
6,203,35,1471,90
6,203,36,1477,85
6,203,37,1478,85
6,203,38,1481,83
6,203,39,1483,83
6,203,40,1485,81
6,203,41,1486,81
6,203,42,1491,76
6,203,43,1496,74
6,203,44,1495,74
6,203,45,1492,70
6,203,46,1493,69
6,203,47,1493,68
6,203,48,1496,65
6,203,49,1497,65
6,203,50,1498,64
6,203,51,1503,64
6,203,52,1505,66
6,203,53,1505,68
6,203,54,1502,71
6,203,55,1509,64
6,203,56,1510,64
6,203,57,1511,65
6,203,58,1513,65
6,203,59,1512,65
6,203,60,1510,63
6,203,61,1510,62
6,203,62,1513,59
6,203,63,1514,59
6,203,64,1517,57
6,203,65,1519,57
6,203,66,1515,57
6,203,67,1514,56
6,203,68,1514,54
6,203,69,1518,50
6,204,0,1052,43
6,204,1,1052,44
6,204,2,1051,45
6,204,3,1051,46
6,204,4,1052,47
6,204,5,1052,50
6,204,6,1053,51
6,204,7,1053,52
6,204,8,1054,53
6,204,9,1054,55
6,204,10,1057,58
6,204,11,1057,59
6,204,12,1058,60
6,204,13,1058,61
6,204,14,1059,62
6,204,15,1059,67
6,204,16,1060,67
6,204,17,1060,66
6,204,18,1061,65
6,204,19,1061,64
6,204,20,1062,63
6,204,21,1061,62
6,204,22,1061,59
6,204,23,1060,58
6,204,24,1060,54
6,204,25,1059,53
6,204,26,1059,52
6,204,27,1058,51
6,204,28,1058,50
6,204,29,1056,48
6,204,30,1056,47
6,204,31,1055,46
6,204,32,1055,45
6,204,33,1054,44
6,204,34,1053,44
6,205,0,375,43
6,205,1,377,43
6,205,2,377,42
6,205,3,380,39
6,205,4,380,38
6,205,5,383,35
6,205,6,388,35
6,205,7,389,36
6,205,8,401,36
6,205,9,402,35
6,205,10,403,35
6,205,11,403,32
6,205,12,402,32
6,205,13,401,31
6,205,14,385,31
6,205,15,384,32
6,205,16,383,32
6,205,17,380,35
6,205,18,379,35
6,205,19,376,38
6,205,20,376,39
6,205,21,375,40
6,206,0,282,28
6,206,1,278,28
6,206,2,277,29
6,206,3,275,29
6,206,4,274,30
6,206,5,273,30
6,206,6,272,31
6,206,7,271,31
6,206,8,269,33
6,206,9,269,38
6,206,10,270,39
6,206,11,270,49
6,206,12,271,50
6,206,13,272,50
6,206,14,273,51
6,206,15,275,49
6,206,16,274,48
6,206,17,274,47
6,206,18,273,46
6,206,19,274,45
6,206,20,274,37
6,206,21,275,36
6,206,22,275,35
6,206,23,277,33
6,206,24,278,33
6,206,25,279,32
6,206,26,281,32
6,206,27,282,33
6,206,28,283,32
6,206,29,283,31
6,206,30,282,30
6,207,0,1624,34
6,207,1,1622,36
6,207,2,1612,36
6,207,3,1609,41
6,207,4,1594,41
6,207,5,1579,35
6,207,6,1563,25
6,207,7,1555,25
6,207,8,1543,29
6,207,9,1526,38
6,207,10,1525,41
6,207,11,1528,42
6,207,12,1548,32
6,207,13,1560,30
6,207,14,1567,32
6,207,15,1582,42
6,207,16,1586,42
6,207,17,1596,47
6,207,18,1598,51
6,207,19,1582,61
6,207,20,1560,79
6,207,21,1552,79
6,207,22,1549,88
6,207,23,1539,96
6,207,24,1525,112
6,207,25,1518,116
6,207,26,1503,131
6,207,27,1499,138
6,207,28,1501,138
6,207,29,1531,107
6,207,30,1537,103
6,207,31,1552,88
6,207,32,1555,88
6,207,33,1569,74
6,207,34,1595,55
6,207,35,1607,49
6,207,36,1605,47
6,207,37,1607,44
6,207,38,1609,44
6,207,39,1610,46
6,207,40,1618,42
6,208,0,181,16
6,208,1,178,17
6,208,2,175,21
6,208,3,176,27
6,208,4,171,31
6,208,5,166,31
6,208,6,162,29
6,208,7,152,20
6,208,8,154,26
6,208,9,158,26
6,208,10,163,32
6,208,11,167,34
6,208,12,167,37
6,208,13,165,39
6,208,14,163,39
6,208,15,162,41
6,208,16,162,45
6,208,17,164,50
6,208,18,161,54
6,208,19,152,59
6,208,20,149,58
6,208,21,146,59
6,208,22,140,64
6,208,23,135,63
6,208,24,129,70
6,208,25,129,74
6,208,26,133,81
6,208,27,138,81
6,208,28,146,85
6,208,29,155,93
6,208,30,153,99
6,208,31,154,104
6,208,32,151,107
6,208,33,145,109
6,208,34,153,109
6,208,35,158,107
6,208,36,162,103
6,208,37,162,98
6,208,38,156,94
6,208,39,153,89
6,208,40,149,86
6,208,41,142,83
6,208,42,129,73
6,208,43,129,70
6,208,44,132,67
6,208,45,141,65
6,208,46,148,60
6,208,47,152,61
6,208,48,158,59
6,208,49,167,50
6,208,50,166,41
6,208,51,172,35
6,208,52,175,34
6,208,53,185,40
6,208,54,202,30
6,208,55,201,28
6,208,56,192,27
6,208,57,189,24
6,208,58,185,25
6,208,59,182,22
6,208,60,181,19
6,208,61,182,17
6,209,0,422,15
6,209,1,416,15
6,209,2,415,16
6,209,3,414,16
6,209,4,411,19
6,209,5,410,19
6,209,6,408,21
6,209,7,408,24
6,209,8,407,25
6,209,9,408,26
6,209,10,408,27
6,209,11,410,27
6,209,12,412,25
6,209,13,412,22
6,209,14,415,19
6,209,15,423,19
6,209,16,422,19
6,209,17,420,17
6,210,0,1589,13
6,210,1,1589,14
6,210,2,1591,16
6,210,3,1592,16
6,210,4,1599,23
6,210,5,1600,23
6,210,6,1607,30
6,210,7,1608,30
6,210,8,1609,31
6,210,9,1609,32
6,210,10,1610,33
6,210,11,1610,34
6,210,12,1611,34
6,210,13,1611,33
6,210,14,1606,28
6,210,15,1606,27
6,210,16,1603,24
6,210,17,1602,24
6,210,18,1599,21
6,210,19,1599,20
6,210,20,1598,20
6,210,21,1596,18
6,210,22,1595,18
6,210,23,1591,14
6,210,24,1590,14
6,211,0,1657,0
6,211,1,1653,0
6,211,2,1653,1
6,211,3,1652,2
6,211,4,1652,3
6,211,5,1650,5
6,211,6,1650,7
6,211,7,1649,8
6,211,8,1649,10
6,211,9,1648,11
6,211,10,1648,12
6,211,11,1644,16
6,211,12,1643,16
6,211,13,1642,17
6,211,14,1640,17
6,211,15,1639,16
6,211,16,1638,16
6,211,17,1637,15
6,211,18,1636,15
6,211,19,1635,16
6,211,20,1634,16
6,211,21,1633,17
6,211,22,1633,18
6,211,23,1634,19
6,211,24,1634,21
6,211,25,1636,23
6,211,26,1637,23
6,211,27,1634,20
6,211,28,1634,18
6,211,29,1635,17
6,211,30,1639,17
6,211,31,1640,18
6,211,32,1641,18
6,211,33,1642,17
6,211,34,1643,17
6,211,35,1645,15
6,211,36,1647,15
6,211,37,1649,17
6,211,38,1649,19
6,211,39,1651,17
6,211,40,1651,16
6,211,41,1652,15
6,211,42,1652,14
6,211,43,1653,13
6,211,44,1653,10
6,211,45,1654,9
6,211,46,1654,6
6,211,47,1655,5
6,211,48,1655,4
6,211,49,1656,3
6,211,50,1656,2
6,211,51,1657,1
6,212,0,188,12
6,212,1,188,17
6,212,2,189,18
6,212,3,189,20
6,212,4,190,20
6,212,5,192,22
6,212,6,193,21
6,212,7,197,21
6,212,8,198,22
6,212,9,199,22
6,212,10,201,20
6,212,11,201,19
6,212,12,200,18
6,212,13,200,17
6,212,14,198,15
6,212,15,200,13
6,212,16,201,13
6,212,17,203,15
6,212,18,204,15
6,212,19,205,16
6,212,20,207,16
6,212,21,208,17
6,212,22,207,18
6,212,23,207,19
6,212,24,209,21
6,212,25,209,22
6,212,26,210,23
6,212,27,213,23
6,212,28,214,22
6,212,29,216,22
6,212,30,217,21
6,212,31,217,20
6,212,32,220,17
6,212,33,220,15
6,212,34,219,15
6,212,35,218,14
6,212,36,219,13
6,212,37,219,12
6,212,38,218,11
6,212,39,218,8
6,212,40,216,6
6,212,41,214,6
6,212,42,213,7
6,212,43,213,10
6,212,44,214,11
6,212,45,214,12
6,212,46,216,14
6,212,47,216,16
6,212,48,215,17
6,212,49,209,17
6,212,50,208,16
6,212,51,208,13
6,212,52,207,12
6,212,53,208,11
6,212,54,206,9
6,212,55,206,7
6,212,56,207,6
6,212,57,208,6
6,212,58,210,4
6,212,59,211,4
6,212,60,211,2
6,212,61,212,1
6,212,62,212,0
6,212,63,203,0
6,212,64,203,3
6,212,65,202,4
6,212,66,202,5
6,212,67,200,8
6,212,68,196,8
6,212,69,195,7
6,212,70,194,8
6,212,71,192,8
6,213,0,135,0
6,213,1,136,1
6,213,2,137,1
6,213,3,138,2
6,213,4,139,2
6,213,5,140,3
6,213,6,143,3
6,213,7,146,6
6,213,8,146,11
6,213,9,147,12
6,213,10,147,13
6,213,11,148,14
6,213,12,148,15
6,213,13,149,16
6,213,14,149,15
6,213,15,148,14
6,213,16,148,5
6,213,17,152,1
6,213,18,152,0
6,214,0,0,111
6,214,1,3,111
6,214,2,4,115
6,214,3,12,113
6,214,4,19,108
6,214,5,22,112
6,214,6,21,110
6,214,7,24,108
6,214,8,34,108
6,214,9,32,106
6,214,10,23,107
6,214,11,16,100
6,214,12,31,90
6,214,13,36,90
6,214,14,37,81
6,214,15,42,79
6,214,16,42,73
6,214,17,49,70
6,214,18,55,60
6,214,19,61,63
6,214,20,64,62
6,214,21,70,48
6,214,22,77,39
6,214,23,92,27
6,214,24,96,26
6,214,25,98,28
6,214,26,102,20
6,214,27,112,17
6,214,28,111,13
6,214,29,115,14
6,214,30,115,18
6,214,31,117,11
6,214,32,122,6
6,214,33,120,0
6,214,34,109,7
6,214,35,103,8
6,214,36,99,22
6,214,37,96,19
6,214,38,98,16
6,214,39,91,14
6,214,40,88,15
6,214,41,89,19
6,214,42,86,22
6,214,43,82,22
6,214,44,60,34
6,214,45,54,26
6,214,46,52,16
6,214,47,60,9
6,214,48,72,10
6,214,49,77,13
6,214,50,83,13
6,214,51,84,10
6,214,52,79,7
6,214,53,71,7
6,214,54,68,4
6,214,55,69,0
6,214,56,66,2
6,214,57,64,0
6,214,58,52,0
6,214,59,50,3
6,214,60,45,3
6,214,61,43,0
6,214,62,35,0
6,214,63,33,2
6,214,64,31,0
6,214,65,17,0
6,214,66,16,3
6,214,67,14,0
6,214,68,7,0
6,214,69,7,5
6,214,70,4,4
6,214,71,4,9
6,214,72,11,14
6,214,73,11,17
6,214,74,6,20
6,214,75,1,16
6,214,76,0,31
6,214,77,3,32
6,214,78,0,34
6,214,79,0,65
6,214,80,5,69
6,214,81,5,76
6,214,82,0,80
6,214,83,0,85
6,214,84,5,89
6,214,85,8,86
6,214,86,18,91
6,214,87,21,90
6,214,88,22,93
6,214,89,8,104
6,214,90,4,93
6,214,91,0,96
6,214,92,0,101
6,214,93,4,103
7,0,0,1043,1431
7,0,1,1042,1430
7,0,2,1041,1430
7,0,3,1040,1431
7,0,4,1038,1431
7,0,5,1037,1432
7,0,6,1033,1432
7,0,7,1032,1431
7,0,8,1031,1432
7,0,9,1028,1432
7,0,10,1027,1433
7,0,11,1021,1433
7,0,12,1020,1432
7,0,13,1017,1432
7,0,14,1016,1433
7,0,15,1016,1435
7,0,16,1017,1435
7,0,17,1018,1436
7,0,18,1020,1436
7,0,19,1021,1437
7,0,20,1023,1437
7,0,21,1024,1438
7,0,22,1026,1438
7,0,23,1027,1437
7,0,24,1028,1437
7,0,25,1029,1436
7,0,26,1031,1436
7,0,27,1032,1435
7,0,28,1039,1435
7,0,29,1040,1434
7,0,30,1042,1434
7,0,31,1043,1433
7,1,0,1140,1419
7,1,1,1139,1420
7,1,2,1139,1421
7,1,3,1140,1422
7,1,4,1140,1423
7,1,5,1144,1427
7,1,6,1144,1428
7,1,7,1147,1431
7,1,8,1147,1432
7,1,9,1145,1434
7,1,10,1144,1434
7,1,11,1147,1434
7,1,12,1148,1435
7,1,13,1149,1435
7,1,14,1152,1438
7,1,15,1153,1438
7,1,16,1154,1439
7,1,17,1155,1438
7,1,18,1156,1438
7,1,19,1156,1437
7,1,20,1155,1436
7,1,21,1155,1434
7,1,22,1154,1433
7,1,23,1154,1432
7,1,24,1153,1431
7,1,25,1153,1429
7,1,26,1154,1428
7,1,27,1153,1428
7,1,28,1152,1427
7,1,29,1151,1427
7,1,30,1150,1426
7,1,31,1149,1426
7,1,32,1148,1425
7,1,33,1148,1424
7,1,34,1146,1422
7,1,35,1145,1422
7,1,36,1142,1419
7,2,0,1021,1401
7,2,1,1021,1402
7,2,2,1025,1406
7,2,3,1026,1406
7,2,4,1027,1407
7,2,5,1034,1407
7,2,6,1035,1408
7,2,7,1044,1408
7,2,8,1045,1407
7,2,9,1047,1407
7,2,10,1049,1405
7,2,11,1049,1404
7,2,12,1048,1403
7,2,13,1043,1403
7,2,14,1042,1404
7,2,15,1040,1404
7,2,16,1039,1403
7,2,17,1038,1403
7,2,18,1037,1404
7,2,19,1034,1404
7,2,20,1033,1405
7,2,21,1032,1405
7,2,22,1031,1404
7,2,23,1030,1404
7,2,24,1028,1402
7,2,25,1027,1402
7,2,26,1026,1401
7,2,27,1025,1401
7,2,28,1024,1400
7,2,29,1022,1400
7,3,0,5,1222
7,3,1,3,1222
7,3,2,2,1223
7,3,3,0,1223
7,3,4,0,1242
7,3,5,2,1242
7,3,6,4,1244
7,3,7,4,1245
7,3,8,4,1244
7,3,9,6,1242
7,3,10,7,1242
7,3,11,5,1240
7,3,12,5,1239
7,3,13,4,1238
7,3,14,4,1234
7,3,15,3,1233
7,3,16,3,1231
7,3,17,4,1230
7,3,18,4,1229
7,3,19,8,1225
7,3,20,8,1224
7,3,21,7,1223
7,3,22,6,1223
7,4,0,431,1192
7,4,1,429,1190
7,4,2,427,1192
7,4,3,427,1193
7,4,4,426,1194
7,4,5,426,1195
7,4,6,423,1198
7,4,7,420,1198
7,4,8,417,1195
7,4,9,416,1195
7,4,10,415,1194
7,4,11,414,1195
7,4,12,413,1195
7,4,13,412,1196
7,4,14,412,1198
7,4,15,418,1204
7,4,16,423,1204
7,4,17,425,1202
7,4,18,426,1202
7,4,19,427,1201
7,4,20,428,1201
7,4,21,428,1200
7,4,22,429,1199
7,4,23,429,1198
7,4,24,430,1197
7,4,25,430,1195
7,4,26,431,1194
7,5,0,1582,1176
7,5,1,1583,1177
7,5,2,1583,1178
7,5,3,1582,1179
7,5,4,1583,1180
7,5,5,1588,1180
7,5,6,1590,1182
7,5,7,1590,1183
7,5,8,1591,1184
7,5,9,1591,1185
7,5,10,1595,1189
7,5,11,1597,1189
7,5,12,1598,1188
7,5,13,1598,1184
7,5,14,1597,1183
7,5,15,1597,1181
7,5,16,1596,1180
7,5,17,1596,1179
7,5,18,1597,1178
7,5,19,1597,1177
7,5,20,1596,1176
7,5,21,1595,1176
7,5,22,1592,1179
7,5,23,1591,1178
7,5,24,1588,1178
7,5,25,1585,1175
7,5,26,1583,1175
7,6,0,286,1130
7,6,1,285,1131
7,6,2,285,1135
7,6,3,289,1139
7,6,4,289,1140
7,6,5,291,1142
7,6,6,290,1143
7,6,7,290,1145
7,6,8,289,1146
7,6,9,290,1145
7,6,10,291,1145
7,6,11,292,1144
7,6,12,293,1145
7,6,13,294,1145
7,6,14,294,1141
7,6,15,292,1139
7,6,16,292,1137
7,6,17,291,1136
7,6,18,295,1132
7,6,19,293,1134
7,6,20,292,1134
7,6,21,291,1133
7,6,22,290,1133
7,6,23,287,1130
7,7,0,445,1109
7,7,1,445,1110
7,7,2,447,1112
7,7,3,449,1112
7,7,4,447,1110
7,7,5,447,1108
7,7,6,449,1106
7,7,7,451,1106
7,7,8,454,1109
7,7,9,454,1111
7,7,10,452,1113
7,7,11,453,1114
7,7,12,455,1114
7,7,13,457,1112
7,7,14,458,1112
7,7,15,458,1110
7,7,16,457,1110
7,7,17,453,1106
7,7,18,448,1106
7,7,19,447,1107
7,7,20,446,1107
7,7,21,446,1108
7,8,0,402,1096
7,8,1,400,1096
7,8,2,399,1097
7,8,3,399,1098
7,8,4,396,1101
7,8,5,396,1102
7,8,6,390,1108
7,8,7,386,1108
7,8,8,384,1110
7,8,9,384,1111
7,8,10,387,1114
7,8,11,388,1114
7,8,12,391,1117
7,8,13,391,1118
7,8,14,392,1118
7,8,15,395,1115
7,8,16,395,1113
7,8,17,396,1112
7,8,18,396,1109
7,8,19,397,1108
7,8,20,397,1107
7,8,21,400,1104
7,8,22,400,1103
7,8,23,402,1101
7,9,0,472,1091
7,9,1,470,1091
7,9,2,467,1094
7,9,3,467,1095
7,9,4,465,1097
7,9,5,465,1099
7,9,6,464,1100
7,9,7,464,1104
7,9,8,463,1105
7,9,9,463,1107
7,9,10,467,1107
7,9,11,466,1107
7,9,12,464,1105
7,9,13,467,1102
7,9,14,468,1102
7,9,15,469,1101
7,9,16,471,1101
7,9,17,474,1104
7,9,18,474,1102
7,9,19,472,1102
7,9,20,470,1100
7,9,21,470,1097
7,9,22,473,1094
7,9,23,473,1092
7,10,0,431,1069
7,10,1,430,1070
7,10,2,427,1070
7,10,3,426,1071
7,10,4,423,1071
7,10,5,422,1072
7,10,6,421,1072
7,10,7,420,1071
7,10,8,418,1071
7,10,9,418,1075
7,10,10,419,1076
7,10,11,421,1076
7,10,12,422,1077
7,10,13,423,1077
7,10,14,424,1078
7,10,15,425,1078
7,10,16,426,1079
7,10,17,426,1083
7,10,18,425,1084
7,10,19,425,1085
7,10,20,424,1086
7,10,21,424,1087
7,10,22,427,1090
7,10,23,429,1090
7,10,24,431,1088
7,10,25,432,1088
7,10,26,433,1087
7,10,27,434,1087
7,10,28,435,1086
7,10,29,436,1086
7,10,30,438,1084
7,10,31,438,1080
7,10,32,436,1080
7,10,33,435,1079
7,10,34,434,1079
7,10,35,436,1081
7,10,36,436,1082
7,10,37,433,1085
7,10,38,432,1085
7,10,39,431,1084
7,10,40,430,1084
7,10,41,428,1082
7,10,42,428,1081
7,10,43,431,1078
7,10,44,432,1078
7,10,45,431,1077
7,10,46,431,1076
7,10,47,430,1075
7,10,48,430,1074
7,10,49,431,1073
7,10,50,431,1072
7,10,51,432,1071
7,10,52,432,1070
7,11,0,1270,982
7,11,1,1269,981
7,11,2,1268,981
7,11,3,1267,982
7,11,4,1265,982
7,11,5,1264,983
7,11,6,1262,983
7,11,7,1259,986
7,11,8,1259,987
7,11,9,1260,988
7,11,10,1261,988
7,11,11,1262,989
7,11,12,1263,988
7,11,13,1265,988
7,11,14,1266,987
7,11,15,1267,987
7,11,16,1268,986
7,11,17,1269,986
7,11,18,1270,985
7,11,19,1269,986
7,11,20,1268,986
7,11,21,1267,987
7,11,22,1263,987
7,11,23,1262,988
7,11,24,1260,986
7,11,25,1262,984
7,11,26,1264,984
7,11,27,1266,982
7,11,28,1267,982
7,11,29,1268,981
7,11,30,1269,981
7,12,0,478,968
7,12,1,477,969
7,12,2,477,974
7,12,3,478,975
7,12,4,478,977
7,12,5,479,978
7,12,6,479,980
7,12,7,480,981
7,12,8,480,983
7,12,9,482,985
7,12,10,480,987
7,12,11,482,989
7,12,12,483,989
7,12,13,484,990
7,12,14,484,989
7,12,15,485,988
7,12,16,485,987
7,12,17,486,986
7,12,18,486,985
7,12,19,487,984
7,12,20,486,983
7,12,21,485,984
7,12,22,483,982
7,12,23,483,978
7,12,24,482,977
7,12,25,482,973
7,12,26,481,972
7,12,27,481,970
7,12,28,479,968
7,13,0,1961,923
7,13,1,1961,924
7,13,2,1963,926
7,13,3,1964,926
7,13,4,1967,929
7,13,5,1967,930
7,13,6,1968,930
7,13,7,1969,931
7,13,8,1971,931
7,13,9,1972,930
7,13,10,1975,933
7,13,11,1976,933
7,13,12,1978,935
7,13,13,1980,935
7,13,14,1981,936
7,13,15,1983,936
7,13,16,1983,933
7,13,17,1979,929
7,13,18,1977,929
7,13,19,1976,930
7,13,20,1973,930
7,13,21,1971,928
7,13,22,1971,927
7,13,23,1969,925
7,13,24,1968,925
7,13,25,1966,923
7,13,26,1965,923
7,13,27,1964,922
7,13,28,1962,922
7,14,0,679,910
7,14,1,679,912
7,14,2,680,912
7,14,3,682,914
7,14,4,682,915
7,14,5,685,918
7,14,6,685,923
7,14,7,686,924
7,14,8,686,925
7,14,9,688,925
7,14,10,690,923
7,14,11,690,921
7,14,12,691,920
7,14,13,691,919
7,14,14,692,918
7,14,15,692,917
7,14,16,693,916
7,14,17,693,914
7,14,18,690,911
7,14,19,688,911
7,14,20,687,912
7,14,21,686,912
7,14,22,685,911
7,14,23,683,911
7,14,24,682,910
7,15,0,2094,904
7,15,1,2094,915
7,15,2,2093,916
7,15,3,2093,922
7,15,4,2094,923
7,15,5,2094,947
7,15,6,2090,952
7,15,7,2087,952
7,15,8,2086,953
7,15,9,2083,953
7,15,10,2082,952
7,15,11,2080,952
7,15,12,2078,950
7,15,13,2078,944
7,15,14,2077,943
7,15,15,2077,941
7,15,16,2074,941
7,15,17,2072,944
7,15,18,2072,946
7,15,19,2073,946
7,15,20,2074,947
7,15,21,2074,949
7,15,22,2073,950
7,15,23,2075,952
7,15,24,2076,952
7,15,25,2077,953
7,15,26,2079,953
7,15,27,2080,954
7,15,28,2081,957
7,15,29,2082,957
7,15,30,2083,958
7,15,31,2089,958
7,15,32,2090,957
7,15,33,2092,959
7,15,34,2092,962
7,15,35,2095,965
7,15,36,2095,904
7,16,0,2095,841
7,16,1,2094,841
7,16,2,2094,893
7,16,3,2093,894
7,16,4,2092,894
7,16,5,2091,895
7,16,6,2092,895
7,16,7,2093,896
7,16,8,2095,896
7,17,0,1518,863
7,17,1,1519,863
7,17,2,1522,861
7,17,3,1524,861
7,17,4,1525,860
7,17,5,1527,860
7,17,6,1528,859
7,17,7,1529,859
7,17,8,1530,858
7,17,9,1531,858
7,17,10,1532,857
7,17,11,1533,857
7,17,12,1535,855
7,17,13,1536,855
7,17,14,1537,854
7,17,15,1538,854
7,17,16,1539,853
7,17,17,1540,853
7,17,18,1541,852
7,17,19,1542,852
7,17,20,1543,851
7,17,21,1544,851
7,17,22,1545,850
7,17,23,1546,850
7,17,24,1547,849
7,17,25,1548,849
7,17,26,1550,847
7,17,27,1552,847
7,17,28,1555,845
7,17,29,1556,846
7,17,30,1559,844
7,17,31,1561,844
7,17,32,1563,842
7,17,33,1564,842
7,17,34,1565,841
7,17,35,1565,840
7,17,36,1564,839
7,17,37,1562,839
7,17,38,1559,841
7,17,39,1557,841
7,17,40,1555,843
7,17,41,1553,843
7,17,42,1551,845
7,17,43,1550,845
7,17,44,1549,846
7,17,45,1547,846
7,17,46,1546,847
7,17,47,1542,847
7,17,48,1541,846
7,17,49,1540,846
7,17,50,1538,844
7,17,51,1538,842
7,17,52,1537,841
7,17,53,1537,839
7,17,54,1536,838
7,17,55,1536,836
7,17,56,1533,833
7,17,57,1531,833
7,17,58,1531,836
7,17,59,1533,838
7,17,60,1533,840
7,17,61,1534,841
7,17,62,1534,843
7,17,63,1536,845
7,17,64,1536,846
7,17,65,1537,847
7,17,66,1537,850
7,17,67,1534,853
7,17,68,1533,853
7,17,69,1532,854
7,17,70,1530,854
7,17,71,1529,855
7,17,72,1528,855
7,17,73,1527,856
7,17,74,1526,856
7,17,75,1525,857
7,17,76,1524,857
7,17,77,1521,859
7,17,78,1519,859
7,17,79,1518,860
7,18,0,756,828
7,18,1,757,828
7,18,2,758,829
7,18,3,762,829
7,18,4,762,827
7,18,5,763,826
7,18,6,765,826
7,18,7,766,825
7,18,8,767,825
7,18,9,768,826
7,18,10,766,828
7,18,11,766,829
7,18,12,769,829
7,18,13,770,828
7,18,14,771,828
7,18,15,772,827
7,18,16,774,827
7,18,17,775,828
7,18,18,777,828
7,18,19,778,829
7,18,20,780,829
7,18,21,781,830
7,18,22,783,830
7,18,23,784,829
7,18,24,787,829
7,18,25,785,829
7,18,26,784,828
7,18,27,783,828
7,18,28,782,827
7,18,29,782,828
7,18,30,781,829
7,18,31,780,828
7,18,32,780,827
7,18,33,779,827
7,18,34,777,825
7,18,35,775,825
7,18,36,774,824
7,18,37,772,824
7,18,38,769,827
7,18,39,768,826
7,18,40,768,823
7,18,41,767,823
7,18,42,766,822
7,18,43,766,821
7,18,44,765,820
7,18,45,765,819
7,18,46,764,818
7,18,47,762,818
7,18,48,761,819
7,18,49,761,820
7,18,50,760,821
7,18,51,760,822
7,18,52,759,823
7,18,53,759,824
7,18,54,760,825
7,18,55,760,826
7,18,56,759,827
7,18,57,758,827
7,18,58,757,828
7,19,0,1203,695
7,19,1,1203,704
7,19,2,1202,705
7,19,3,1202,709
7,19,4,1201,710
7,19,5,1201,711
7,19,6,1202,712
7,19,7,1202,714
7,19,8,1203,715
7,19,9,1203,721
7,19,10,1206,721
7,19,11,1206,713
7,19,12,1205,712
7,19,13,1205,709
7,19,14,1206,708
7,19,15,1206,707
7,19,16,1207,706
7,19,17,1207,702
7,19,18,1206,701
7,19,19,1206,695
7,20,0,973,695
7,20,1,973,699
7,20,2,974,700
7,20,3,974,701
7,20,4,979,706
7,20,5,979,709
7,20,6,980,710
7,20,7,980,711
7,20,8,981,712
7,20,9,984,712
7,20,10,985,711
7,20,11,987,711
7,20,12,989,709
7,20,13,989,708
7,20,14,986,705
7,20,15,985,705
7,20,16,984,704
7,20,17,983,704
7,20,18,979,700
7,20,19,979,699
7,20,20,977,697
7,20,21,977,696
7,20,22,976,696
7,20,23,975,695
7,21,0,886,680
7,21,1,885,680
7,21,2,884,679
7,21,3,878,685
7,21,4,876,685
7,21,5,871,680
7,21,6,868,680
7,21,7,868,684
7,21,8,869,685
7,21,9,869,687
7,21,10,871,689
7,21,11,871,690
7,21,12,872,691
7,21,13,875,691
7,21,14,876,690
7,21,15,877,690
7,21,16,879,688
7,21,17,880,689
7,21,18,881,689
7,21,19,884,686
7,21,20,884,685
7,21,21,886,683
7,22,0,1016,548
7,22,1,1014,548
7,22,2,1014,549
7,22,3,1012,551
7,22,4,1012,552
7,22,5,1010,554
7,22,6,1011,554
7,22,7,1012,555
7,22,8,1012,558
7,22,9,1011,559
7,22,10,1009,559
7,22,11,1008,558
7,22,12,1008,556
7,22,13,1006,556
7,22,14,1005,555
7,22,15,1003,555
7,22,16,1004,556
7,22,17,1004,557
7,22,18,1005,558
7,22,19,1005,559
7,22,20,1006,560
7,22,21,1007,560
7,22,22,1008,561
7,22,23,1009,560
7,22,24,1010,560
7,22,25,1011,559
7,22,26,1012,559
7,22,27,1013,558
7,22,28,1013,557
7,22,29,1015,555
7,22,30,1015,554
7,22,31,1016,553
7,22,32,1016,551
7,22,33,1017,550
7,22,34,1017,549
7,23,0,1199,514
7,23,1,1198,514
7,23,2,1197,513
7,23,3,1196,513
7,23,4,1194,515
7,23,5,1193,515
7,23,6,1190,518
7,23,7,1190,519
7,23,8,1189,520
7,23,9,1189,521
7,23,10,1188,522
7,23,11,1188,527
7,23,12,1187,528
7,23,13,1187,529
7,23,14,1186,530
7,23,15,1190,526
7,23,16,1191,526
7,23,17,1194,523
7,23,18,1195,523
7,23,19,1196,522
7,23,20,1197,522
7,23,21,1198,521
7,23,22,1199,521
7,23,23,1200,520
7,23,24,1201,520
7,23,25,1202,519
7,23,26,1203,519
7,23,27,1200,516
7,23,28,1200,515
7,24,0,706,479
7,24,1,707,480
7,24,2,707,481
7,24,3,720,481
7,24,4,720,480
7,24,5,721,479
7,24,6,726,479
7,24,7,727,480
7,24,8,727,481
7,24,9,727,479
7,24,10,728,478
7,24,11,726,478
7,24,12,725,477
7,24,13,721,477
7,24,14,722,477
7,24,15,723,478
7,24,16,722,479
7,24,17,721,479
7,24,18,719,481
7,24,19,715,481
7,24,20,714,480
7,24,21,710,480
7,24,22,709,479
7,24,23,707,479
7,24,24,706,478
7,24,25,707,477
7,24,26,712,477
7,24,27,713,476
7,24,28,710,476
7,24,29,709,477
7,24,30,707,477
7,24,31,706,478
7,25,0,777,458
7,25,1,778,459
7,25,2,778,460
7,25,3,777,461
7,25,4,779,463
7,25,5,779,464
7,25,6,780,465
7,25,7,780,469
7,25,8,783,472
7,25,9,783,474
7,25,10,785,476
7,25,11,790,476
7,25,12,791,477
7,25,13,792,477
7,25,14,792,476
7,25,15,793,475
7,25,16,793,474
7,25,17,792,473
7,25,18,792,472
7,25,19,790,470
7,25,20,790,468
7,25,21,788,468
7,25,22,787,469
7,25,23,785,469
7,25,24,784,468
7,25,25,784,467
7,25,26,786,465
7,25,27,787,466
7,25,28,789,466
7,25,29,789,465
7,25,30,790,464
7,25,31,789,464
7,25,32,788,463
7,25,33,788,461
7,25,34,786,459
7,25,35,786,458
7,25,36,788,456
7,25,37,786,456
7,25,38,785,457
7,25,39,784,457
7,25,40,783,458
7,26,0,2094,392
7,26,1,2095,831
7,27,0,2093,229
7,27,1,2090,232
7,27,2,2089,232
7,27,3,2089,234
7,27,4,2090,233
7,27,5,2091,234
7,27,6,2092,234
7,27,7,2093,235
7,27,8,2093,236
7,27,9,2094,237
7,27,10,2094,282
7,27,11,2095,282
7,27,12,2095,232
7,27,13,2094,231
7,27,14,2094,229
7,28,0,1284,215
7,28,1,1283,216
7,28,2,1282,216
7,28,3,1280,218
7,28,4,1280,219
7,28,5,1278,221
7,28,6,1278,222
7,28,7,1277,223
7,28,8,1277,224
7,28,9,1278,225
7,28,10,1277,224
7,28,11,1278,223
7,28,12,1278,221
7,28,13,1281,218
7,28,14,1281,217
7,28,15,1282,216
7,28,16,1284,216
7,28,17,1285,217
7,28,18,1285,219
7,28,19,1283,221
7,28,20,1283,222
7,28,21,1281,224
7,28,22,1281,225
7,28,23,1281,224
7,28,24,1283,222
7,28,25,1283,221
7,28,26,1285,219
7,28,27,1285,218
7,28,28,1286,217
7,29,0,2094,111
7,29,1,2094,217
7,29,2,2095,217
7,29,3,2095,111
7,30,0,1732,53
7,30,1,1731,52
7,30,2,1731,51
7,30,3,1730,51
7,30,4,1728,49
7,30,5,1726,49
7,30,6,1725,50
7,30,7,1724,50
7,30,8,1720,54
7,30,9,1720,55
7,30,10,1719,56
7,30,11,1718,55
7,30,12,1717,55
7,30,13,1714,58
7,30,14,1714,60
7,30,15,1715,61
7,30,16,1720,56
7,30,17,1720,54
7,30,18,1721,53
7,30,19,1722,53
7,30,20,1727,58
7,30,21,1731,58
7,30,22,1732,57
8,0,0,262,1206
8,0,1,244,1193
8,0,2,232,1203
8,0,3,223,1192
8,0,4,218,1202
8,0,5,206,1187
8,0,6,173,1190
8,0,7,111,1205
8,0,8,6,1243
8,0,9,0,1258
8,0,10,4,1270
8,0,11,90,1238
8,0,12,97,1231
8,0,13,97,1236
8,0,14,151,1219
8,0,15,154,1222
8,0,16,190,1219
8,0,17,196,1227
8,0,18,199,1223
8,0,19,204,1227
8,0,20,212,1211
8,0,21,216,1218
8,0,22,227,1209
8,0,23,231,1212
8,0,24,224,1221
8,0,25,206,1228
8,0,26,219,1239
8,0,27,227,1252
8,0,28,228,1263
8,0,29,222,1265
8,0,30,217,1280
8,0,31,198,1299
8,0,32,151,1328
8,0,33,110,1346
8,0,34,27,1373
8,0,35,3,1375
8,0,36,7,1378
8,0,37,0,1387
8,0,38,10,1393
8,0,39,66,1380
8,0,40,100,1365
8,0,41,108,1366
8,0,42,137,1350
8,0,43,156,1345
8,0,44,162,1338
8,0,45,190,1325
8,0,46,197,1316
8,0,47,206,1314
8,0,48,233,1292
8,0,49,240,1275
8,0,50,253,1273
8,0,51,271,1248
8,0,52,272,1227
8,1,0,711,848
8,1,1,663,880
8,1,2,650,893
8,1,3,657,906
8,1,4,643,899
8,1,5,617,925
8,1,6,614,939
8,1,7,606,940
8,1,8,586,964
8,1,9,544,982
8,1,10,507,979
8,1,11,489,983
8,1,12,484,991
8,1,13,479,987
8,1,14,469,989
8,1,15,462,997
8,1,16,462,1005
8,1,17,451,1013
8,1,18,405,1029
8,1,19,394,1041
8,1,20,391,1038
8,1,21,357,1066
8,1,22,351,1081
8,1,23,345,1077
8,1,24,325,1094
8,1,25,292,1136
8,1,26,295,1145
8,1,27,289,1147
8,1,28,290,1166
8,1,29,297,1183
8,1,30,323,1193
8,1,31,358,1193
8,1,32,394,1183
8,1,33,434,1152
8,1,34,467,1145
8,1,35,491,1131
8,1,36,513,1106
8,1,37,512,1096
8,1,38,535,1085
8,1,39,561,1081
8,1,40,640,1032
8,1,41,656,1016
8,1,42,650,1008
8,1,43,659,1005
8,1,44,666,970
8,1,45,680,974
8,1,46,702,964
8,1,47,705,967
8,1,48,706,952
8,1,49,673,961
8,1,50,665,958
8,1,51,660,964
8,1,52,649,965
8,1,53,632,959
8,1,54,630,949
8,1,55,667,909
8,1,56,718,876
8,1,57,719,867
8,2,0,2095,897
8,2,1,2021,848
8,2,2,1974,845
8,2,3,1969,855
8,2,4,1962,849
8,2,5,1933,862
8,2,6,1783,975
8,2,7,1655,1048
8,2,8,1652,1060
8,2,9,1624,1064
8,2,10,1526,1120
8,2,11,1424,1208
8,2,12,1357,1228
8,2,13,1223,1383
8,2,14,1155,1427
8,2,15,1156,1439
8,2,16,1142,1435
8,2,17,1116,1455
8,2,18,1216,1453
8,2,19,1402,1299
8,2,20,1398,1292
8,2,21,1412,1295
8,2,22,1538,1199
8,2,23,1589,1182
8,2,24,1583,1174
8,2,25,1597,1180
8,2,26,1714,1107
8,2,27,1739,1098
8,2,28,1806,1098
8,2,29,1834,1089
8,2,30,1831,1078
8,2,31,1841,1085
8,2,32,1886,1042
8,2,33,1935,960
8,2,34,1959,944
8,2,35,1955,934
8,2,36,1962,939
8,2,37,1973,932
8,2,38,1962,921
8,2,39,1981,930
8,2,40,1982,921
8,2,41,2014,922
8,2,42,2073,951
8,2,43,2077,940
8,2,44,2086,952
8,2,45,2093,947
8,3,0,790,831
8,3,1,781,831
8,3,2,774,828
8,3,3,766,831
8,3,4,754,829
8,3,5,745,832
8,3,6,743,831
8,3,7,736,835
8,3,8,734,834
8,3,9,725,839
8,3,10,721,843
8,3,11,718,843
8,3,12,722,856
8,3,13,727,867
8,3,14,731,869
8,3,15,730,870
8,3,16,733,868
8,3,17,744,866
8,3,18,747,863
8,3,19,751,863
8,3,20,759,868
8,3,21,762,865
8,3,22,765,866
8,3,23,768,870
8,3,24,768,872
8,3,25,765,873
8,3,26,767,875
8,3,27,768,889
8,3,28,764,898
8,3,29,752,914
8,3,30,748,916
8,3,31,737,929
8,3,32,721,940
8,3,33,724,940
8,3,34,723,942
8,3,35,719,943
8,3,36,719,940
8,3,37,716,942
8,3,38,713,956
8,3,39,714,962
8,3,40,722,960
8,3,41,733,951
8,3,42,738,951
8,3,43,745,946
8,3,44,752,937
8,3,45,758,935
8,3,46,771,922
8,3,47,772,918
8,3,48,783,907
8,3,49,784,898
8,3,50,782,892
8,3,51,784,890
8,3,52,787,893
8,3,53,789,893
8,3,54,797,883
8,3,55,802,873
8,3,56,803,867
8,3,57,808,860
8,3,58,804,846
8,4,0,1458,407
8,4,1,1437,394
8,4,2,1420,394
8,4,3,1366,410
8,4,4,1364,425
8,4,5,1354,418
8,4,6,1340,422
8,4,7,1277,458
8,4,8,1248,484
8,4,9,1246,492
8,4,10,1240,492
8,4,11,1214,515
8,4,12,1177,537
8,4,13,1168,536
8,4,14,1127,556
8,4,15,1047,606
8,4,16,951,683
8,4,17,912,724
8,4,18,894,766
8,4,19,900,791
8,4,20,908,792
8,4,21,907,801
8,4,22,927,812
8,4,23,962,805
8,4,24,969,798
8,4,25,978,801
8,4,26,1008,788
8,4,27,1031,786
8,4,28,1038,778
8,4,29,1079,766
8,4,30,1120,739
8,4,31,1163,698
8,4,32,1166,689
8,4,33,1174,687
8,4,34,1236,626
8,4,35,1282,605
8,4,36,1306,605
8,4,37,1317,595
8,4,38,1325,600
8,4,39,1334,588
8,4,40,1335,599
8,4,41,1363,583
8,4,42,1401,549
8,4,43,1442,491
8,4,44,1463,436
8,5,0,143,4
8,5,1,134,1
8,5,2,120,8
8,5,3,115,19
8,5,4,111,18
8,5,5,107,21
8,5,6,102,21
8,5,7,98,29
8,5,8,96,27
8,5,9,92,28
8,5,10,77,40
8,5,11,64,63
8,5,12,61,64
8,5,13,55,61
8,5,14,51,69
8,5,15,43,73
8,5,16,43,79
8,5,17,38,81
8,5,18,38,89
8,5,19,34,93
8,5,20,31,92
8,5,21,17,100
8,5,22,23,106
8,5,23,32,105
8,5,24,36,113
8,5,25,22,127
8,5,26,19,126
8,5,27,19,121
8,5,28,24,112
8,5,29,22,113
8,5,30,20,109
8,5,31,12,114
8,5,32,0,117
8,5,33,0,162
8,5,34,3,161
8,5,35,5,152
8,5,36,8,151
8,5,37,12,156
8,5,38,38,148
8,5,39,46,141
8,5,40,53,143
8,5,41,58,141
8,5,42,66,134
8,5,43,71,123
8,5,44,71,116
8,5,45,67,109
8,5,46,68,102
8,5,47,65,97
8,5,48,65,91
8,5,49,75,78
8,5,50,93,79
8,5,51,95,87
8,5,52,102,89
8,5,53,116,101
8,5,54,140,109
8,5,55,153,104
8,5,56,154,93
8,5,57,146,86
8,5,58,133,82
8,5,59,128,74
8,5,60,128,70
8,5,61,135,62
8,5,62,140,63
8,5,63,146,58
8,5,64,152,58
8,5,65,163,50
8,5,66,161,41
8,5,67,165,34
8,5,68,158,27
8,5,69,152,25
9,0,0,1992,1372
9,0,1,1990,1374
9,0,2,1990,1376
9,0,3,1991,1377
9,0,4,1992,1377
9,0,5,1993,1378
9,0,6,1993,1379
9,0,7,1992,1380
9,0,8,1992,1381
9,0,9,1995,1384
9,0,10,1995,1386
9,0,11,1994,1387
9,0,12,1994,1388
9,0,13,1993,1389
9,0,14,1994,1390
9,0,15,1996,1390
9,0,16,1999,1387
9,0,17,1999,1386
9,0,18,2000,1385
9,0,19,1999,1386
9,0,20,1998,1386
9,0,21,1998,1387
9,0,22,1997,1388
9,0,23,1996,1388
9,0,24,1995,1387
9,0,25,1996,1386
9,0,26,1996,1385
9,0,27,1994,1383
9,0,28,1994,1382
9,0,29,1993,1381
9,0,30,1993,1378
9,0,31,1994,1377
9,0,32,1995,1377
9,0,33,1995,1375
9,0,34,1994,1374
9,0,35,1994,1373
9,0,36,1993,1373
9,1,0,1535,1365
9,1,1,1535,1369
9,1,2,1534,1370
9,1,3,1534,1380
9,1,4,1536,1378
9,1,5,1537,1378
9,1,6,1539,1376
9,1,7,1540,1376
9,1,8,1541,1375
9,1,9,1548,1375
9,1,10,1549,1374
9,1,11,1549,1369
9,1,12,1548,1369
9,1,13,1547,1368
9,1,14,1545,1368
9,1,15,1544,1369
9,1,16,1543,1369
9,1,17,1542,1370
9,1,18,1541,1369
9,1,19,1540,1369
9,1,20,1539,1368
9,1,21,1539,1367
9,1,22,1538,1366
9,1,23,1538,1365
9,2,0,2020,1355
9,2,1,2019,1355
9,2,2,2016,1358
9,2,3,2016,1360
9,2,4,2015,1361
9,2,5,2015,1367
9,2,6,2014,1368
9,2,7,2011,1367
9,2,8,2010,1366
9,2,9,2010,1364
9,2,10,2009,1363
9,2,11,2009,1362
9,2,12,2008,1361
9,2,13,2007,1361
9,2,14,2009,1363
9,2,15,2009,1365
9,2,16,2010,1366
9,2,17,2010,1367
9,2,18,2013,1370
9,2,19,2014,1370
9,2,20,2016,1372
9,2,21,2016,1374
9,2,22,2015,1375
9,2,23,2013,1375
9,2,24,2011,1373
9,2,25,2009,1373
9,2,26,2008,1372
9,2,27,2005,1372
9,2,28,2002,1369
9,2,29,2002,1365
9,2,30,2005,1362
9,2,31,2000,1367
9,2,32,1999,1367
9,2,33,1998,1368
9,2,34,1995,1368
9,2,35,1996,1368
9,2,36,2001,1373
9,2,37,2001,1380
9,2,38,2001,1378
9,2,39,2002,1377
9,2,40,2002,1374
9,2,41,2004,1372
9,2,42,2005,1373
9,2,43,2007,1373
9,2,44,2008,1372
9,2,45,2013,1375
9,2,46,2013,1378
9,2,47,2010,1381
9,2,48,2009,1381
9,2,49,2008,1382
9,2,50,2008,1383
9,2,51,2009,1384
9,2,52,2012,1384
9,2,53,2014,1382
9,2,54,2014,1381
9,2,55,2015,1380
9,2,56,2015,1376
9,2,57,2016,1375
9,2,58,2017,1376
9,2,59,2019,1376
9,2,60,2020,1375
9,2,61,2021,1376
9,2,62,2019,1374
9,2,63,2018,1375
9,2,64,2017,1374
9,2,65,2017,1367
9,2,66,2016,1366
9,2,67,2016,1364
9,2,68,2015,1363
9,2,69,2015,1361
9,2,70,2016,1360
9,2,71,2016,1359
9,3,0,1820,1325
9,3,1,1819,1324
9,3,2,1816,1324
9,3,3,1814,1326
9,3,4,1814,1327
9,3,5,1812,1329
9,3,6,1812,1330
9,3,7,1811,1331
9,3,8,1811,1333
9,3,9,1810,1334
9,3,10,1810,1338
9,3,11,1809,1339
9,3,12,1809,1340
9,3,13,1807,1342
9,3,14,1804,1339
9,3,15,1804,1335
9,3,16,1805,1334
9,3,17,1805,1333
9,3,18,1807,1331
9,3,19,1808,1331
9,3,20,1807,1330
9,3,21,1806,1330
9,3,22,1804,1328
9,3,23,1803,1329
9,3,24,1802,1329
9,3,25,1796,1335
9,3,26,1791,1335
9,3,27,1790,1334
9,3,28,1789,1334
9,3,29,1788,1335
9,3,30,1787,1335
9,3,31,1786,1336
9,3,32,1785,1336
9,3,33,1784,1337
9,3,34,1784,1338
9,3,35,1782,1340
9,3,36,1782,1346
9,3,37,1783,1347
9,3,38,1783,1348
9,3,39,1787,1352
9,3,40,1792,1352
9,3,41,1795,1354
9,3,42,1798,1354
9,3,43,1801,1351
9,3,44,1805,1351
9,3,45,1806,1352
9,3,46,1809,1352
9,3,47,1810,1351
9,3,48,1811,1351
9,3,49,1812,1350
9,3,50,1813,1350
9,3,51,1813,1348
9,3,52,1814,1347
9,3,53,1815,1347
9,3,54,1817,1345
9,3,55,1819,1345
9,3,56,1820,1344
9,3,57,1820,1343
9,3,58,1819,1342
9,3,59,1819,1339
9,3,60,1817,1337
9,3,61,1818,1336
9,3,62,1818,1329
9,3,63,1819,1328
9,3,64,1819,1326
9,4,0,1695,1318
9,4,1,1694,1319
9,4,2,1694,1320
9,4,3,1693,1321
9,4,4,1693,1322
9,4,5,1692,1323
9,4,6,1693,1324
9,4,7,1693,1327
9,4,8,1694,1328
9,4,9,1695,1328
9,4,10,1700,1333
9,4,11,1700,1336
9,4,12,1699,1337
9,4,13,1698,1336
9,4,14,1695,1336
9,4,15,1694,1337
9,4,16,1693,1336
9,4,17,1692,1336
9,4,18,1692,1339
9,4,19,1693,1340
9,4,20,1694,1340
9,4,21,1695,1341
9,4,22,1696,1341
9,4,23,1697,1342
9,4,24,1698,1342
9,4,25,1698,1341
9,4,26,1700,1339
9,4,27,1701,1339
9,4,28,1701,1337
9,4,29,1702,1336
9,4,30,1706,1336
9,4,31,1707,1337
9,4,32,1707,1339
9,4,33,1709,1341
9,4,34,1711,1341
9,4,35,1712,1342
9,4,36,1713,1341
9,4,37,1714,1341
9,4,38,1714,1340
9,4,39,1715,1339
9,4,40,1715,1338
9,4,41,1713,1336
9,4,42,1710,1336
9,4,43,1708,1334
9,4,44,1707,1334
9,4,45,1706,1333
9,4,46,1706,1330
9,4,47,1705,1329
9,4,48,1703,1329
9,4,49,1702,1328
9,4,50,1701,1328
9,4,51,1696,1323
9,4,52,1698,1321
9,4,53,1699,1321
9,4,54,1699,1320
9,4,55,1700,1319
9,4,56,1698,1319
9,4,57,1697,1318
9,5,0,1714,1316
9,5,1,1713,1317
9,5,2,1712,1317
9,5,3,1709,1320
9,5,4,1708,1320
9,5,5,1709,1321
9,5,6,1709,1328
9,5,7,1711,1328
9,5,8,1712,1329
9,5,9,1713,1329
9,5,10,1716,1332
9,5,11,1716,1335
9,5,12,1721,1335
9,5,13,1724,1338
9,5,14,1724,1339
9,5,15,1723,1340
9,5,16,1723,1341
9,5,17,1722,1342
9,5,18,1722,1343
9,5,19,1721,1344
9,5,20,1723,1344
9,5,21,1724,1343
9,5,22,1724,1342
9,5,23,1725,1341
9,5,24,1725,1338
9,5,25,1726,1337
9,5,26,1726,1332
9,5,27,1724,1332
9,5,28,1723,1331
9,5,29,1722,1331
9,5,30,1721,1330
9,5,31,1721,1329
9,5,32,1718,1326
9,5,33,1719,1325
9,5,34,1719,1324
9,5,35,1720,1323
9,5,36,1720,1321
9,5,37,1721,1320
9,5,38,1721,1319
9,5,39,1719,1317
9,5,40,1715,1317
9,6,0,2027,1293
9,6,1,2028,1294
9,6,2,2028,1295
9,6,3,2029,1296
9,6,4,2030,1296
9,6,5,2032,1298
9,6,6,2034,1298
9,6,7,2035,1299
9,6,8,2037,1299
9,6,9,2038,1298
9,6,10,2040,1298
9,6,11,2041,1297
9,6,12,2042,1297
9,6,13,2044,1295
9,6,14,2045,1295
9,6,15,2045,1294
9,6,16,2047,1292
9,6,17,2047,1291
9,6,18,2047,1292
9,6,19,2042,1297
9,6,20,2039,1297
9,6,21,2038,1296
9,6,22,2038,1295
9,6,23,2041,1292
9,6,24,2039,1294
9,6,25,2035,1294
9,6,26,2033,1292
9,6,27,2032,1292
9,6,28,2031,1291
9,6,29,2033,1293
9,6,30,2033,1294
9,6,31,2034,1295
9,6,32,2032,1297
9,6,33,2031,1297
9,7,0,1771,1233
9,7,1,1770,1234
9,7,2,1769,1234
9,7,3,1770,1235
9,7,4,1770,1238
9,7,5,1771,1239
9,7,6,1771,1240
9,7,7,1772,1241
9,7,8,1772,1246
9,7,9,1773,1247
9,7,10,1773,1248
9,7,11,1774,1249
9,7,12,1774,1252
9,7,13,1776,1252
9,7,14,1777,1253
9,7,15,1779,1253
9,7,16,1780,1252
9,7,17,1780,1250
9,7,18,1781,1249
9,7,19,1781,1247
9,7,20,1780,1246
9,7,21,1780,1242
9,7,22,1779,1241
9,7,23,1779,1240
9,7,24,1778,1239
9,7,25,1778,1238
9,7,26,1776,1236
9,7,27,1776,1235
9,7,28,1775,1234
9,7,29,1774,1234
9,7,30,1773,1233
9,8,0,1765,1233
9,8,1,1760,1233
9,8,2,1758,1235
9,8,3,1758,1239
9,8,4,1757,1240
9,8,5,1757,1241
9,8,6,1756,1242
9,8,7,1756,1245
9,8,8,1755,1246
9,8,9,1755,1247
9,8,10,1756,1248
9,8,11,1756,1249
9,8,12,1757,1250
9,8,13,1757,1251
9,8,14,1758,1251
9,8,15,1759,1252
9,8,16,1760,1252
9,8,17,1762,1250
9,8,18,1762,1242
9,8,19,1763,1241
9,8,20,1763,1240
9,8,21,1764,1239
9,8,22,1764,1238
9,8,23,1765,1237
9,8,24,1765,1235
9,8,25,1766,1234
9,8,26,1767,1234
9,8,27,1766,1234
9,9,0,1715,1164
9,9,1,1714,1164
9,9,2,1713,1165
9,9,3,1711,1165
9,9,4,1711,1167
9,9,5,1708,1170
9,9,6,1706,1170
9,9,7,1705,1171
9,9,8,1704,1171
9,9,9,1703,1172
9,9,10,1703,1175
9,9,11,1705,1177
9,9,12,1706,1177
9,9,13,1708,1179
9,9,14,1708,1180
9,9,15,1709,1181
9,9,16,1709,1182
9,9,17,1711,1182
9,9,18,1712,1181
9,9,19,1712,1178
9,9,20,1713,1177
9,9,21,1713,1175
9,9,22,1714,1174
9,9,23,1714,1173
9,9,24,1716,1171
9,9,25,1716,1170
9,9,26,1717,1169
9,9,27,1716,1168
9,9,28,1716,1165
9,10,0,726,1015
9,10,1,726,1019
9,10,2,725,1020
9,10,3,722,1019
9,10,4,726,1021
9,10,5,731,1028
9,10,6,741,1036
9,10,7,748,1044
9,10,8,746,1042
9,10,9,748,1040
9,10,10,752,1044
9,10,11,750,1045
9,10,12,761,1056
9,10,13,759,1053
9,10,14,761,1051
9,10,15,768,1056
9,10,16,772,1057
9,10,17,773,1062
9,10,18,772,1063
9,10,19,767,1062
9,10,20,772,1065
9,10,21,796,1091
9,10,22,804,1106
9,10,23,805,1112
9,10,24,811,1125
9,10,25,814,1144
9,10,26,817,1154
9,10,27,818,1168
9,10,28,819,1170
9,10,29,821,1170
9,10,30,822,1168
9,10,31,819,1145
9,10,32,811,1117
9,10,33,811,1110
9,10,34,807,1105
9,10,35,803,1096
9,10,36,794,1082
9,10,37,785,1073
9,10,38,775,1061
9,10,39,774,1058
9,10,40,758,1049
9,10,41,747,1039
9,10,42,743,1038
9,10,43,740,1033
9,10,44,727,1020
9,11,0,399,978
9,11,1,399,982
9,11,2,401,984
9,11,3,401,987
9,11,4,402,988
9,11,5,402,992
9,11,6,403,993
9,11,7,403,996
9,11,8,404,997
9,11,9,404,1001
9,11,10,403,1002
9,11,11,403,1006
9,11,12,402,1007
9,11,13,402,1009
9,11,14,404,1009
9,11,15,405,1010
9,11,16,405,1016
9,11,17,403,1018
9,11,18,402,1018
9,11,19,403,1018
9,11,20,405,1016
9,11,21,405,1015
9,11,22,406,1014
9,11,23,406,1007
9,11,24,407,1006
9,11,25,407,992
9,11,26,407,994
9,11,27,405,996
9,11,28,404,996
9,11,29,403,995
9,11,30,403,989
9,11,31,402,988
9,11,32,402,986
9,11,33,401,985
9,11,34,402,984
9,11,35,402,981
9,12,0,2092,989
9,12,1,2087,993
9,12,2,2046,973
9,12,3,2037,974
9,12,4,2031,968
9,12,5,2023,971
9,12,6,2019,962
9,12,7,1995,969
9,12,8,1982,980
9,12,9,1985,994
9,12,10,1977,1000
9,12,11,1972,1024
9,12,12,1966,1026
9,12,13,1968,1033
9,12,14,1961,1039
9,12,15,1964,1046
9,12,16,1955,1054
9,12,17,1941,1088
9,12,18,1950,1102
9,12,19,1938,1098
9,12,20,1937,1109
9,12,21,1945,1115
9,12,22,1928,1122
9,12,23,1919,1157
9,12,24,1914,1159
9,12,25,1917,1167
9,12,26,1906,1179
9,12,27,1892,1226
9,12,28,1885,1235
9,12,29,1870,1278
9,12,30,1873,1287
9,12,31,1865,1289
9,12,32,1862,1311
9,12,33,1851,1322
9,12,34,1823,1419
9,12,35,1817,1423
9,12,36,1817,1437
9,12,37,1811,1441
9,12,38,1807,1455
9,12,39,1844,1455
9,12,40,1848,1451
9,12,41,1852,1455
9,12,42,1934,1455
9,12,43,1951,1416
9,12,44,1939,1409
9,12,45,1957,1398
9,12,46,1957,1384
9,12,47,1965,1373
9,12,48,1965,1362
9,12,49,2004,1255
9,12,50,2004,1247
9,12,51,1996,1242
9,12,52,2014,1229
9,12,53,2027,1180
9,12,54,2040,1158
9,12,55,2068,1076
9,12,56,2054,1069
9,12,57,2051,1060
9,12,58,2055,1058
9,12,59,2058,1065
9,12,60,2074,1065
9,12,61,2061,1054
9,12,62,2054,1056
9,12,63,2052,1050
9,12,64,2065,1039
9,12,65,2068,1043
9,12,66,2062,1048
9,12,67,2073,1056
9,12,68,2080,1055
9,12,69,2085,1039
9,12,70,2095,1030
9,13,0,709,939
9,13,1,709,942
9,13,2,707,944
9,13,3,708,945
9,13,4,708,946
9,13,5,703,950
9,13,6,705,950
9,13,7,707,952
9,13,8,707,962
9,13,9,706,963
9,13,10,706,978
9,13,11,707,979
9,13,12,707,983
9,13,13,708,984
9,13,14,708,987
9,13,15,709,988
9,13,16,709,991
9,13,17,710,992
9,13,18,710,997
9,13,19,711,998
9,13,20,711,1000
9,13,21,711,999
9,13,22,713,997
9,13,23,714,997
9,13,24,717,1000
9,13,25,717,1002
9,13,26,718,1003
9,13,27,718,1005
9,13,28,719,1006
9,13,29,717,1009
9,13,30,715,1007
9,13,31,715,1008
9,13,32,717,1010
9,13,33,717,1011
9,13,34,720,1016
9,13,35,719,1015
9,13,36,719,1011
9,13,37,720,1010
9,13,38,722,1010
9,13,39,725,1013
9,13,40,724,1012
9,13,41,724,1011
9,13,42,719,1006
9,13,43,719,1005
9,13,44,717,1002
9,13,45,717,1000
9,13,46,716,999
9,13,47,716,997
9,13,48,715,996
9,13,49,715,994
9,13,50,714,993
9,13,51,714,990
9,13,52,713,989
9,13,53,713,987
9,13,54,712,986
9,13,55,712,985
9,13,56,711,984
9,13,57,711,982
9,13,58,710,981
9,13,59,710,977
9,13,60,711,976
9,13,61,711,967
9,13,62,713,964
9,13,63,713,960
9,13,64,712,959
9,13,65,712,956
9,13,66,713,955
9,13,67,713,948
9,13,68,715,945
9,13,69,715,942
9,13,70,716,941
9,13,71,712,945
9,13,72,711,944
9,13,73,711,943
9,13,74,710,942
9,13,75,710,940
9,14,0,402,930
9,14,1,401,931
9,14,2,401,932
9,14,3,400,933
9,14,4,400,935
9,14,5,399,936
9,14,6,399,939
9,14,7,400,940
9,14,8,400,942
9,14,9,401,943
9,14,10,401,946
9,14,11,402,947
9,14,12,402,955
9,14,13,403,956
9,14,14,403,959
9,14,15,404,960
9,14,16,404,964
9,14,17,403,965
9,14,18,403,967
9,14,19,402,968
9,14,20,402,970
9,14,21,401,971
9,14,22,401,973
9,14,23,403,971
9,14,24,403,969
9,14,25,404,968
9,14,26,407,971
9,14,27,407,972
9,14,28,408,973
9,14,29,408,975
9,14,30,408,965
9,14,31,407,964
9,14,32,407,951
9,14,33,406,950
9,14,34,406,946
9,14,35,405,945
9,14,36,405,933
9,14,37,404,932
9,14,38,404,930
9,15,0,718,912
9,15,1,715,915
9,15,2,714,915
9,15,3,714,920
9,15,4,715,921
9,15,5,715,925
9,15,6,714,926
9,15,7,714,927
9,15,8,713,928
9,15,9,713,934
9,15,10,712,935
9,15,11,712,936
9,15,12,713,935
9,15,13,713,934
9,15,14,714,933
9,15,15,714,932
9,15,16,715,931
9,15,17,715,924
9,15,18,716,923
9,15,19,716,922
9,15,20,718,920
9,15,21,718,919
9,15,22,719,918
9,15,23,719,914
9,15,24,718,913
9,16,0,398,867
9,16,1,396,867
9,16,2,395,868
9,16,3,395,877
9,16,4,394,878
9,16,5,394,883
9,16,6,395,884
9,16,7,396,884
9,16,8,397,883
9,16,9,397,882
9,16,10,398,881
9,16,11,398,876
9,16,12,396,876
9,16,13,395,875
9,16,14,395,871
9,16,15,396,870
9,16,16,398,870
9,16,17,399,871
9,16,18,399,873
9,16,19,399,870
9,16,20,398,869
9,17,0,704,833
9,17,1,706,836
9,17,2,706,838
9,17,3,707,839
9,17,4,707,841
9,17,5,708,842
9,17,6,708,843
9,17,7,709,844
9,17,8,709,845
9,17,9,712,848
9,17,10,712,849
9,17,11,713,850
9,17,12,713,851
9,17,13,714,852
9,17,14,714,853
9,17,15,715,854
9,17,16,715,855
9,17,17,717,857
9,17,18,717,858
9,17,19,718,859
9,17,20,718,863
9,17,21,719,864
9,17,22,719,866
9,17,23,720,867
9,17,24,720,871
9,17,25,721,872
9,17,26,721,873
9,17,27,720,874
9,17,28,720,876
9,17,29,719,877
9,17,30,721,879
9,17,31,721,880
9,17,32,722,880
9,17,33,722,878
9,17,34,723,877
9,17,35,724,877
9,17,36,726,879
9,17,37,726,880
9,17,38,726,878
9,17,39,725,877
9,17,40,725,876
9,17,41,724,875
9,17,42,723,875
9,17,43,721,873
9,17,44,721,871
9,17,45,723,869
9,17,46,724,869
9,17,47,725,870
9,17,48,729,870
9,17,49,728,870
9,17,50,727,869
9,17,51,727,868
9,17,52,725,865
9,17,53,725,863
9,17,54,724,862
9,17,55,724,861
9,17,56,723,860
9,17,57,723,859
9,17,58,721,856
9,17,59,721,854
9,17,60,720,853
9,17,61,720,851
9,17,62,719,850
9,17,63,719,847
9,17,64,718,846
9,17,65,718,844
9,17,66,716,841
9,17,67,717,842
9,17,68,717,843
9,17,69,716,844
9,17,70,716,845
9,17,71,715,846
9,17,72,712,846
9,17,73,709,843
9,17,74,709,842
9,17,75,708,841
9,17,76,708,838
9,17,77,705,835
9,17,78,705,834
9,18,0,660,772
9,18,1,663,775
9,18,2,663,777
9,18,3,666,781
9,18,4,666,782
9,18,5,665,783
9,18,6,664,783
9,18,7,659,779
9,18,8,661,781
9,18,9,661,782
9,18,10,668,789
9,18,11,669,789
9,18,12,672,792
9,18,13,672,793
9,18,14,674,795
9,18,15,674,796
9,18,16,676,798
9,18,17,676,799
9,18,18,685,808
9,18,19,685,807
9,18,20,686,806
9,18,21,689,806
9,18,22,693,810
9,18,23,693,811
9,18,24,696,815
9,18,25,696,816
9,18,26,695,817
9,18,27,694,817
9,18,28,691,814
9,18,29,690,814
9,18,30,689,813
9,18,31,691,815
9,18,32,691,816
9,18,33,693,818
9,18,34,693,819
9,18,35,699,825
9,18,36,699,826
9,18,37,701,828
9,18,38,701,829
9,18,39,702,830
9,18,40,701,829
9,18,41,701,827
9,18,42,700,826
9,18,43,700,825
9,18,44,701,824
9,18,45,702,824
9,18,46,707,828
9,18,47,705,826
9,18,48,705,825
9,18,49,703,823
9,18,50,703,822
9,18,51,699,818
9,18,52,699,817
9,18,53,694,812
9,18,54,694,811
9,18,55,688,805
9,18,56,688,804
9,18,57,687,804
9,18,58,684,801
9,18,59,684,800
9,18,60,681,797
9,18,61,680,794
9,18,62,671,785
9,18,63,671,784
9,18,64,666,779
9,18,65,666,778
9,19,0,529,658
9,19,1,532,661
9,19,2,547,667
9,19,3,567,678
9,19,4,590,697
9,19,5,602,710
9,19,6,607,713
9,19,7,615,726
9,19,8,636,750
9,19,9,633,757
9,19,10,643,760
9,19,11,657,777
9,19,12,654,774
9,19,13,654,772
9,19,14,658,771
9,19,15,646,759
9,19,16,643,753
9,19,17,631,742
9,19,18,614,719
9,19,19,605,711
9,19,20,603,706
9,19,21,589,692
9,19,22,563,673
9,19,23,557,671
9,19,24,545,663
9,20,0,500,649
9,20,1,500,652
9,20,2,502,654
9,20,3,504,654
9,20,4,505,653
9,20,5,511,653
9,20,6,512,654
9,20,7,513,654
9,20,8,514,655
9,20,9,517,655
9,20,10,518,656
9,20,11,521,656
9,20,12,521,655
9,20,13,520,654
9,20,14,519,654
9,20,15,518,653
9,20,16,516,653
9,20,17,515,652
9,20,18,513,652
9,20,19,512,651
9,20,20,509,651
9,20,21,507,649
9,20,22,505,649
9,20,23,503,647
9,20,24,502,647
9,21,0,966,401
9,21,1,963,404
9,21,2,963,405
9,21,3,961,407
9,21,4,961,408
9,21,5,960,409
9,21,6,960,411
9,21,7,959,412
9,21,8,959,413
9,21,9,958,414
9,21,10,958,420
9,21,11,959,421
9,21,12,959,423
9,21,13,960,424
9,21,14,960,425
9,21,15,961,426
9,21,16,961,427
9,21,17,962,428
9,21,18,962,429
9,21,19,964,431
9,21,20,964,432
9,21,21,965,433
9,21,22,965,434
9,21,23,967,436
9,21,24,967,437
9,21,25,969,439
9,21,26,969,440
9,21,27,971,442
9,21,28,971,443
9,21,29,972,444
9,21,30,972,445
9,21,31,973,446
9,21,32,973,448
9,21,33,975,448
9,21,34,975,446
9,21,35,974,445
9,21,36,974,444
9,21,37,973,443
9,21,38,973,442
9,21,39,972,441
9,21,40,972,439
9,21,41,971,438
9,21,42,971,437
9,21,43,969,435
9,21,44,969,434
9,21,45,967,432
9,21,46,967,431
9,21,47,965,429
9,21,48,965,428
9,21,49,963,426
9,21,50,963,425
9,21,51,962,424
9,21,52,962,422
9,21,53,961,421
9,21,54,961,415
9,21,55,962,414
9,21,56,962,412
9,21,57,963,411
9,21,58,963,409
9,21,59,964,408
9,21,60,964,407
9,21,61,965,406
9,21,62,965,404
9,21,63,966,403
9,22,0,927,329
9,22,1,927,331
9,22,2,929,331
9,22,3,930,332
9,22,4,932,332
9,22,5,936,336
9,22,6,936,337
9,22,7,937,338
9,22,8,937,345
9,22,9,936,346
9,22,10,936,347
9,22,11,935,348
9,22,12,935,350
9,22,13,934,351
9,22,14,934,361
9,22,15,935,362
9,22,16,935,363
9,22,17,936,364
9,22,18,936,365
9,22,19,938,367
9,22,20,939,367
9,22,21,940,368
9,22,22,941,368
9,22,23,942,369
9,22,24,945,369
9,22,25,945,366
9,22,26,942,366
9,22,27,937,361
9,22,28,937,349
9,22,29,938,348
9,22,30,938,345
9,22,31,939,344
9,22,32,939,343
9,22,33,940,342
9,22,34,940,337
9,22,35,939,336
9,22,36,939,335
9,22,37,934,330
9,22,38,933,330
9,22,39,932,329
9,23,0,904,281
9,23,1,904,282
9,23,2,903,283
9,23,3,903,285
9,23,4,902,286
9,23,5,902,289
9,23,6,901,290
9,23,7,901,294
9,23,8,899,296
9,23,9,899,297
9,23,10,898,298
9,23,11,898,300
9,23,12,896,303
9,23,13,896,307
9,23,14,895,308
9,23,15,895,310
9,23,16,896,311
9,23,17,896,313
9,23,18,897,314
9,23,19,897,315
9,23,20,898,316
9,23,21,898,317
9,23,22,902,321
9,23,23,903,321
9,23,24,906,324
9,23,25,908,324
9,23,26,909,325
9,23,27,910,325
9,23,28,913,327
9,23,29,915,327
9,23,30,916,328
9,23,31,918,328
9,23,32,919,329
9,23,33,922,329
9,23,34,923,330
9,23,35,925,330
9,23,36,925,328
9,23,37,922,328
9,23,38,921,327
9,23,39,920,327
9,23,40,917,325
9,23,41,915,325
9,23,42,914,324
9,23,43,912,324
9,23,44,911,323
9,23,45,910,323
9,23,46,909,322
9,23,47,908,322
9,23,48,906,320
9,23,49,905,320
9,23,50,899,314
9,23,51,899,313
9,23,52,898,312
9,23,53,898,305
9,23,54,899,304
9,23,55,899,302
9,23,56,900,301
9,23,57,900,299
9,23,58,901,298
9,23,59,901,295
9,23,60,902,294
9,23,61,902,293
9,23,62,903,292
9,23,63,903,291
9,23,64,905,288
9,23,65,905,285
9,23,66,906,284
9,23,67,906,281
9,24,0,320,227
9,24,1,317,230
9,24,2,316,230
9,24,3,315,231
9,24,4,312,231
9,24,5,313,232
9,24,6,311,234
9,24,7,310,234
9,24,8,310,235
9,24,9,309,236
9,24,10,311,236
9,24,11,314,239
9,24,12,314,241
9,24,13,315,242
9,24,14,315,243
9,24,15,313,245
9,24,16,309,245
9,24,17,310,245
9,24,18,311,246
9,24,19,312,246
9,24,20,313,247
9,24,21,314,247
9,24,22,316,245
9,24,23,316,240
9,24,24,315,239
9,24,25,315,238
9,24,26,314,238
9,24,27,313,237
9,24,28,314,236
9,24,29,314,235
9,24,30,319,230
9,24,31,319,228
9,25,0,333,223
9,25,1,331,225
9,25,2,331,226
9,25,3,330,227
9,25,4,330,228
9,25,5,329,229
9,25,6,329,230
9,25,7,328,231
9,25,8,328,234
9,25,9,329,234
9,25,10,331,236
9,25,11,331,237
9,25,12,332,238
9,25,13,334,238
9,25,14,335,237
9,25,15,336,238
9,25,16,337,238
9,25,17,339,240
9,25,18,339,242
9,25,19,341,244
9,25,20,341,245
9,25,21,342,245
9,25,22,344,243
9,25,23,346,243
9,25,24,348,245
9,25,25,349,245
9,25,26,350,246
9,25,27,351,246
9,25,28,352,247
9,25,29,351,246
9,25,30,350,246
9,25,31,348,244
9,25,32,347,244
9,25,33,346,243
9,25,34,343,243
9,25,35,342,242
9,25,36,341,242
9,25,37,338,239
9,25,38,338,237
9,25,39,335,234
9,25,40,332,234
9,25,41,330,232
9,25,42,330,230
9,25,43,331,229
9,25,44,336,229
9,25,45,336,228
9,25,46,337,227
9,25,47,337,224
9,25,48,336,224
9,25,49,335,223
9,26,0,383,221
9,26,1,383,223
9,26,2,385,223
9,26,3,386,224
9,26,4,386,225
9,26,5,385,226
9,26,6,385,227
9,26,7,385,226
9,26,8,386,225
9,26,9,388,225
9,26,10,389,226
9,26,11,389,227
9,26,12,390,228
9,26,13,392,228
9,26,14,393,229
9,26,15,393,231
9,26,16,392,232
9,26,17,391,232
9,26,18,391,233
9,26,19,393,235
9,26,20,393,237
9,26,21,394,238
9,26,22,394,242
9,26,23,393,243
9,26,24,394,244
9,26,25,394,246
9,26,26,392,248
9,26,27,391,248
9,26,28,389,246
9,26,29,389,245
9,26,30,390,244
9,26,31,390,243
9,26,32,388,243
9,26,33,387,242
9,26,34,388,243
9,26,35,388,244
9,26,36,387,245
9,26,37,387,246
9,26,38,388,247
9,26,39,388,248
9,26,40,389,249
9,26,41,391,249
9,26,42,394,246
9,26,43,394,224
9,26,44,393,223
9,26,45,393,222
9,26,46,392,221
9,26,47,391,221
9,26,48,390,222
9,26,49,389,221
9,26,50,386,221
9,26,51,385,222
9,26,52,384,222
9,27,0,372,220
9,27,1,371,221
9,27,2,370,221
9,27,3,369,222
9,27,4,369,223
9,27,5,368,224
9,27,6,368,225
9,27,7,365,228
9,27,8,365,231
9,27,9,366,232
9,27,10,366,233
9,27,11,367,233
9,27,12,368,232
9,27,13,370,232
9,27,14,371,233
9,27,15,372,233
9,27,16,377,238
9,27,17,376,237
9,27,18,376,234
9,27,19,379,231
9,27,20,381,233
9,27,21,381,231
9,27,22,382,230
9,27,23,381,231
9,27,24,380,231
9,27,25,379,230
9,27,26,379,229
9,27,27,377,227
9,27,28,377,220
10,0,0,1697,1347
10,0,1,1696,1348
10,0,2,1696,1349
10,0,3,1698,1351
10,0,4,1699,1351
10,0,5,1700,1352
10,0,6,1701,1352
10,0,7,1702,1353
10,0,8,1704,1353
10,0,9,1705,1354
10,0,10,1707,1354
10,0,11,1708,1355
10,0,12,1709,1355
10,0,13,1712,1358
10,0,14,1712,1362
10,0,15,1711,1363
10,0,16,1711,1364
10,0,17,1710,1365
10,0,18,1710,1367
10,0,19,1709,1368
10,0,20,1709,1369
10,0,21,1708,1370
10,0,22,1708,1372
10,0,23,1707,1373
10,0,24,1707,1374
10,0,25,1706,1375
10,0,26,1706,1377
10,0,27,1705,1378
10,0,28,1705,1379
10,0,29,1706,1380
10,0,30,1708,1380
10,0,31,1709,1379
10,0,32,1709,1378
10,0,33,1710,1377
10,0,34,1710,1376
10,0,35,1711,1375
10,0,36,1711,1374
10,0,37,1712,1373
10,0,38,1712,1372
10,0,39,1713,1371
10,0,40,1713,1369
10,0,41,1714,1368
10,0,42,1714,1367
10,0,43,1715,1366
10,0,44,1715,1365
10,0,45,1716,1364
10,0,46,1716,1362
10,0,47,1717,1361
10,0,48,1717,1360
10,0,49,1718,1359
10,0,50,1718,1357
10,0,51,1715,1360
10,0,52,1714,1359
10,0,53,1714,1357
10,0,54,1713,1356
10,0,55,1713,1355
10,0,56,1715,1353
10,0,57,1715,1352
10,0,58,1711,1352
10,0,59,1710,1351
10,0,60,1709,1351
10,0,61,1708,1350
10,0,62,1706,1350
10,0,63,1705,1349
10,0,64,1704,1349
10,0,65,1703,1348
10,0,66,1701,1348
10,0,67,1700,1347
10,1,0,1705,1317
10,1,1,1706,1318
10,1,2,1706,1319
10,1,3,1708,1321
10,1,4,1707,1320
10,1,5,1708,1319
10,1,6,1709,1319
10,1,7,1707,1319
10,1,8,1705,1317
10,1,9,1703,1317
10,1,10,1702,1318
10,1,11,1698,1318
10,1,12,1700,1318
10,1,13,1701,1319
10,1,14,1700,1320
10,1,15,1700,1321
10,1,16,1699,1322
10,1,17,1698,1322
10,1,18,1697,1323
10,1,19,1701,1327
10,1,20,1702,1327
10,1,21,1703,1328
10,1,22,1702,1327
10,1,23,1702,1326
10,1,24,1701,1325
10,1,25,1705,1321
10,1,26,1704,1322
10,1,27,1703,1322
10,1,28,1702,1321
10,1,29,1702,1320
10,1,30,1701,1319
10,1,31,1703,1317
10,2,0,1782,1247
10,2,1,1782,1249
10,2,2,1781,1250
10,2,3,1781,1252
10,2,4,1779,1254
10,2,5,1778,1254
10,2,6,1779,1255
10,2,7,1781,1255
10,2,8,1782,1256
10,2,9,1782,1259
10,2,10,1781,1260
10,2,11,1781,1261
10,2,12,1780,1262
10,2,13,1780,1264
10,2,14,1782,1266
10,2,15,1783,1266
10,2,16,1782,1266
10,2,17,1780,1264
10,2,18,1780,1262
10,2,19,1782,1260
10,2,20,1782,1259
10,2,21,1785,1256
10,2,22,1785,1250
10,2,23,1787,1248
10,2,24,1788,1248
10,2,25,1783,1248
10,3,0,1957,1226
10,3,1,1957,1227
10,3,2,1956,1228
10,3,3,1956,1232
10,3,4,1955,1233
10,3,5,1955,1235
10,3,6,1954,1236
10,3,7,1954,1237
10,3,8,1953,1238
10,3,9,1954,1237
10,3,10,1959,1237
10,3,11,1960,1236
10,3,12,1961,1236
10,3,13,1963,1238
10,3,14,1965,1238
10,3,15,1966,1239
10,3,16,1966,1241
10,3,17,1967,1242
10,3,18,1966,1243
10,3,19,1965,1243
10,3,20,1965,1244
10,3,21,1963,1246
10,3,22,1963,1249
10,3,23,1967,1249
10,3,24,1969,1247
10,3,25,1969,1246
10,3,26,1970,1245
10,3,27,1969,1244
10,3,28,1969,1243
10,3,29,1968,1242
10,3,30,1968,1236
10,3,31,1967,1235
10,3,32,1965,1235
10,3,33,1961,1231
10,3,34,1961,1229
10,3,35,1958,1226
10,4,0,1944,1114
10,4,1,1940,1110
10,4,2,1937,1110
10,4,3,1936,1109
10,4,4,1936,1107
10,4,5,1935,1107
10,4,6,1935,1108
10,4,7,1934,1109
10,4,8,1934,1110
10,4,9,1933,1111
10,4,10,1933,1112
10,4,11,1932,1113
10,4,12,1932,1114
10,4,13,1931,1115
10,4,14,1931,1116
10,4,15,1929,1118
10,4,16,1917,1118
10,4,17,1916,1119
10,4,18,1916,1121
10,4,19,1917,1122
10,4,20,1924,1122
10,4,21,1926,1124
10,4,22,1927,1124
10,4,23,1928,1123
10,4,24,1927,1122
10,4,25,1929,1120
10,4,26,1931,1120
10,4,27,1932,1121
10,4,28,1934,1121
10,4,29,1935,1120
10,4,30,1938,1120
10,4,31,1939,1119
10,4,32,1940,1119
10,4,33,1944,1115
10,5,0,2095,1031
10,5,1,2086,1039
10,5,2,2077,1058
10,5,3,2061,1048
10,5,4,2067,1043
10,5,5,2065,1040
10,5,6,2061,1040
10,5,7,2053,1050
10,5,8,2054,1055
10,5,9,2061,1053
10,5,10,2072,1059
10,5,11,2075,1065
10,5,12,2058,1066
10,5,13,2055,1059
10,5,14,2052,1060
10,5,15,2052,1066
10,5,16,2063,1070
10,5,17,2069,1076
10,5,18,2069,1082
10,5,19,2041,1158
10,5,20,2028,1180
10,5,21,2014,1222
10,5,22,2015,1229
10,5,23,1997,1242
10,5,24,2005,1247
10,5,25,2005,1255
10,5,26,1980,1320
10,5,27,1976,1344
10,5,28,1966,1362
10,5,29,1966,1373
10,5,30,1958,1384
10,5,31,1958,1398
10,5,32,1940,1409
10,5,33,1948,1410
10,5,34,1952,1416
10,5,35,1935,1455
10,5,36,2095,1455
10,6,0,2046,1009
10,6,1,2046,1011
10,6,2,2045,1012
10,6,3,2045,1018
10,6,4,2046,1019
10,6,5,2046,1020
10,6,6,2047,1021
10,6,7,2047,1024
10,6,8,2044,1027
10,6,9,2044,1030
10,6,10,2046,1032
10,6,11,2056,1032
10,6,12,2057,1031
10,6,13,2058,1031
10,6,14,2059,1030
10,6,15,2060,1030
10,6,16,2060,1029
10,6,17,2061,1028
10,6,18,2061,1025
10,6,19,2058,1022
10,6,20,2053,1022
10,6,21,2050,1019
10,6,22,2050,1014
10,6,23,2049,1013
10,6,24,2049,1009
10,7,0,2094,997
10,7,1,2093,998
10,7,2,2093,1020
10,7,3,2095,1022
10,7,4,2095,997
10,8,0,404,969
10,8,1,404,971
10,8,2,401,974
10,8,3,401,975
10,8,4,400,976
10,8,5,400,978
10,8,6,403,981
10,8,7,403,984
10,8,8,402,985
10,8,9,403,986
10,8,10,403,988
10,8,11,404,989
10,8,12,404,995
10,8,13,405,995
10,8,14,406,994
10,8,15,406,992
10,8,16,407,991
10,8,17,407,987
10,8,18,408,986
10,8,19,408,984
10,8,20,407,983
10,8,21,407,982
10,8,22,408,981
10,8,23,408,976
10,8,24,407,975
10,8,25,407,973
10,8,26,406,972
10,8,27,406,971
10,9,0,713,919
10,9,1,713,923
10,9,2,712,924
10,9,3,712,926
10,9,4,711,927
10,9,5,711,930
10,9,6,710,931
10,9,7,710,933
10,9,8,709,934
10,9,9,709,935
10,9,10,708,936
10,9,11,709,937
10,9,12,709,938
10,9,13,711,940
10,9,14,711,942
10,9,15,712,943
10,9,16,712,944
10,9,17,716,940
10,9,18,717,940
10,9,19,718,939
10,9,20,716,937
10,9,21,716,934
10,9,22,717,933
10,9,23,717,927
10,9,24,718,926
10,9,25,718,921
10,9,26,717,922
10,9,27,717,923
10,9,28,716,924
10,9,29,716,931
10,9,30,715,932
10,9,31,715,933
10,9,32,714,934
10,9,33,714,935
10,9,34,712,937
10,9,35,711,936
10,9,36,711,935
10,9,37,712,934
10,9,38,712,928
10,9,39,713,927
10,9,40,713,926
10,9,41,714,925
10,9,42,714,921
10,9,43,713,920
10,10,0,719,898
10,10,1,719,900
10,10,2,718,901
10,10,3,718,904
10,10,4,717,905
10,10,5,717,908
10,10,6,716,909
10,10,7,716,911
10,10,8,715,912
10,10,9,715,914
10,10,10,718,911
10,10,11,719,912
10,10,12,719,913
10,10,13,720,914
10,10,14,720,916
10,10,15,720,914
10,10,16,721,913
10,10,17,721,910
10,10,18,722,909
10,10,19,722,904
10,10,20,723,903
10,10,21,723,901
10,10,22,724,900
10,10,23,723,900
10,10,24,721,902
10,10,25,720,902
10,10,26,719,901
10,11,0,723,870
10,11,1,722,871
10,11,2,722,873
10,11,3,723,874
10,11,4,724,874
10,11,5,726,876
10,11,6,726,877
10,11,7,727,878
10,11,8,727,880
10,11,9,726,881
10,11,10,726,891
10,11,11,727,892
10,11,12,727,874
10,11,13,728,873
10,11,14,728,872
10,11,15,729,871
10,11,16,725,871
10,11,17,724,870
10,12,0,701,825
10,12,1,701,826
10,12,2,702,827
10,12,3,702,829
10,12,4,703,830
10,12,5,703,831
10,12,6,706,834
10,12,7,706,835
10,12,8,709,838
10,12,9,709,841
10,12,10,710,842
10,12,11,710,843
10,12,12,712,845
10,12,13,715,845
10,12,14,715,844
10,12,15,716,843
10,12,16,716,842
10,12,17,715,841
10,12,18,715,840
10,12,19,714,839
10,12,20,713,839
10,12,21,710,836
10,12,22,710,835
10,12,23,709,834
10,12,24,709,832
10,12,25,708,831
10,12,26,708,830
10,12,27,705,827
10,12,28,704,827
10,12,29,702,825
10,13,0,331,230
10,13,1,331,232
10,13,2,332,233
10,13,3,335,233
10,13,4,339,237
10,13,5,339,239
10,13,6,341,241
10,13,7,342,241
10,13,8,343,242
10,13,9,346,242
10,13,10,347,243
10,13,11,348,243
10,13,12,350,245
10,13,13,351,245
10,13,14,351,244
10,13,15,352,243
10,13,16,354,243
10,13,17,358,239
10,13,18,357,238
10,13,19,357,237
10,13,20,353,233
10,13,21,354,234
10,13,22,354,236
10,13,23,351,239
10,13,24,350,239
10,13,25,347,236
10,13,26,347,235
10,13,27,346,234
10,13,28,346,228
10,13,29,346,229
10,13,30,344,231
10,13,31,342,231
10,13,32,338,227
10,13,33,337,228
10,13,34,337,229
10,13,35,336,230
11,0,0,218,1239
11,0,1,207,1229
11,0,2,196,1228
11,0,3,192,1224
11,0,4,165,1224
11,0,5,158,1221
11,0,6,149,1225
11,0,7,130,1228
11,0,8,123,1227
11,0,9,117,1231
11,0,10,75,1242
11,0,11,0,1272
11,0,12,0,1281
11,0,13,4,1283
11,0,14,4,1285
11,0,15,0,1287
11,0,16,0,1333
11,0,17,9,1336
11,0,18,7,1340
11,0,19,0,1342
11,0,20,0,1353
11,0,21,5,1357
11,0,22,4,1362
11,0,23,0,1364
11,0,24,0,1374
11,0,25,27,1372
11,0,26,44,1364
11,0,27,54,1364
11,0,28,88,1353
11,0,29,136,1334
11,0,30,173,1315
11,0,31,203,1294
11,0,32,218,1277
11,0,33,222,1266
11,0,34,212,1261
11,0,35,214,1257
11,0,36,219,1256
11,0,37,223,1251
11,1,0,533,1028
11,1,1,528,1023
11,1,2,519,1022
11,1,3,503,1031
11,1,4,493,1042
11,1,5,479,1053
11,1,6,456,1064
11,1,7,434,1070
11,1,8,431,1075
11,1,9,433,1078
11,1,10,439,1080
11,1,11,439,1084
11,1,12,429,1091
11,1,13,423,1087
11,1,14,425,1079
11,1,15,416,1075
11,1,16,412,1078
11,1,17,407,1087
11,1,18,395,1086
11,1,19,389,1097
11,1,20,383,1095
11,1,21,381,1097
11,1,22,382,1102
11,1,23,380,1105
11,1,24,372,1103
11,1,25,363,1104
11,1,26,349,1111
11,1,27,340,1119
11,1,28,333,1129
11,1,29,333,1144
11,1,30,338,1155
11,1,31,343,1156
11,1,32,349,1162
11,1,33,360,1168
11,1,34,367,1167
11,1,35,373,1159
11,1,36,380,1161
11,1,37,400,1140
11,1,38,405,1139
11,1,39,416,1129
11,1,40,440,1115
11,1,41,446,1106
11,1,42,453,1105
11,1,43,459,1108
11,1,44,463,1103
11,1,45,464,1097
11,1,46,470,1090
11,1,47,474,1092
11,1,48,471,1097
11,1,49,472,1101
11,1,50,477,1101
11,1,51,483,1098
11,1,52,519,1067
11,1,53,523,1060
11,1,54,523,1056
11,1,55,528,1052
11,1,56,531,1046
11,1,57,534,1033
11,2,0,2095,966
11,2,1,2027,928
11,2,2,1991,924
11,2,3,1982,928
11,2,4,1983,937
11,2,5,1970,933
11,2,6,1963,939
11,2,7,1965,952
11,2,8,1954,943
11,2,9,1936,960
11,2,10,1887,1042
11,2,11,1853,1080
11,2,12,1811,1098
11,2,13,1714,1108
11,2,14,1600,1176
11,2,15,1597,1190
11,2,16,1585,1182
11,2,17,1529,1208
11,2,18,1424,1283
11,2,19,1423,1296
11,2,20,1405,1297
11,2,21,1217,1455
11,2,22,1290,1454
11,2,23,1420,1357
11,2,24,1422,1344
11,2,25,1424,1354
11,2,26,1550,1269
11,2,27,1570,1264
11,2,28,1606,1235
11,2,29,1606,1227
11,2,30,1628,1226
11,2,31,1710,1167
11,2,32,1706,1155
11,2,33,1724,1161
11,2,34,1728,1147
11,2,35,1734,1154
11,2,36,1745,1146
11,2,37,1759,1122
11,2,38,1766,1130
11,2,39,1805,1126
11,2,40,1865,1103
11,2,41,1932,1027
11,2,42,1930,1020
11,2,43,1963,1004
11,2,44,2002,963
11,2,45,2020,961
11,2,46,2088,990
11,2,47,2095,985
11,3,0,718,877
11,3,1,714,877
11,3,2,712,879
11,3,3,705,882
11,3,4,700,886
11,3,5,697,887
11,3,6,691,892
11,3,7,684,896
11,3,8,675,905
11,3,9,667,910
11,3,10,665,912
11,3,11,663,923
11,3,12,660,926
11,3,13,658,926
11,3,14,656,924
11,3,15,652,925
11,3,16,644,933
11,3,17,638,941
11,3,18,634,948
11,3,19,634,955
11,3,20,635,957
11,3,21,642,963
11,3,22,643,962
11,3,23,647,962
11,3,24,648,961
11,3,25,650,961
11,3,26,651,962
11,3,27,659,962
11,3,28,661,959
11,3,29,659,954
11,3,30,661,952
11,3,31,663,952
11,3,32,665,954
11,3,33,665,957
11,3,34,669,960
11,3,35,671,959
11,3,36,673,960
11,3,37,674,959
11,3,38,677,959
11,3,39,678,958
11,3,40,686,956
11,3,41,689,954
11,3,42,692,954
11,3,43,702,950
11,3,44,706,946
11,3,45,704,942
11,3,46,704,939
11,3,47,709,933
11,3,48,710,927
11,3,49,712,923
11,3,50,713,915
11,3,51,716,908
11,3,52,717,901
11,3,53,720,895
11,3,54,721,882
11,3,55,720,881
11,3,56,720,879
11,4,0,751,864
11,4,1,747,864
11,4,2,744,867
11,4,3,740,867
11,4,4,739,868
11,4,5,737,868
11,4,6,736,869
11,4,7,733,869
11,4,8,732,870
11,4,9,731,870
11,4,10,728,874
11,4,11,728,892
11,4,12,727,893
11,4,13,727,895
11,4,14,725,898
11,4,15,725,900
11,4,16,724,901
11,4,17,724,903
11,4,18,723,904
11,4,19,723,909
11,4,20,722,910
11,4,21,722,913
11,4,22,721,914
11,4,23,721,916
11,4,24,720,917
11,4,25,720,919
11,4,26,719,920
11,4,27,719,926
11,4,28,718,927
11,4,29,718,933
11,4,30,717,934
11,4,31,717,937
11,4,32,719,939
11,4,33,721,939
11,4,34,722,938
11,4,35,723,938
11,4,36,725,936
11,4,37,726,936
11,4,38,728,934
11,4,39,729,934
11,4,40,732,931
11,4,41,733,931
11,4,42,736,928
11,4,43,737,928
11,4,44,744,921
11,4,45,745,918
11,4,46,748,915
11,4,47,751,914
11,4,48,751,913
11,4,49,757,907
11,4,50,757,906
11,4,51,763,898
11,4,52,763,897
11,4,53,766,892
11,4,54,766,890
11,4,55,767,889
11,4,56,767,884
11,4,57,766,883
11,4,58,766,875
11,4,59,765,874
11,4,60,764,874
11,4,61,757,867
11,4,62,755,867
11,5,0,1390,469
11,5,1,1385,466
11,5,2,1363,474
11,5,3,1303,507
11,5,4,1281,522
11,5,5,1275,536
11,5,6,1267,530
11,5,7,1162,603
11,5,8,1119,629
11,5,9,1067,652
11,5,10,1058,651
11,5,11,1025,663
11,5,12,1019,675
11,5,13,1010,673
11,5,14,984,700
11,5,15,990,709
11,5,16,976,714
11,5,17,972,731
11,5,18,980,748
11,5,19,996,757
11,5,20,1016,761
11,5,21,1028,752
11,5,22,1039,755
11,5,23,1056,748
11,5,24,1082,732
11,5,25,1132,691
11,5,26,1139,679
11,5,27,1149,677
11,5,28,1250,593
11,5,29,1255,585
11,5,30,1264,582
11,5,31,1292,560
11,5,32,1301,548
11,5,33,1309,547
11,5,34,1373,494
11,5,35,1391,476
12,0,0,870,1297
12,0,1,869,1298
12,0,2,868,1298
12,0,3,867,1299
12,0,4,862,1299
12,0,5,861,1298
12,0,6,857,1298
12,0,7,856,1299
12,0,8,851,1299
12,0,9,850,1298
12,0,10,849,1299
12,0,11,849,1301
12,0,12,850,1302
12,0,13,854,1302
12,0,14,855,1303
12,0,15,856,1303
12,0,16,857,1304
12,0,17,860,1304
12,0,18,861,1303
12,0,19,862,1303
12,0,20,865,1300
12,0,21,866,1301
12,0,22,867,1300
12,0,23,870,1300
12,1,0,1710,1183
12,1,1,1704,1177
12,1,2,1697,1178
12,1,3,1632,1219
12,1,4,1627,1229
12,1,5,1613,1230
12,1,6,1574,1256
12,1,7,1570,1265
12,1,8,1562,1263
12,1,9,1526,1285
12,1,10,1399,1372
12,1,11,1293,1450
12,1,12,1291,1455
12,1,13,1606,1455
12,1,14,1609,1439
12,1,15,1630,1390
12,1,16,1631,1379
12,1,17,1635,1378
12,1,18,1640,1355
12,1,19,1646,1348
12,1,20,1668,1293
12,1,21,1669,1284
12,1,22,1671,1286
13,0,0,1983,985
13,0,1,1967,996
13,0,2,1961,1010
13,0,3,1955,1009
13,0,4,1944,1016
13,0,5,1940,1025
13,0,6,1925,1029
13,0,7,1926,1038
13,0,8,1865,1104
13,0,9,1833,1120
13,0,10,1788,1128
13,0,11,1784,1135
13,0,12,1773,1130
13,0,13,1758,1133
13,0,14,1724,1162
13,0,15,1730,1165
13,0,16,1726,1171
13,0,17,1715,1173
13,0,18,1641,1355
13,0,19,1607,1455
13,0,20,1621,1455
13,0,21,1626,1449
13,0,22,1630,1455
13,0,23,1806,1455
13,0,24,1851,1329
13,0,25,1849,1321
13,0,26,1857,1313
13,0,27,1926,1125
13,0,28,1915,1119
13,0,29,1930,1116
13,0,30,1940,1091
13,0,31,1938,1078
13,0,32,1946,1074
13,1,0,0,889
13,1,1,0,919
13,1,2,3,919
13,1,3,4,918
13,1,4,2,916
13,1,5,3,915
13,1,6,3,910
13,1,7,4,909
13,1,8,4,892
13,1,9,3,891
13,1,10,3,890
13,1,11,2,890
13,1,12,1,889
13,2,0,386,226
13,2,1,386,227
13,2,2,385,228
13,2,3,384,228
13,2,4,383,229
13,2,5,383,230
13,2,6,382,231
13,2,7,382,234
13,2,8,383,235
13,2,9,383,236
13,2,10,385,238
13,2,11,386,238
13,2,12,387,239
13,2,13,388,239
13,2,14,390,241
13,2,15,390,242
13,2,16,391,243
13,2,17,391,244
13,2,18,390,245
13,2,19,390,246
13,2,20,391,247
13,2,21,392,247
13,2,22,393,246
13,2,23,393,244
13,2,24,392,243
13,2,25,393,242
13,2,26,393,240
13,2,27,392,239
13,2,28,392,237
13,2,29,391,236
13,2,30,391,234
13,2,31,390,233
13,2,32,390,232
13,2,33,391,231
13,2,34,392,231
13,2,35,392,229
13,2,36,390,229
13,2,37,388,227
13,2,38,388,226
13,3,0,354,223
13,3,1,353,224
13,3,2,353,226
13,3,3,352,227
13,3,4,352,230
13,3,5,353,231
13,3,6,353,232
13,3,7,358,237
13,3,8,358,238
13,3,9,359,239
13,3,10,354,244
13,3,11,352,244
13,3,12,352,246
13,3,13,353,247
13,3,14,354,247
13,3,15,355,248
13,3,16,357,248
13,3,17,360,245
13,3,18,360,243
13,3,19,361,242
13,3,20,362,242
13,3,21,363,241
13,3,22,362,240
13,3,23,362,237
13,3,24,360,235
13,3,25,360,232
13,3,26,359,231
13,3,27,359,226
13,3,28,357,224
13,3,29,357,223
13,4,0,304,223
13,4,1,304,226
13,4,2,306,226
13,4,3,307,227
13,4,4,307,229
13,4,5,303,233
13,4,6,302,233
13,4,7,302,236
13,4,8,303,236
13,4,9,304,235
13,4,10,305,236
13,4,11,306,236
13,4,12,308,238
13,4,13,308,244
13,4,14,310,244
13,4,15,311,243
13,4,16,313,243
13,4,17,313,239
13,4,18,311,237
13,4,19,309,237
13,4,20,308,236
13,4,21,309,235
13,4,22,309,234
13,4,23,310,233
13,4,24,311,233
13,4,25,312,232
13,4,26,311,231
13,4,27,311,229
13,4,28,310,228
13,4,29,308,228
13,4,30,307,227
13,4,31,307,226
13,4,32,306,225
13,4,33,307,224
13,4,34,305,224
